epoch,lr,lambda_mid,ce,domain,phcl,pl,proxy_reg,total,dpas_cos,gamma_diff,logits_diff
1,5.9999999999999995e-05,1.0,2.573435566212871,1.0985116521910865,0.08860286073943618,0.0,0.00028683606588217147,2.727588398621814,0.9967318997524752,0.0,0.05863303005105198
2,0.00011999999999999999,1.0,2.518354812470993,1.0800940896024798,0.013778185388903217,0.0,0.0002979534268402264,2.633253569650178,0.9887598623143564,0.0,0.11696964679378094
3,0.00017999999999999998,1.0,2.263659184521968,1.0761653072763198,0.04413651768579194,0.0,0.00032630613065638236,2.393344257137563,0.9463422416460396,0.0,0.35505419438428215
4,0.00023999999999999998,1.0,2.0595749203521425,1.0566772122194272,0.06430163417970484,0.0,0.00034491739715311197,2.197393762003077,0.8995494275990099,0.0,0.5940038095606436
5,0.0003,1.0,1.9795396587636211,1.058193845914142,0.1489206671272174,0.0,0.00022664539646218983,2.1598197127332783,0.835470973855198,0.0,0.658558458384901
6,0.0002999998330339906,1.0,1.7368942747021665,1.0058499438927906,0.1278280527838091,0.0,0.0001962084785947521,1.9013935776040105,0.6998593169863861,0.0,0.8786040957611386
7,0.00029999933213633776,1.0,1.6629362177140643,1.009101135895984,0.16931828178723554,0.0,0.00013175808293237765,1.848505701168929,0.7128604095761139,7.368786500232055e-05,0.9707804764851485
8,0.000299998497308168,1.0,1.5296640856431263,1.000731354892844,0.1766637338067193,0.0,8.752271976773766e-05,1.7180692370575252,0.7712571550123762,0.0009669785452361154,1.0802473313737624
9,0.0002999973285513585,1.0,1.350303004283716,0.9732576230965039,0.1471571654892794,0.0,8.985332101249219e-05,1.521207599356623,0.7076878311610458,0.002125617301109994,1.2710347694925743
10,0.0002999958258685375,1.0,1.3416442528809651,0.9703328237675204,0.14017349933412407,0.0,0.00010013976681857637,1.5087644286675028,0.7704183748452971,0.0034728663982731283,1.2786200495049505
11,0.000299993989263084,1.0,1.331108548853657,0.9603388935032457,0.13131486282379615,0.0,0.00011155978924338936,1.4928000545737767,0.7555741413985149,0.00683414345920676,1.3435324489480198
12,0.0002999918187391281,1.0,1.2532024082570974,0.9410528776669266,0.11607955420150025,0.0,0.00012236581046231053,1.4053478789801646,0.7713127513923267,0.009703154611115409,1.3739654238861385
13,0.00029998931430155046,1.0,1.2090964984185626,0.9267656319212205,0.1107113900972475,0.0,0.0001408210553581559,1.3571293058961924,0.7167436958539604,0.01814659043113784,1.4471689356435644
14,0.00029998647595598304,1.0,1.186423145898498,0.885755191935171,0.12328052886365222,0.0,0.00015479412637558758,1.3366397884812686,0.7116940942141089,0.04201046783145111,1.474232286509901
15,0.00029998330370880824,1.0,1.1129442890091699,0.8850096092365756,0.09171381874913627,0.0,0.0001761914614996052,1.2473026649786694,0.7641287322091584,0.09523765639503404,1.4933139310024752
16,0.00029997979756715964,1.0,1.079318938869061,0.8316791990015766,0.09293425614521424,0.0,0.00017711207645802326,1.208954704279947,0.7057863745358911,0.1588597061610458,1.5894279857673268
17,0.0002999759575389214,1.0,1.0551801884528433,0.8240111122036925,0.08912642084472434,0.0,0.00018250055946548017,1.18214480003508,0.7036688776299505,0.1639955728360922,1.61878770884901
18,0.00029997178363272864,1.0,1.0357479128507103,0.7932316513344793,0.07625693139633957,0.0,0.0001778630689616398,1.1531999789842284,0.7067121751237624,0.17259654432240099,1.6261892790841583
19,0.0002999672758579672,1.0,1.006360098276988,0.7715553313788801,0.05811374479591256,0.0,0.00019000724432321431,1.1125727738484297,0.7116771735767327,0.17379080895150062,1.6638352800123761
20,0.0002999624342247738,1.0,0.9355749552792841,0.7411588999894586,0.056789501782248515,0.0,0.0001901392287535519,1.0380858194710005,0.774723468440594,0.15531891171294865,1.6405863242574257
21,0.00029995725874403564,1.0,0.9550798222570136,0.7222787894234799,0.04914494626694313,0.0,0.00017843988901557455,1.0518803502073382,0.7769279857673267,0.16036518965617264,1.6328995204207921
22,0.00029995174942739104,1.0,0.9091212076715903,0.7056537370870609,0.05268981044023934,0.0,0.00017592335427594878,1.0060316595700707,0.7453057317450495,0.1403690753596844,1.7080851639851484
23,0.00029994590628722867,1.0,0.8674963786460386,0.7156057009602538,0.049567145765712944,0.0,0.00015856938780686532,0.9638406911698898,0.7613875889542079,0.11743118739364171,1.678420869430693
24,0.000299939729336688,1.0,0.839035178175067,0.688103988028989,0.05282157754737626,0.0,0.00016160275787691411,0.9342565265032324,0.7285011215965347,0.12303478883044554,1.75306505259901
25,0.00029993321858965923,1.0,0.84070488663003,0.6611974805888563,0.039148772891500205,0.0,0.00014772285052602833,0.9263991565987615,0.6964631033415841,0.13651177434637995,1.796986192759901
26,0.000299926374060783,1.0,0.7642573858841811,0.6325606205085716,0.04620032579094024,0.0,0.0001344828669611125,0.8506137350998303,0.7369541885829208,0.12569102674427599,1.7876701732673268
27,0.0002999191957654506,1.0,0.7545207066111045,0.6643575311887382,0.04055698461240471,0.0,0.0001271697333097541,0.841235078797482,0.7152740176361386,0.12069928764116646,1.8612797803217822
28,0.00029991168371980395,1.0,0.7404054609855802,0.5814428763224346,0.03759008304949039,0.0,0.00013098885601450975,0.8173449142734603,0.6857571743502475,0.13704084641862624,1.8996847926980198
29,0.00029990383794073526,1.0,0.6913044393652736,0.6074632491805766,0.03597231230947493,0.0,0.00010978517511290139,0.770037036721069,0.6409440748762376,0.1533434272992729,1.9677879409034653
30,0.0002998956584458875,1.0,0.6725999016572933,0.5967180472199279,0.03377909413400558,0.0,8.981859963848302e-05,0.7491613446485879,0.6780510326423267,0.15001142143022897,1.928648089418317
31,0.0002998871452536538,1.0,0.6582110506473201,0.6036143119972531,0.03404892067249754,0.0,7.705333059720492e-05,0.7355970046897926,0.7174543626237624,0.14356616936107675,1.9131246132425743
32,0.00029987829838317776,1.0,0.6447734676375247,0.5441313152856165,0.0359252309242245,0.0,7.612169342747161e-05,0.7171492827410745,0.6642123685024752,0.14487359075262995,2.0239644569925743
33,0.0002998691178543534,1.0,0.6361205521786567,0.5542630539967281,0.038534117807256116,0.0,6.847458496507682e-05,0.7108139894386329,0.6955735612623762,0.11291911814472463,2.0451539294554455
34,0.00029985960368782497,1.0,0.5923045014980997,0.5293770050353342,0.029909533845020993,0.0,5.8250933194574485e-05,0.6601970287242739,0.6914038327660891,0.12306334240601795,2.032535968440594
35,0.00029984975590498697,1.0,0.5594554460874879,0.5460833774344755,0.03739541200552099,0.0,6.343462929621772e-05,0.632761551011907,0.6881236463490099,0.12602113025023207,2.132077660891089
36,0.00029983957452798415,1.0,0.5859730248108949,0.5683801442679792,0.038448088161536664,0.0,6.580282339686758e-05,0.6620351442015997,0.6839273282797029,0.16116514300355816,2.1024617110148514
37,0.0002998290595797112,1.0,0.5946875099498447,0.5177298803435694,0.03396680801968542,0.0,6.339325290634343e-05,0.6634439625362358,0.6548552560334159,0.15755379554068688,2.1919767172029703
38,0.0002998182110838134,1.0,0.5810121976503051,0.5127400065412616,0.03206546313940815,0.0,6.931005767604226e-05,0.6483189923928516,0.6385824373452971,0.14680148587368502,2.1273108756188117
39,0.0002998070290646855,1.0,0.580423373397034,0.5325948064870173,0.030424571161545667,0.0,6.288359285877455e-05,0.6488952040672302,0.6605067489170792,0.15562877088490099,2.1559019183168315
40,0.00029979551354747267,1.0,0.5219626127198191,0.5295397931396371,0.033733156850875017,0.0,5.714554133038913e-05,0.5917832326180864,0.6188130898050742,0.1576982252668626,2.2144086478960396
41,0.00029978366455806973,1.0,0.5708838990419218,0.5227978228047343,0.032193770161875995,0.0,4.919960467827202e-05,0.6392606243048564,0.6949305770420792,0.11032376431002475,2.122930847772277
42,0.0002997714821231216,1.0,0.5346331248188964,0.5409872354847369,0.03184360553427498,0.0,4.502851530416214e-05,0.6046537090056013,0.667580783957302,0.11992033401338181,2.14927869740099
43,0.00029975896627002294,1.0,0.550837770547017,0.5242864641517696,0.02846951242351886,0.0,4.063970046256217e-05,0.6175012216709628,0.6952714070235149,0.15115613276415532,2.077196782178218
44,0.0002997461170269181,1.0,0.5038444090007556,0.5093966666424629,0.029032337043024048,0.0,3.188602741010081e-05,0.5693002874308294,0.652810276144802,0.14761231677366957,2.1486115408415842
45,0.00029973293442270114,1.0,0.4892274184097158,0.5132937717555773,0.031010432344040658,0.0,2.8598282766000525e-05,0.5560620347462079,0.6797890238242574,0.13881041271851793,2.201258895420792
46,0.00029971941848701587,1.0,0.5114772439298063,0.5270188651462593,0.031164262121045352,0.0,2.5096242349925635e-05,0.5797612746753315,0.6729965965346535,0.1319777989151454,2.1398804919554455
47,0.0002997055692502556,1.0,0.5021627685516188,0.5235481732847667,0.030940125880781377,0.0,2.3135022004653634e-05,0.5699876591120616,0.6162051965694616,0.15174200983330755,2.221931079826733
48,0.00029969138674356305,1.0,0.5040951592497306,0.5119698876791662,0.02945604059144412,0.0,2.086761846705017e-05,0.5700201774292654,0.6553266166460396,0.16169512153852103,2.196753171410891
49,0.00029967687099883043,1.0,0.4533660358721667,0.49767367910630633,0.027029168786305825,0.0,2.083964476930692e-05,0.516648002190165,0.6578852587407178,0.15500723961556312,2.212735922029703
50,0.0002996620220486993,1.0,0.47513230277760193,0.5092619722432429,0.029155956673445088,0.0,2.029552097786172e-05,0.5406364907722662,0.6245733582147277,0.13588767476601177,2.2602200649752477
51,0.0002996468399265606,1.0,0.4617377826482943,0.5087045956366133,0.028231388340602712,0.0,2.2434250915988974e-05,0.5267239527242018,0.6138650119894802,0.13475656037283415,2.3160388304455446
52,0.00029963132466655424,1.0,0.4880701296105243,0.5275810068786735,0.027764655836387583,0.0,1.9705946044160726e-05,0.5547105702433256,0.5946679445776609,0.15084325204981436,2.3115234375
53,0.00029961547630356943,1.0,0.5057924432624684,0.4877176538552388,0.025211271426483692,0.0,2.029285795936513e-05,0.5671698603004512,0.6712271813118812,0.10672404978534963,2.174611308787129
54,0.0002995992948732445,1.0,0.4130474255226626,0.4867950996550003,0.029475438316343444,0.0,1.5121226737176018e-05,0.4764646625164712,0.612237004950495,0.1284750759011448,2.345548422029703
55,0.0002995827804119665,1.0,0.4841681820626306,0.5638776740225235,0.02511074556738581,0.0,1.3340895964232698e-05,0.5531113234781982,0.6647514116646039,0.12363637792001857,2.2349454672029703
56,0.00029956593295687154,1.0,0.407781145839703,0.5102983010877477,0.02546394703042979,0.0,1.0769950190794165e-05,0.4715429511990878,0.6571455851639851,0.12284246765741028,2.25265895730198
57,0.00029954875254584455,1.0,0.4332391510505487,0.5164317463589186,0.025504590233437496,0.0,9.675966136662939e-06,0.4976346244906435,0.6039410581683168,0.13592363112043626,2.2317837252475248
58,0.0002995312392175191,1.0,0.43695419480895054,0.5295678079128265,0.02940521270640674,0.0,5.883321965385302e-06,0.5046135817128833,0.6157673750773515,0.12318057825069616,2.2748394956683167
59,0.00029951339301127733,1.0,0.3912438524536567,0.5052604597098757,0.026928401955560146,0.0,8.53821953875589e-06,0.455234099585231,0.6694432626856436,0.10465625725170173,2.223168703589109
60,0.0002994952139672502,1.0,0.4109401362072123,0.5181686985905808,0.023915895242428424,0.0,8.095664419094043e-06,0.4747149529728559,0.6770067875928217,0.1147003173828125,2.236714882425743
61,0.0002994767021263168,1.0,0.42083758927217807,0.598890338498767,0.03036890725725063,0.0,5.995293887812439e-06,0.49591107459941713,0.6991873259591584,0.10293216516475866,2.2579768719059405
62,0.00029945785753010475,1.0,0.39995737329568015,0.550936045770598,0.02773914732140406,0.0,4.948456917911316e-06,0.4689205524945023,0.646042021194307,0.11705727152305075,2.3844175433168315
63,0.0002994386802209899,1.0,0.38716048540750353,0.5596071567275737,0.02705009364163374,0.0,4.07202775373788e-06,0.45664624633765455,0.6131344030399134,0.12290652435604889,2.403900448638614
64,0.00029941917024209623,1.0,0.3677350323979217,0.564054019380324,0.02512530949298698,0.0,3.1102418465662134e-06,0.4367030954892092,0.623459013381807,0.10578858026183478,2.3700398360148514
65,0.000299399327637296,1.0,0.37347096544091063,0.5796173988002362,0.02780390017214093,0.0,2.408240453391332e-07,0.44533465743655026,0.6432259436881188,0.08422050853767017,2.3548402691831685
66,0.00029937915245120905,1.0,0.3576576300334222,0.5335437147924216,0.02654069048666054,0.0,2.0012600327874814e-08,0.4242823483920333,0.5869315874458539,0.1202462073599938,2.4840946008663365
67,0.0002993586447292035,1.0,0.3920027590771713,0.5735038982169463,0.027322284167282062,0.0,1.301369877124285e-08,0.4630142909170377,0.6604535697710396,0.11097928793123453,2.352210318688119
68,0.00029933780451739503,1.0,0.35275707478718005,0.5558588206768036,0.02863286283918389,0.0,1.766502855915728e-09,0.4226593893058229,0.6389217565555384,0.08868861434483293,2.378055383663366
69,0.000299316631862647,1.0,0.36542280342909367,0.5348201653744915,0.02796570981142692,0.0,4.2430515705058754e-09,0.4328876780991507,0.6315120281559405,0.1051921277943224,2.395111386138614
70,0.0002992951268125704,1.0,0.37072208383590866,0.5726953623908582,0.02563364205808185,0.0,0.0,0.4408084394613115,0.7091511641398515,0.09579331804030013,2.2691928372524752
71,0.00029927328941552363,1.0,0.36093712775128906,0.5403730482748239,0.02500020101779408,0.0,0.0,0.4274745348951604,0.6441487227336015,0.08367300505685334,2.326945389851485
72,0.0002992511197206125,1.0,0.339551618267404,0.5563198649647212,0.02597496491202181,0.0,0.0,0.40817108883125947,0.6980621035736386,0.0983010471457302,2.3400177908415842
73,0.00029922861777768997,1.0,0.3233734687956253,0.5433142624869205,0.025008279041820528,0.0,0.0,0.3902090362983175,0.6168901802289604,0.1120718776589573,2.467241646039604
74,0.00029920578363735616,1.0,0.3496948635519141,0.5809483764195206,0.024948681575605775,0.0,0.0,0.4202640459384068,0.5735470611270111,0.11946211711014851,2.547919245049505
75,0.0002991826173509582,1.0,0.3261107899764977,0.5959271726631882,0.029487862320856588,0.0,0.0,0.4004474385540084,0.6147318925007735,0.11312322333307549,2.5429107363861387
76,0.0002991591189705902,1.0,0.33060774693984796,0.581563809425524,0.028449536024565153,0.0,0.0,0.4029888969541776,0.626565158957302,0.11767366617032797,2.55677599009901
77,0.00029913528854909295,1.0,0.30544572522734653,0.5488374472254574,0.02476458151658794,0.0,0.0,0.3727117605728678,0.5836302502320545,0.14192532076693998,2.529625618811881
78,0.00029911112614005393,1.0,0.30006437328192265,0.5740767560973026,0.02595859767389622,0.0,0.0,0.37045134633484456,0.6300338896194307,0.10338161959506498,2.5314240408415842
79,0.00029908663179780705,1.0,0.3169449469683194,0.591459993973817,0.02602871887312077,0.0,0.0,0.38910530684608047,0.6388797571163366,0.12033594716893564,2.533783261138614
80,0.00029906180557743293,1.0,0.29445737345826506,0.5622654813941163,0.023658580494823285,0.0,0.0,0.36251321449728297,0.5918622536234336,0.11940365026492884,2.574035040222772
81,0.0002990366475347582,1.0,0.3178388595876127,0.5614595991550105,0.028184743699534696,0.0,0.0,0.38807719503298843,0.5803814878558168,0.12592202365988553,2.7186919863861387
82,0.0002990111577263558,1.0,0.32479327238432254,0.5410535320787146,0.025959465290779377,0.0,0.0,0.3918783601262782,0.6233200224319307,0.10249268182433478,2.4909208694306932
83,0.0002989853362095446,1.0,0.2980017371770769,0.5972638646564862,0.025864216459841275,0.0,0.0,0.3706602314026049,0.6555840520575495,0.11642863962909963,2.471099551361386
84,0.00029895918304238963,1.0,0.3069051884778655,0.5578816810456833,0.02646497133220223,0.0,0.0,0.375925843594688,0.6577511022586634,0.10035101257928528,2.431950030940594
85,0.00029893269828370133,1.0,0.299522068240855,0.5821383654481114,0.026534989465830276,0.0,0.0,0.37100339865330423,0.6178752030476485,0.08669862652769184,2.574102722772277
86,0.00029890588199303603,1.0,0.2609334945826247,0.58294679032694,0.023032913463983205,0.0,0.0,0.3307446318097634,0.6214007387066832,0.09144275023205446,2.6400738706683167
87,0.0002988787342306957,1.0,0.2867336909074594,0.5721108367537507,0.026250586743549544,0.0,0.0,0.357070067878997,0.646286161819307,0.10567859611888923,2.6198851330445545
88,0.0002988512550577273,1.0,0.2991253644375518,0.5811348837791103,0.026725191415499637,0.0,0.0,0.3706014508953189,0.6125580815985652,0.12000191565787438,2.6065420018564356
89,0.00029882344453592335,1.0,0.24891858201215764,0.6261706045358488,0.025982233040993757,0.0,0.0,0.32452675995260183,0.6738257077660891,0.10246125778349319,2.5009475556930694
90,0.00029879530272782146,1.0,0.27073770127083996,0.596476225127088,0.02524069981133141,0.0,0.0,0.34300567482662675,0.6143024180195119,0.12202740659808169,2.6122950185643563
91,0.00029876682969670403,1.0,0.2852514684937968,0.5891377608669867,0.023854637560019695,0.0,0.0,0.35609256483540674,0.604065734561127,0.1258795709893255,2.5943107982673266
92,0.0002987380255065984,1.0,0.2438438915380157,0.6270852614157271,0.022393270036076555,0.0,0.0,0.3177490547151849,0.5567921931200689,0.12910884441715656,2.5287264077970297
93,0.0002987088902222766,1.0,0.27463289671162566,0.6197601707264928,0.02453048167621145,0.0,0.0,0.3488741548787249,0.579722791615099,0.10482365070003094,2.7640876392326734
94,0.00029867942390925513,1.0,0.28747388499208015,0.6042574322459722,0.023447607081420352,0.0,0.0,0.3596234323069601,0.6633880917388614,0.10744831349590037,2.5163888459158414
95,0.00029864962663379494,1.0,0.2572094371339472,0.5797590631069524,0.023327505135318578,0.0,0.0,0.3268490975150968,0.607750656581161,0.10449853273901609,2.6011273978960396
96,0.0002986194984629011,1.0,0.2467121101620764,0.5729053268338195,0.026150258530005074,0.0,0.0,0.31707777230456324,0.6496113692179765,0.10805111120242884,2.662370436262376
97,0.00029858903946432285,1.0,0.21857716025102256,0.5873400793217196,0.0245731675439505,0.0,0.0,0.2895977542099386,0.5668615208994044,0.10789625715501237,2.7942450495049505
98,0.00029855824970655343,1.0,0.21643599805117833,0.5853026544693674,0.02305323836200013,0.0,0.0,0.2864928828312619,0.5922694819988591,0.11669936982711943,2.7742496905940595
99,0.00029852712925882975,1.0,0.24969631212182564,0.6006686297973783,0.026522961886032568,0.0,0.0,0.32302465968497907,0.6011743073416228,0.10917920405321782,2.747669786509901
100,0.00029849567819113234,1.0,0.2465944938582949,0.6223951005699611,0.029142574928147664,0.0,0.0,0.32340529111057226,0.6200208758363629,0.09268596384784963,2.694316599628713
101,0.00029846389657418523,1.0,0.21792774699111978,0.60026485495048,0.024101380867385627,0.0,0.0,0.2900049238659368,0.6190300365485767,0.11480410736386139,2.6991897431930694
102,0.00029843178447945583,1.0,0.2535248106659049,0.6409491341893035,0.02537060939789851,0.0,0.0,0.3303050309567168,0.562268625391592,0.13652718421256188,3.038811107673267
103,0.00029839934197915455,1.0,0.22584449872374535,0.6160592315810742,0.026707419461690553,0.0,0.0,0.30080413279852064,0.508471422856397,0.11560270101717203,2.9983272741336635
104,0.0002983665691462349,1.0,0.23100571596238872,0.5899501209801966,0.024828501216292678,0.0,0.0,0.30241498019140545,0.5538777101157916,0.1298134681021813,3.0343537283415842
105,0.0002983334660543931,1.0,0.21549770154870382,0.6154159213056659,0.024870454568858488,0.0,0.0,0.289474521901938,0.5200897821105352,0.1216716199818224,3.053111463490099
106,0.0002983000327780682,1.0,0.19288415974467107,0.6097666500228467,0.029652194760850455,0.0,0.0,0.2686869215847242,0.5939555593056254,0.09590481295443998,2.890296256188119
107,0.0002982662693924415,1.0,0.21938353470794045,0.6371655812357911,0.025440192331864248,0.0,0.0,0.2958201926828611,0.49141353191715653,0.11040020933245669,3.0379215655940595
108,0.0002982321759734369,1.0,0.2127071742964263,0.6018367412656841,0.023621903384325675,0.0,0.0,0.28470180227909936,0.5381922957920792,0.12393747461904393,2.939453125
109,0.0002981977525977201,1.0,0.19401133956738037,0.6007851188135619,0.026528166807579374,0.0,0.0,0.2673539363659254,0.5022332219794245,0.10380297368115718,3.045917775371287
110,0.000298162999342699,1.0,0.20558677576851137,0.6256569668208019,0.026260552469106153,0.0,0.0,0.2812827498015791,0.5984385273244122,0.09530171309367265,2.8730855507425743
111,0.00029812791628652335,1.0,0.20940463119509198,0.6472299689113503,0.02463317895481031,0.0,0.0,0.2864442191796728,0.6139914635384437,0.09533419467435025,2.8461092202970297
112,0.0002980925035080844,1.0,0.20207955050143864,0.6591949672392099,0.02421099001525597,0.0,0.0,0.2801045439030864,0.6275163405012376,0.08677159677637686,2.8675355816831685
113,0.0002980567610870149,1.0,0.19347163337734666,0.6426018960405104,0.02506184911281608,0.0,0.0,0.27026274881445533,0.6865542572323639,0.0732539715153156,2.894279857673267
114,0.0002980206891036888,1.0,0.23324225994177383,0.6870580442471079,0.025318588305375363,0.0,0.0,0.3146073611656038,0.6497922840684948,0.082916259765625,2.7991278620049505
115,0.0002979842876392212,1.0,0.19682494067762157,0.6570744166279784,0.025655228616946406,0.0,0.0,0.2753599969909923,0.6178594910272277,0.10092283947633045,2.8351253094059405
116,0.00029794755677546814,1.0,0.23178556657368593,0.6958992212715716,0.02492559240268783,0.0,0.0,0.31383828634377753,0.689952283802599,0.06291651961827043,2.81556505259901
117,0.00029791049659502625,1.0,0.18879348895337322,0.6875741160151982,0.024218111953670435,0.0,0.0,0.2696599581158987,0.6758199257425742,0.06727494343672649,2.998443301361386
118,0.0002978731071812328,1.0,0.20781714166745102,0.6941389338214798,0.02161481708408066,0.0,0.0,0.2880384441059415,0.625432307177251,0.08866610385403775,2.9948367883663365
119,0.0002978353886181654,1.0,0.1947808501006353,0.6555784834493504,0.023799449777101526,0.0,0.0,0.2722384232548204,0.6405637382280709,0.09035952728573639,2.9030882580445545
120,0.0002977973409906418,1.0,0.20676721259951591,0.6897217858545851,0.02462660179169166,0.0,0.0,0.2880526936732897,0.5992513222269492,0.07964967028929455,3.005414603960396
121,0.00029775896438421974,1.0,0.1891290888485342,0.637315952836877,0.02052520261155349,0.0,0.0,0.26312328793919915,0.6247901538811108,0.08728148205445545,2.9200282332920793
122,0.0002977202588851966,1.0,0.1826801069892279,0.6608516845372644,0.022198735407811802,0.0,0.0,0.25986464542917687,0.7089172967589727,0.06253301035059561,2.798808787128713
123,0.00029768122458060964,1.0,0.16884348209541622,0.6635912827926107,0.025062994925434342,0.0,0.0,0.24773411032291923,0.6433590143033774,0.07892306488339264,3.095258353960396
124,0.00029764186155823515,1.0,0.21084536837026624,0.6987655484440303,0.025532503557013402,0.0,0.0,0.2934881762997939,0.6622426250193378,0.08024219475170173,2.910030553836634
125,0.00029760216990658885,1.0,0.18570320562708495,0.6685488690244089,0.02429561401339303,0.0,0.0,0.2647059015413322,0.6466002511506034,0.0890128258431312,2.840443224009901
126,0.0002975621497149254,1.0,0.1700738567010601,0.6783565719528953,0.02470796975182683,0.0,0.0,0.25026349789730395,0.5849750254413869,0.0827489418558555,3.1275719368811883
127,0.0002975218010732382,1.0,0.1660534191397157,0.730761723943276,0.02745958160848753,0.0,0.0,0.2528593838214874,0.6941751914449258,0.06808109094600866,2.906578743811881
128,0.00029748112407225924,1.0,0.16538186375014852,0.7319465084831314,0.023097943484617193,0.0,0.0,0.25012548880116775,0.5701996926033851,0.10140145179068688,3.27747911509901
129,0.00029744011880345893,1.0,0.17662126718476268,0.6901362213757959,0.021803888070424743,0.0,0.0,0.25653683467961774,0.6102422959733718,0.09650715742961015,3.011767094678218
130,0.0002973987853590458,1.0,0.15922267668613113,0.6824204974835462,0.021911835761298196,0.0,0.0,0.23842064807615657,0.5864770719320467,0.09574210289681312,3.0731841738861387
131,0.00029735712383196643,1.0,0.14228925422424138,0.7118280621448366,0.021766392385015394,0.0,0.0,0.2243552621048276,0.6593363922421295,0.07171003889329362,3.0344794245049505
132,0.00029731513431590506,1.0,0.16567938431802362,0.6747001884597363,0.022552672819704703,0.0,0.0,0.2444257465477037,0.7168376658222463,0.06607425803005106,2.8174118193069306
133,0.00029727281690528366,1.0,0.18942143506195286,0.747814138927082,0.022749540368371672,0.0,0.0,0.2755776333926928,0.6958874995165533,0.05654899672706529,2.72838025990099
134,0.0002972301716952613,1.0,0.17612844502719321,0.7069796064112446,0.02082214938905459,0.0,0.0,0.2572374829266331,0.644786268177599,0.09891260732518564,2.8090288521039604
135,0.00029718719878173426,1.0,0.18338120223419502,0.7123133073938955,0.021604549586957338,0.0,0.0,0.2654148086462871,0.6002375253356329,0.10160525482479889,3.066319229579208
136,0.00029714389826133585,1.0,0.15307510208965527,0.6856382967221855,0.02247787388917612,0.0,0.0,0.23287787052369355,0.4980321449808555,0.11119532821202043,3.3829091893564356
137,0.0002971002702314359,1.0,0.1467105649264142,0.7059823369035626,0.024006546034689734,0.0,0.0,0.22931207325493935,0.6586920105584777,0.09959910175587872,2.9630356590346536
138,0.0002970563147901408,1.0,0.14940579847829177,0.7525496161220098,0.0223440753807784,0.0,0.0,0.23583279859901654,0.5984288583887686,0.08201719982789295,3.12779432240099
139,0.0002970120320362932,1.0,0.15725623347824164,0.7448020916764099,0.023867257974470164,0.0,0.0,0.24367007480399444,0.5786044432385133,0.09619065086440284,3.111589186262376
140,0.0002969674220694717,1.0,0.15051410468940687,0.7051975547087075,0.020850627017461022,0.0,0.0,0.23145917264541777,0.5776728261815439,0.09530783171700959,3.253306775990099
141,0.0002969224849899908,1.0,0.15399136752037718,0.7295554988455064,0.02124222846572647,0.0,0.0,0.23756803195960452,0.6702083172184405,0.07163525571917544,2.859046256188119
142,0.0002968772208989005,1.0,0.12721023874560206,0.7556372692089269,0.020299775188207848,0.0,0.0,0.2129238549583029,0.6278887456006342,0.07457846462136448,2.873955754950495
143,0.00029683162989798615,1.0,0.15021580870788875,0.7869056861589451,0.02119954800380781,0.0,0.0,0.23950615407216666,0.6046506673982828,0.10003359955136139,3.006439511138614
144,0.0002967857120897683,1.0,0.13866385902361114,0.7828425139483839,0.026316232384542133,0.0,0.0,0.23010622783757673,0.570684829560837,0.09304054184715346,3.3165029393564356
145,0.00029673946757750234,1.0,0.13807048017878343,0.814926154247605,0.02461939391283558,0.0,0.0,0.23187279347145912,0.6450254987962175,0.06053728160291615,3.1278233292079207
146,0.0002966928964651784,1.0,0.13333470606715372,0.8199742468866972,0.025311756958622523,0.0,0.0,0.22798801176618821,0.6646631826268564,0.09764371059908725,3.162438118811881
147,0.0002966459988575208,1.0,0.12844810037329646,0.8120792133383231,0.023246708727155875,0.0,0.0,0.22127937702554287,0.6128878451810025,0.11647411384204827,3.1717783106435644
148,0.00029659877485998837,1.0,0.13903507520214164,0.8120415178265902,0.024582348323639223,0.0,0.0,0.23253040502567102,0.6355531144850325,0.07912633914758663,3.0868077042079207
149,0.0002965512245787736,1.0,0.1200285282465491,0.8093716685134585,0.02266159874737484,0.0,0.0,0.21229649674479323,0.6530457298354347,0.08633060266475866,3.0462368502475248
150,0.0002965033481208029,1.0,0.13485712133864364,0.8262212636447189,0.02684442631642122,0.0,0.0,0.23090146341831377,0.6049061388072401,0.07981963204865408,3.2080368193069306
151,0.0002964551455937361,1.0,0.11550024797273155,0.8210826823026827,0.022240235082952694,0.0,0.0,0.20872863618159057,0.6308921587349164,0.08178151952158107,2.9225518254950495
152,0.00029640661710596624,1.0,0.12462516018364689,0.8256696987860274,0.023718065056617898,0.0,0.0,0.21905116493454074,0.6220733340423886,0.08183273466506807,3.3521232982673266
153,0.0002963577627666193,1.0,0.12459466967842367,0.8072282559800856,0.024059925481935245,0.0,0.0,0.21734745911147335,0.6994656100131498,0.06382252910349628,3.0885287747524752
154,0.00029630858268555417,1.0,0.13992436949421863,0.8556010215589316,0.020847460633088455,0.0,0.0,0.23590820430233927,0.7159121673886139,0.07424949419380415,3.0077351485148514
155,0.000296259076973362,1.0,0.1466501895891558,0.8056885446652328,0.024221286362055505,0.0,0.0,0.23932968802971416,0.632197918278156,0.07702349672223081,3.121480507425743
156,0.0002962092457413663,1.0,0.08670409027450156,0.8024610074439852,0.023674185498442392,0.0,0.0,0.1787872872140148,0.6083172146636661,0.11720834864248143,3.2305461014851486
157,0.0002961590891016227,1.0,0.13781165523399222,0.8031156369955232,0.020692174584549472,0.0,0.0,0.22846931137956014,0.6334666639271349,0.0962293266069771,3.0406095297029703
158,0.00029610860716691836,1.0,0.12855418686672013,0.8087930697025639,0.01982303077843741,0.0,0.0,0.21934501509560217,0.5920916264600092,0.10472545057240099,3.2475634282178216
159,0.00029605780005077207,1.0,0.11994356319013208,0.7514747587761076,0.02270087150460349,0.0,0.0,0.20644147849023933,0.5367464499898477,0.13775196641978651,3.461246905940594
160,0.00029600666786743385,1.0,0.14377735241657436,0.792056671463617,0.020652379877496473,0.0,0.0,0.23330921414169933,0.590718939752862,0.11240711778697401,3.2338915532178216
161,0.00029595521073188456,1.0,0.11062908574643701,0.8187031415429445,0.023714030461182985,0.0,0.0,0.20435641765004336,0.6617764010287748,0.06370816372408725,3.0331064356435644
162,0.000295903428759836,1.0,0.11252563712325427,0.7916161317636471,0.021391432453407952,0.0,0.0,0.20238296886776933,0.581203045231281,0.09885731309947401,3.341642172029703
163,0.00029585132206773026,1.0,0.10702133481160249,0.7837063469509087,0.021553712289568296,0.0,0.0,0.19616882613684872,0.6608458037423616,0.07467787336594987,3.294477103960396
164,0.00029579889077273964,1.0,0.13091290705274827,0.830775787334631,0.022340433100367537,0.0,0.0,0.2251607046859099,0.7238745358910891,0.06744588719736232,3.081702506188119
165,0.0002957461349927665,1.0,0.13413546533130183,0.8181307374840916,0.019721387539722836,0.0,0.0,0.22580923331846106,0.6076533251469678,0.0846945885384437,3.28138536509901
166,0.0002956930548464427,1.0,0.10110389017085038,0.8366732255066975,0.022585961497434887,0.0,0.0,0.19606419512540987,0.6632096696608137,0.07642394717377012,3.124071782178218
167,0.00029563965045312966,1.0,0.1257557009190026,0.8280064569841518,0.021709558424899484,0.0,0.0,0.21941112763810866,0.6327113621305711,0.10919219668548887,3.2096031868811883
168,0.00029558592193291793,1.0,0.11145631799308381,0.8168561871689145,0.026252461306861426,0.0,0.0,0.20626816684656804,0.5688748501314975,0.11940878688698948,3.292059870049505
169,0.0002955318694066267,1.0,0.10601723264202033,0.8127919217147449,0.022143813571662153,0.0,0.0,0.198368333575159,0.5680470608248569,0.10617352476214419,3.3672165068069306
170,0.00029547749299580395,1.0,0.14754827969735212,0.8397582450715622,0.021445743730383934,0.0,0.0,0.24224698123070273,0.6704872055809097,0.06937098739170793,2.857228496287129
171,0.0002954227928227261,1.0,0.10294498104860286,0.8019753818464751,0.017400725133772388,0.0,0.0,0.19184288367776586,0.6400351949257426,0.07551808876566368,3.0002900680693068
172,0.0002953677690103972,1.0,0.10016534960653523,0.81954822917976,0.01670748003675501,0.0,0.0,0.1904739148841046,0.5880643636873453,0.08588024177173577,3.250850866336634
173,0.0002953124216825495,1.0,0.09423759129672947,0.8443907753075703,0.022293036457815087,0.0,0.0,0.18982319246129234,0.6235484510365099,0.10111334772393255,3.3456451113861387
174,0.0002952567509636425,1.0,0.10211043513499864,0.8200982755953723,0.019879226715737344,0.0,0.0,0.19405987829265028,0.5944837815690749,0.09794888638033725,3.2499613242574257
175,0.00029520075697886297,1.0,0.11429603017940379,0.8116496394176295,0.021168906190939765,0.0,0.0,0.20604545143571232,0.5367621808949083,0.0972043783357828,3.364209467821782
176,0.00029514443985412465,1.0,0.09428613728815967,0.8543870496277762,0.020450806533364525,0.0,0.0,0.18995025746598102,0.6410919038376005,0.0517720892877862,3.091680847772277
177,0.0002950877997160678,1.0,0.11207016030012971,0.8434270142328621,0.019001486862198182,0.0,0.0,0.20591363458350154,0.7760390479965965,0.05256660385887221,2.760925897277228
178,0.0002950308366920593,1.0,0.11229170906809297,0.8808254823826327,0.02212174159548439,0.0,0.0,0.2114351336466204,0.689614749190831,0.06766260732518564,2.977161974009901
179,0.00029497355091019173,1.0,0.10071898004648709,0.8166800424604133,0.0206194493347908,0.0,0.0,0.19269671040301276,0.6060139873240253,0.06773693726794554,3.280863242574257
180,0.00029491594249928373,1.0,0.08880476244162805,0.8223270260461486,0.020332091317355337,0.0,0.0,0.18120351241956842,0.5749310786181158,0.0818663493241414,3.503248762376238
181,0.0002948580115888794,1.0,0.1138146168524676,0.8263825296175362,0.018524654176187618,0.0,0.0,0.20571520150002867,0.6473060834525836,0.07044212416847154,3.2721805383663365
182,0.00029479975830924796,1.0,0.09558726408251442,0.8307353635825733,0.01961239652781941,0.0,0.0,0.18846700347886228,0.6019972999497215,0.09520207773340811,3.4401492883663365
183,0.00029474118279138354,1.0,0.12244655280420096,0.8485727274771964,0.01814091489517757,0.0,0.0,0.21637428522405058,0.6801010736144415,0.06893309036103806,3.194538985148515
184,0.0002946822851670051,1.0,0.08032508987453904,0.820900297400975,0.019232019491604354,0.0,0.0,0.17203113171133663,0.6145385137879023,0.09759876515605662,3.414371905940594
185,0.00029462306556855556,1.0,0.10905055878776135,0.8264618902513297,0.01755866951004851,0.0,0.0,0.20047608283486698,0.5744258767307395,0.09517027599976795,3.605023978960396
186,0.0002945635241292022,1.0,0.08644864472127196,0.8567595089426135,0.01810215833357139,0.0,0.0,0.18117567616524083,0.5567645082379332,0.09731330493889233,3.5265315594059405
187,0.0002945036609828358,1.0,0.1041994954984967,0.8458715978235302,0.021914444204493618,0.0,0.0,0.19974388027250176,0.6026883266939975,0.09833964734974474,3.699818224009901
188,0.00029444347626407063,1.0,0.10838019202398781,0.8573475568601401,0.019753107874847874,0.0,0.0,0.2039915042200891,0.6547117327699566,0.08431946405089728,3.2319964418316833
189,0.0002943829701082442,1.0,0.08962910707191665,0.826917287736836,0.017179772418020017,0.0,0.0,0.1809107236342855,0.6477655467420521,0.0800628662109375,3.180886448019802
190,0.00029432214265141663,1.0,0.08683559711616819,0.8376334179746042,0.017136664264651,0.0,0.0,0.17916727346358913,0.6479891031095297,0.06179930432008045,3.012811339727723
191,0.00029426099403037073,1.0,0.1010241867734654,0.85568104640092,0.02175676401261941,0.0,0.0,0.19747067604324606,0.6685425408995977,0.07946497851079053,3.1402575804455446
192,0.00029419952438261137,1.0,0.08710486434473849,0.9257301859336324,0.023830540823441295,0.0,0.0,0.19159315555992693,0.7088329957263304,0.06261942646290997,2.9948367883663365
193,0.0002941377338463654,1.0,0.09235347180378319,0.8578106985233798,0.020191887167678908,0.0,0.0,0.18823048686332042,0.6518585658309484,0.06827756673982828,3.045115253712871
194,0.0002940756225605812,1.0,0.08289470073610249,0.8488987666545528,0.015517821251921872,0.0,0.0,0.17554349002271596,0.7254919297624343,0.051904659460086634,3.1415725556930694
195,0.0002940131906649285,1.0,0.08799097259150873,0.9149819217105903,0.020048498839951388,0.0,0.0,0.1895134156145672,0.6584332909914526,0.060903568078975866,3.0494469368811883
196,0.0002939504382997979,1.0,0.09284871709671351,0.8840157495866908,0.019534428896714407,0.0,0.0,0.19101750828547054,0.6191285388304455,0.06840175213200031,3.138227103960396
197,0.00029388736560630066,1.0,0.07859724656780168,0.8619812597142588,0.018328332145684537,0.0,0.0,0.17395954239781541,0.6368591006439511,0.07323878826481281,3.12331760519802
198,0.00029382397272626837,1.0,0.08772933475746966,0.8588771058781313,0.017643621456486607,0.0,0.0,0.18243885711573138,0.65792181940362,0.06372583974706064,3.092580058787129
199,0.0002937602598022527,1.0,0.06870703126239304,0.9077326578669028,0.020184565939488683,0.0,0.0,0.16957258226552813,0.7367324073715965,0.04973647618057704,3.012937035891089
200,0.00029369622697752486,1.0,0.09977488924223597,0.9095048154934798,0.02059015147111351,0.0,0.0,0.20102044637545502,0.7072823401724938,0.04185855978786355,3.0998994430693068
201,0.00029363187439607555,1.0,0.08478494969630006,0.906584346058345,0.017214750548326732,0.0,0.0,0.1840507634500466,0.6884758448836827,0.07831792548151299,3.0213876856435644
202,0.00029356720220261436,1.0,0.07394940527801466,0.8774084779295591,0.017730108568315753,0.0,0.0,0.17055531037916052,0.6046493077042079,0.0864921796439898,3.285949102722772
203,0.00029350221054256977,1.0,0.09061575249427616,0.919918142332889,0.01593716052536032,0.0,0.0,0.19057614843148996,0.5809156965501238,0.07960850177424969,3.324682858910891
204,0.0002934368995620885,1.0,0.08067571334909684,0.8635268293985046,0.016239437966211006,0.0,0.0,0.1751481195782671,0.7017186325375396,0.08005757851175743,3.351098391089109
205,0.0002933712694080354,1.0,0.08172908491722428,0.952708650343489,0.021414922660972814,0.0,0.0,0.18770741398381716,0.6162858717512376,0.08467238020188737,3.25390625
206,0.00029330532022799305,1.0,0.09453522104142915,0.8680319703451478,0.020140312791866535,0.0,0.0,0.1914085748024506,0.5337487400168239,0.0917564618705523,3.6700185643564356
207,0.00029323905217026137,1.0,0.08865891751086358,0.9066867533296642,0.019454609247680645,0.0,0.0,0.18905489810622564,0.5383662138835038,0.08079460823890006,3.468015160891089
208,0.0002931724653838574,1.0,0.08524051522559459,0.8942108880175222,0.016329006660766532,0.0,0.0,0.18282610989443146,0.6117802232798963,0.07425100496499845,3.3791963180693068
209,0.00029310556001851484,1.0,0.0843881271632001,0.9269075063195559,0.018091374413469936,0.0,0.0,0.18612456454498932,0.6579923724183941,0.0645363684928063,3.2869643409653464
210,0.00029303833622468386,1.0,0.0822950242695832,0.9362088199889306,0.01782772095302249,0.0,0.0,0.18482976886305477,0.6467106129863475,0.06919687101156405,3.2326539294554455
211,0.00029297079415353057,1.0,0.07762198917346426,0.9516940524082372,0.018280183937916958,0.0,0.0,0.18193148762577832,0.6736404305637473,0.06585738682510829,3.1381497524752477
212,0.00029290293395693696,1.0,0.09130922029956733,0.9074847851649369,0.016981239601195155,0.0,0.0,0.19054832110310546,0.6234153520942914,0.07274952501353651,3.13671875
213,0.0002928347557875002,1.0,0.07294364498540906,0.8686042239170263,0.015477009509496464,0.0,0.0,0.16754257265884098,0.6371905260747022,0.08185864439105044,3.1183284344059405
214,0.00029276625979853264,1.0,0.07441692585402196,0.8709230458382333,0.01596637639519067,0.0,0.0,0.1694924205836683,0.5364482615253713,0.08250804938892327,3.4670289294554455
215,0.0002926974461440611,1.0,0.0817604150512431,0.8801178495482643,0.018404363573870004,0.0,0.0,0.17897438302193538,0.6308243628775719,0.07009706402769184,3.109761757425743
216,0.0002926283149788271,1.0,0.07555061840627453,0.9116112359679571,0.018817424866380078,0.0,0.0,0.1761204562712424,0.6649723619517713,0.07648785279528929,3.3223429764851486
217,0.0002925588664582857,1.0,0.061198250713324784,0.9038944527654365,0.01693631671507391,0.0,0.0,0.1600558556395002,0.628228215887995,0.08909622041305693,3.254370358910891
218,0.000292489100738606,1.0,0.08253468812839819,0.912466036801291,0.016656897609389508,0.0,0.0,0.18210974225018284,0.5810953461297668,0.10428589169341738,3.5006768254950495
219,0.0002924190179766701,1.0,0.07455968185521589,0.864416218630158,0.0135907785446005,0.0,0.0,0.16779669588155086,0.5200004955329517,0.10629816338567451,3.5475711633663365
220,0.0002923486183300731,1.0,0.09281819789568976,0.8958672344094456,0.019251915372649926,0.0,0.0,0.1920308815960837,0.5773100900177909,0.06858946545289295,3.225469910272277
221,0.0002922779019571229,1.0,0.062388441460852574,0.9023919807802333,0.015164107562614475,0.0,0.0,0.16020969463752047,0.6887158686571783,0.05866286778213954,3.036045792079208
222,0.00029220686901683927,1.0,0.07760999082486228,0.9223789566814309,0.016857271611755067,0.0,0.0,0.1782765240214839,0.7551393792180732,0.046742505366259283,2.9526995668316833
223,0.0002921355196689541,1.0,0.07709303911369626,0.9275512246802302,0.01914109062809165,0.0,0.0,0.17941870960858788,0.6042628524327042,0.09615726282100866,3.4795211943069306
224,0.0002920638540739106,1.0,0.07654894246618346,0.9381534386389326,0.016730776543055874,0.0,0.0,0.1787296754888969,0.5436620429010675,0.09119876068417389,3.5389851485148514
225,0.00029199187239286337,1.0,0.06323577061590582,0.9142144151253275,0.017488479946214375,0.0,0.0,0.16340145328552416,0.5694794607634591,0.09214004667678682,3.180886448019802
226,0.00029191957478767755,1.0,0.07319233964870472,0.8871405053846907,0.015981504693627357,0.0,0.0,0.1698971455640132,0.5940550624734104,0.0719047773002398,3.2777595142326734
227,0.00029184696142092883,1.0,0.0786121924324791,0.8698015207111245,0.014766295131590992,0.0,0.0,0.17297549272822862,0.5897425283299814,0.0734410805277305,3.234974474009901
228,0.0002917740324559029,1.0,0.07346335049755502,0.9118633512223121,0.016555011436103446,0.0,0.0,0.17292719231088563,0.6114121238784035,0.07208108429861541,3.2538675742574257
229,0.0002917007880565952,1.0,0.07293169779500158,0.9988012154503624,0.0222029764583279,0.0,0.0,0.1839133093852808,0.6690741057443147,0.05237420714727723,3.0030940594059405
230,0.0002916272283877104,1.0,0.08673645773589021,0.9053096877466335,0.014885510971520723,0.0,0.0,0.1847101832822998,0.5132703875551129,0.08372807266688582,3.1675626547029703
231,0.0002915533536146622,1.0,0.06148151466899579,0.9259859170063888,0.01848761693834982,0.0,0.0,0.16332391627354198,0.5664234727916151,0.07449325712600557,3.2720355043316833
232,0.0002914791639035728,1.0,0.061222620382167324,0.9534327021919855,0.016706205288981004,0.0,0.0,0.16491899521339057,0.5664896068006459,0.07532372805151609,3.2465191831683167
233,0.0002914046594212727,1.0,0.07824841359316713,0.9315335307971085,0.014998643873443846,0.0,0.0,0.1789010897426322,0.6139952404664295,0.061915331547803217,3.099029238861386
234,0.0002913298403353001,1.0,0.0741125618172164,0.8958665651850181,0.013626788809692652,0.0,0.0,0.17051261375741203,0.5640337349164604,0.08264930649559096,3.40833849009901
235,0.00029125470681390066,1.0,0.055589477577717,0.906907051506609,0.015019824479402291,0.0,0.0,0.1537900958763491,0.6433915997495746,0.07464138824160736,3.258276608910891
236,0.0002911792590260273,1.0,0.059598465920379845,0.8806361066232814,0.01524482917335659,0.0,0.0,0.15528449696479457,0.5836556311881188,0.0837106987981513,3.4109684405940595
237,0.0002911034971413395,1.0,0.07142711807005477,0.882071582397612,0.017077848292186414,0.0,0.0,0.16817320197230518,0.5279916064573986,0.08766015685430847,3.4886873452970297
238,0.0002910274213302029,1.0,0.07000362659149831,0.9764763246668448,0.020317098585713546,0.0,0.0,0.1778098102105726,0.5707145162148051,0.08546062507251702,3.323425897277228
239,0.0002909510317636893,1.0,0.07388044340480672,0.9223731413926228,0.018687486579401953,0.0,0.0,0.17546150553049428,0.6328228110134011,0.07642100116994122,3.363745358910891
240,0.00029087432861357596,1.0,0.0719136152010743,0.8979703211548304,0.017849938849466715,0.0,0.0,0.17063561996611037,0.6164058269840655,0.07010643080909654,3.4120706992574257
241,0.00029079731205234525,1.0,0.0697964412888678,0.9091657228989176,0.014566414869657837,0.0,0.0,0.16799622206109585,0.6376814134050124,0.06334905341120049,3.1524404393564356
242,0.0002907199822531844,1.0,0.08155855079098503,0.9523781762264742,0.01769551848716075,0.0,0.0,0.18564412905143038,0.6043619590230508,0.08293227394028466,3.295366646039604
243,0.0002906423393899849,1.0,0.08128623332422559,0.9300967962434976,0.01571636932837491,0.0,0.0,0.1821540996874913,0.5726212605391399,0.08085307508411974,3.0386467357673266
244,0.0002905643836373423,1.0,0.07561606032275918,0.9708203691067082,0.015127072288276682,0.0,0.0,0.1802616338476096,0.6461927961594988,0.044617756758586015,2.912360767326733
245,0.0002904861151705559,1.0,0.06710057458517575,0.9098312447566798,0.013895243924977903,0.0,0.0,0.16503132363357167,0.6364339696298732,0.06357687770730198,3.156230662128713
246,0.00029040753416562776,1.0,0.06350960198900488,0.9270942925226571,0.016871477674351692,0.0,0.0,0.16465477313440624,0.6628790373849397,0.06142720137492265,3.233272741336634
247,0.00029032864079926317,1.0,0.06270399586399003,0.9457700653831558,0.015307730739235435,0.0,0.0,0.1649348699662945,0.6401560566212872,0.05049941563370204,2.9821898205445545
248,0.00029024943524886973,1.0,0.05736537178111548,0.9805795479528975,0.016512206831651898,0.0,0.0,0.16367942965266727,0.603580890315594,0.0750579833984375,3.072217280321782
249,0.00029016991769255693,1.0,0.061206044684542285,0.9488500999932242,0.015357903159905852,0.0,0.0,0.1637700084264916,0.6206081881381498,0.06993903736076733,3.1489402846534653
250,0.00029009008830913595,1.0,0.05340997856294755,0.9065374985779866,0.015117309345531803,0.0,0.0,0.15162238921269333,0.6495356795811417,0.06021971749787283,3.289255878712871
251,0.0002900099472781192,1.0,0.05967429925752158,0.897398053419472,0.013480548225320174,0.0,0.0,0.15615438183050345,0.616856036799969,0.057647100769647276,3.2964689047029703
252,0.00028992949477971977,1.0,0.0594215592240343,0.9147896483392999,0.013738336567167598,0.0,0.0,0.15776969588334017,0.6869707768506342,0.07245348939801206,3.0740447091584158
253,0.00028984873099485123,1.0,0.05326401173035697,0.9186953624876419,0.015255469141878409,0.0,0.0,0.15276128511027534,0.5968289516939975,0.06849232286509901,3.216796875
254,0.0002897676561051273,1.0,0.06144305908738976,0.9299422886111949,0.013145168744129045,0.0,0.0,0.16100987319899077,0.6713416977684097,0.06411924456605816,3.1221670018564356
255,0.0002896862702928609,1.0,0.0567465435971718,0.9724582427799111,0.016144459569218134,0.0,0.0,0.1620646041661206,0.6564835652266399,0.0713575004351021,3.0590191831683167
256,0.0002896045737410645,1.0,0.06917974909785951,0.918255897441713,0.017337918572017167,0.0,0.0,0.16967429987864918,0.6035065603728341,0.06437464043645576,3.34933864480198
257,0.00028952256663344905,1.0,0.0667578699712706,0.9005821223306184,0.012685031708477451,0.0,0.0,0.16315859991430057,0.6485335850479579,0.08150383977606745,3.116723391089109
258,0.00028944024915442416,1.0,0.05640135967347881,0.9222915626988553,0.012093887318589605,0.0,0.0,0.1546774606155877,0.5292077772688157,0.08298492431640625,3.387608292079208
259,0.00028935762148909696,1.0,0.05493790851813732,0.9473254019671148,0.013762499652987365,0.0,0.0,0.15655169990098122,0.6344921754138304,0.08543373334525835,3.4306930693069306
260,0.0002892746838232725,1.0,0.05847127554882871,0.9816735221607851,0.019237172139790093,0.0,0.0,0.1662572155346965,0.6637652935367999,0.062395530171913675,3.2245126856435644
261,0.0002891914363434527,1.0,0.06231301333201994,0.9942689827173063,0.01812837114742044,0.0,0.0,0.17080409817471362,0.6060514544496441,0.07337105628287438,3.413405012376238
262,0.0002891078792368361,1.0,0.060416300218589236,0.98475580935431,0.015023031059910756,0.0,0.0,0.16640339902426937,0.6559334934347927,0.06829516722424196,2.9313505569306932
263,0.00028902401269131775,1.0,0.06451075472454033,0.9046287642847194,0.012659540611992377,0.0,0.0,0.16130340342769528,0.6771145811175355,0.06245218409170018,2.940961478960396
264,0.0002889398368954883,1.0,0.059558696307168146,0.899760655247339,0.013235005801359173,0.0,0.0,0.15615226682459954,0.6618176450823793,0.07738306026647587,2.968662979579208
265,0.00028885535203863384,1.0,0.05861021301681452,0.907647986223202,0.013943393866872728,0.0,0.0,0.15634670971643808,0.6164991926438738,0.0761167318514078,3.0264735457920793
266,0.0002887705583107357,1.0,0.04971615368924519,0.8817221776093587,0.012776714180236553,0.0,0.0,0.14427672931463412,0.5775671477365022,0.05946168805112933,3.0039642636138613
267,0.0002886854559024694,1.0,0.05199806414323278,0.9244579755433715,0.014685706659635105,0.0,0.0,0.15178671678399094,0.5403685616974784,0.06739104620300897,3.2181118502475248
268,0.00028860004500520493,1.0,0.0641081209967632,0.9227580251079974,0.012433106435283022,0.0,0.0,0.1626004789872925,0.6496302916271852,0.057809810827274134,3.068552753712871
269,0.00028851432581100564,1.0,0.06937259055747844,1.0212932376578303,0.018271697247124248,0.0,0.0,0.1806377634996235,0.7638021034769492,0.04599112331277073,2.992903001237624
270,0.00028842829851262843,1.0,0.06016921399548502,1.0141230998652997,0.014933884747805867,0.0,0.0,0.16904846829648065,0.677310301525758,0.04306415520092048,2.845451732673267
271,0.0002883419633035229,1.0,0.06398639654611597,1.0014324365275922,0.01496715480138981,0.0,0.0,0.1716132185394221,0.6929099205696937,0.044025232296178836,2.8045231280940595
272,0.00028825532037783105,1.0,0.053877883802841205,0.9689029537805236,0.015410781448411912,0.0,0.0,0.158473571412044,0.6896872189965578,0.04334387448754641,2.93288791769802
273,0.00028816836993038683,1.0,0.06197349708711747,0.965744151927457,0.011942498685589225,0.0,0.0,0.16451916437928038,0.6936373568997525,0.050896446303565906,2.8605836169554455
274,0.0002880811121567159,1.0,0.047669369174112186,0.982741139312782,0.012471897401362841,0.0,0.0,0.1521794326824717,0.7847531762453589,0.050366543307162746,2.7407178217821784
275,0.0002879935472530348,1.0,0.04893816081751691,0.9987395588714297,0.016211559299822195,0.0,0.0,0.1569178997732625,0.7127211920105585,0.04576866225440904,2.8633586014851486
276,0.00028790567541625057,1.0,0.04741801815752936,1.065503750697221,0.017746285885793738,0.0,0.0,0.16284153868656348,0.7397672445467203,0.0542637286799969,2.8756864944306932
277,0.00028781749684396094,1.0,0.07843449704422809,1.05089143184152,0.01514193696191184,0.0,0.0,0.1910946102130531,0.760778823701462,0.04391830746490177,2.758199257425743
278,0.000287729011734453,1.0,0.062543405496543,0.9916507117819078,0.014326688395536477,0.0,0.0,0.16887182233357192,0.6983328337716584,0.05197271970239016,2.980227026608911
279,0.00028764022028670314,1.0,0.05413899290384633,0.9369043153111297,0.01193991381937804,0.0,0.0,0.15379938269310658,0.6717837494198639,0.04976329236927599,3.035813737623762
280,0.00028755112270037686,1.0,0.06922155412116854,1.028766681062113,0.014726147917790873,0.0,0.0,0.1794612983075699,0.7524596676968112,0.04478197758740718,2.9100982363861387
281,0.0002874617191758279,1.0,0.056847203744224986,1.0642741859549343,0.015368299692463462,0.0,0.0,0.1709587749573264,0.6529698135829208,0.07051894688370204,3.2864325495049505
282,0.0002873720099140981,1.0,0.06315886568610031,1.0991553020949412,0.019214058188850632,0.0,0.0,0.18268142817634167,0.5449925790918936,0.08522418938060798,3.322391321163366
283,0.00028728199511691657,1.0,0.06610314702928656,1.0322927531629507,0.017829603409523716,0.0,0.0,0.17824722619930117,0.5794890753113398,0.06334248155650526,3.5477065284653464
284,0.0002871916749866997,1.0,0.07015611950566272,1.0299744535200666,0.017084836964449374,0.0,0.0,0.18169598797760386,0.6688411825954323,0.07100035412476795,3.4537438118811883
285,0.0002871010497265504,1.0,0.06345600347117622,1.0887472186938372,0.019838101940579934,0.0,0.0,0.1822497779780095,0.6460893838712485,0.07156999040358138,3.4919554455445545
286,0.0002870101195402577,1.0,0.048807692741698556,1.059404714272754,0.017603362331830776,0.0,0.0,0.16354984760579497,0.6812179112198329,0.06588367424388923,3.246867264851485
287,0.00028691888463229645,1.0,0.06989366719775861,1.0722349681476555,0.0161132440178443,0.0,0.0,0.18517380716777085,0.6368649926516089,0.057716973937383974,2.8579053217821784
288,0.00028682734520782654,1.0,0.047038690767960974,1.0223790926508385,0.011780758344540648,0.0,0.0,0.15516698699776488,0.7150186973043008,0.06385168698754641,2.7047783879950495
289,0.00028673550147269273,1.0,0.05956582953729252,1.1118555234210326,0.02204358527704262,0.0,0.0,0.1817731804186755,0.5751490829014542,0.0682895018322633,3.030080058787129
290,0.0002866433536334241,1.0,0.06594997323533096,1.0192795118482987,0.017280592011416903,0.0,0.0,0.17651822115525162,0.5932264422426129,0.07329408249052444,3.1427908415841586
291,0.00028655090189723354,1.0,0.05928522861092397,0.9926089367063919,0.015866761381673342,0.0,0.0,0.16647950574608134,0.5687014891369508,0.06562616329381962,2.9751024907178216
292,0.00028645814647201726,1.0,0.04618577791912721,1.0227213490127336,0.018197939071878052,0.0,0.0,0.1575568827367065,0.6717996880559638,0.06314079360206529,3.096292930074257
293,0.00028636508756635446,1.0,0.05596710542345991,1.0611210459529763,0.018205667666095025,0.0,0.0,0.1711820468011469,0.7198368487971845,0.05914518148592203,3.191851021039604
294,0.0002862717253895068,1.0,0.055103304657605615,1.1198100465359073,0.018461212764798413,0.0,0.0,0.17631491812148897,0.7689293587561881,0.06234182225595607,2.6677947091584158
295,0.00028617806015141775,1.0,0.05703916065026038,1.0869524514321054,0.01985466382051311,0.0,0.0,0.17566174394128345,0.7602394028465347,0.07039876503519493,2.788308323019802
296,0.0002860840920627124,1.0,0.04401969968682468,1.0827996323604394,0.01846353208996577,0.0,0.0,0.1615314393645466,0.6089048480043316,0.05246039664391244,3.273505182549505
297,0.00028598982133469687,1.0,0.055058924241526294,1.0561772342955713,0.014943378583279134,0.0,0.0,0.16814833842586763,0.7583757155012376,0.051399457572710396,2.7265334931930694
298,0.00028589524817935786,1.0,0.04544744706980073,1.0902915290086577,0.01764085365685238,0.0,0.0,0.16329703716063262,0.6745360723816523,0.10342618734529703,3.049930383663366
299,0.00028580037280936184,1.0,0.04547415887660319,1.050639524318204,0.01337728053239165,0.0,0.0,0.15722675710031303,0.69210150690362,0.06987007065574721,3.055731745049505
300,0.0002857051954380553,1.0,0.03557748734803483,1.0331315055932149,0.013913827888335627,0.0,0.0,0.14584755447536413,0.7634340796140161,0.07025040730391399,2.6895111386138613
301,0.0002856097162794636,1.0,0.053422956957970516,1.0487442329378411,0.015215814132058974,0.0,0.0,0.16590528898309953,0.6586513708133509,0.08186295008895421,3.053952660891089
302,0.0002855139355482908,1.0,0.051779012500059486,1.03769583749299,0.016270126059356304,0.0,0.0,0.16368366172998258,0.744038968983263,0.06286213185527537,2.898746905940594
303,0.00028541785345991894,1.0,0.056825112477682606,1.0607725995601993,0.017313381892140253,0.0,0.0,0.17155906565413617,0.7515069942663212,0.06047692629370359,2.7046043471534653
304,0.00028532147023040794,1.0,0.061980986727936435,1.0367291522498179,0.016842869179563062,0.0,0.0,0.17407533740348155,0.7862282932394802,0.05481787955406869,2.678111463490099
305,0.00028522478607649485,1.0,0.03902278567599778,1.0436355099819674,0.014923838283036752,0.0,0.0,0.15084825780722175,0.6498157765605662,0.06597560467106281,2.6463103341584158
306,0.0002851278012155933,1.0,0.0556726900141428,1.024530057269748,0.013958802160871501,0.0,0.0,0.16510509847119303,0.6128203892471766,0.0652303412409112,2.899036974009901
307,0.00028503051586579325,1.0,0.054924237956800084,1.014945675240885,0.011892690669081293,0.0,0.0,0.16236515254667488,0.7138472453202351,0.05296491868425124,2.7354289139851486
308,0.0002849329302458603,1.0,0.05576038316334828,0.9901081825246906,0.013286840759614242,0.0,0.0,0.1614146239981793,0.6470738023814588,0.060413171749303836,3.184444616336634
309,0.00028483504457523526,1.0,0.03573592479276185,0.9480563130709204,0.01229368857947169,0.0,0.0,0.1366884019410256,0.6834327017906869,0.04287931234529703,3.0491955445544554
310,0.00028473685907403365,1.0,0.042622818694551395,0.9680965755245473,0.016482260260306816,0.0,0.0,0.14767360768400797,0.6826752955370611,0.05312604243212407,3.0297319771039604
311,0.00028463837396304535,1.0,0.04745894002884921,0.9524569576329524,0.010671259524153159,0.0,0.0,0.14804027045127188,0.6613431118502475,0.051597368599164604,2.887115176361386
312,0.0002845395894637338,1.0,0.0763085728308352,1.0712191781195084,0.013827479412170624,0.0,0.0,0.19034423155359703,0.7207381748917079,0.05225017283222463,3.085695776608911
313,0.0002844405057982357,1.0,0.04510872504941308,1.0616565128364186,0.018169275978303485,0.0,0.0,0.16035901585427842,0.6509686460589418,0.060771753292272586,2.8940284653465347
314,0.0002843411231893607,1.0,0.0465878131292244,1.0193309937373247,0.013857383566843991,0.0,0.0,0.1554496060356055,0.684515924737005,0.059632858427444306,3.040222772277228
315,0.00028424144186059034,1.0,0.050924228485858085,1.0213131969518001,0.012122078635038273,0.0,0.0,0.1591165892706059,0.6713017756396001,0.04649821366413985,2.9048576732673266
316,0.0002841414620360782,1.0,0.04493186578597173,0.9980825775920754,0.012810688099298294,0.0,0.0,0.151145469139118,0.717354953879177,0.0551718532448948,2.974996132425743
317,0.0002840411839406489,1.0,0.05233516005596312,1.0022289764763106,0.01493335568281536,0.0,0.0,0.16002473788391244,0.6765281752784653,0.06404544339321627,3.0016727258663365
318,0.0002839406077997978,1.0,0.05450752237350634,1.0360323473958686,0.016093210801297782,0.0,0.0,0.1661573640338265,0.6812840829981436,0.08118884398205446,3.363503635519802
319,0.00028383973383969065,1.0,0.037474420290477206,1.010857074567587,0.016211138263639836,0.0,0.0,0.14666569867346546,0.6648326911548577,0.05640018576442605,3.3779393564356437
320,0.0002837385622871626,1.0,0.038495584474046635,1.0457457469241453,0.012858502781203035,0.0,0.0,0.149499411408854,0.7286691193533416,0.06855094078743812,3.2413559715346536
321,0.00028363709336971826,1.0,0.0450449752261733,1.0194127925551764,0.011816743998742192,0.0,0.0,0.1528946291102041,0.6315392220374381,0.05278846060875619,2.9150680693069306
322,0.0002835353273155308,1.0,0.04894729338512562,1.072658109782946,0.015489572783618575,0.0,0.0,0.1639578932582742,0.6190187057646195,0.054850436673306004,2.999342512376238
323,0.0002834332643534417,1.0,0.03770094999287388,1.0280605483763288,0.013042190275846584,0.0,0.0,0.14702810111022233,0.6868339009804301,0.05341135157216893,2.85658067759901
324,0.0002833309047129598,1.0,0.0638591670016251,1.0124454515995365,0.012096415649601582,0.0,0.0,0.17115192078422792,0.723883600518255,0.05234935496113088,2.585782797029703
325,0.0002832282486242615,1.0,0.0513671378761825,0.9875061630022408,0.014348606897130757,0.0,0.0,0.1572920603327232,0.6753101915416151,0.05875479820931312,2.830464882425743
326,0.00028312529631818934,1.0,0.03928032119085293,1.0014445085336667,0.014777494469971056,0.0,0.0,0.1468135517570052,0.7308246876933787,0.03899965191831683,2.860467589727723
327,0.0002830220480262524,1.0,0.044309338130573236,0.9962147196920792,0.014391267123530702,0.0,0.0,0.15112644647902782,0.7120563771465037,0.059176227833965034,3.106184251237624
328,0.00028291850398062514,1.0,0.048108147180611543,0.9971015063842924,0.012539273900173531,0.0,0.0,0.1540879405813642,0.741249141126576,0.06380009415126082,3.0509939665841586
329,0.000282814664414147,1.0,0.05305864027526119,1.02071876514076,0.010484726564718945,0.0,0.0,0.16037288846650927,0.7100008973980895,0.05658336677173577,3.0580716274752477
330,0.00028271052956032217,1.0,0.03706254515022334,1.0305747136031047,0.01379704989935502,0.0,0.0,0.14701854349067894,0.6436096795714727,0.06701667710105971,2.946047339108911
331,0.00028260609965331877,1.0,0.03480699116198143,1.0125388367341297,0.014135368892203758,0.0,0.0,0.14312856054247017,0.6062684011931466,0.04964447021484375,3.1547996596534653
332,0.0002825013749279682,1.0,0.04315966334525902,0.9950719428534555,0.01223748726862492,0.0,0.0,0.1487856024857795,0.6848377001167524,0.06978758254853806,2.870977722772277
333,0.0002823963556197652,1.0,0.03090543281471375,0.9601988001625137,0.013769896442789843,0.0,0.0,0.1338102631639726,0.6598000101523824,0.052273816401415533,3.0549775680693068
334,0.00028229104196486664,1.0,0.04550678094867432,1.0662802546331198,0.013701518821198088,0.0,0.0,0.15898556749124337,0.7199786913276899,0.04697070735515935,3.045579362623762
335,0.0002821854342000914,1.0,0.047148138432219475,1.0736973763692497,0.012768263860587215,0.0,0.0,0.16090201328296472,0.7274237340039545,0.0689750898002398,2.9167601330445545
336,0.00028207953256291973,1.0,0.05871531396809191,1.1586529429596248,0.015911264916752824,0.0,0.0,0.1825362505889175,0.615721598710164,0.06922194981338954,3.110883353960396
337,0.0002819733372914926,1.0,0.03445947111243069,0.9984888611453595,0.011340519876708047,0.0,0.0,0.1399786205279945,0.6307243120552289,0.05201857160813737,3.235931698638614
338,0.0002818668486246115,1.0,0.043081835797517606,1.0016552776393324,0.012423923686331157,0.0,0.0,0.14945932544103943,0.6201775428092126,0.059010571772509283,3.0739286819306932
339,0.0002817600668017374,1.0,0.034096888460145136,1.034331987399866,0.012856056793860279,0.0,0.0,0.14395812522656848,0.6982633382967203,0.04334395002610612,2.914284885519802
340,0.0002816529920629908,1.0,0.05619881560306738,1.090222711610322,0.016611016106487502,0.0,0.0,0.17352659690498126,0.6764257449914913,0.05676647224048577,3.048915145420792
341,0.00028154562464915056,1.0,0.04585187406380578,1.058717420195589,0.012846156772650262,0.0,0.0,0.15814669954009575,0.711502981658029,0.04782096938331529,3.0395846225247523
342,0.00028143796480165393,1.0,0.04150866001549334,1.0617184385214702,0.013843168860697879,0.0,0.0,0.15460208973081985,0.7558630008508663,0.03829094915106745,2.6864267481435644
343,0.00028133001276259566,1.0,0.046299673026741144,1.017942459866552,0.009883562781234817,0.0,0.0,0.15303570194409624,0.6758864752136835,0.0417416260974242,2.8568997524752477
344,0.0002812217687747275,1.0,0.05203779074962776,1.012523915508006,0.01138234941062914,0.0,0.0,0.1589813593885686,0.7452974225034809,0.031006463683477724,2.7356899752475248
345,0.00028111323308145777,1.0,0.051300867211700664,1.072090459932195,0.015003211459716653,0.0,0.0,0.16601152083661297,0.5620378550916615,0.06863524182008045,2.73757541769802
346,0.00028100440592685074,1.0,0.03583935965405832,1.0583149778960954,0.016796412506592598,0.0,0.0,0.1500690649494086,0.66977593450263,0.05149750662322092,2.7497002629950495
347,0.0002808952875556261,1.0,0.03396393059946523,1.051685660192282,0.01323322267940102,0.0,0.0,0.14574911349480696,0.7468695971045164,0.041906753388961944,2.6158628558168315
348,0.0002807858782131583,1.0,0.05452698734727236,1.1003625965354467,0.012452276225321659,0.0,0.0,0.1707893871877453,0.7672517984220297,0.042803773785581686,2.7446820853960396
349,0.00028067617814547634,1.0,0.04717445535825031,1.0565490026285154,0.011839106876061916,0.0,0.0,0.15874890975727893,0.6719436645507812,0.04661235242786974,2.9633257271039604
350,0.0002805661875992626,1.0,0.05017652255621287,1.0554416380306282,0.016043294935791503,0.0,0.0,0.16374233571609648,0.6355104351987934,0.04975196158531869,3.2806892017326734
351,0.0002804559068218531,1.0,0.04825736327779175,1.0279505123006236,0.01357970567302557,0.0,0.0,0.1578422686693692,0.8388575185643564,0.061537940903465344,2.68625270730198
352,0.0002803453360612361,1.0,0.04479030161948487,1.019266148604969,0.011717379332916571,0.0,0.0,0.1525756079371613,0.78616997747138,0.0659066379660427,2.575910813737624
353,0.0002802344755660522,1.0,0.04776204779449076,1.054966686385693,0.011100338050394808,0.0,0.0,0.15880888855398292,0.659284006250967,0.07005060781346689,2.8875309405940595
354,0.00028012332558559344,1.0,0.041462938494906565,1.0382635392765007,0.0145527704199315,0.0,0.0,0.15256567896887807,0.6557460067295792,0.06523139878074721,3.6905263768564356
355,0.00028001188636980284,1.0,0.0397862875004216,1.0212514943415576,0.012600129064504462,0.0,0.0,0.14821150434194225,0.609813123646349,0.05271601912998917,3.260616491336634
356,0.00027990015816927377,1.0,0.03994602193631748,1.0467413787794586,0.01122212912633757,0.0,0.0,0.15023122735247754,0.6470022673654084,0.04639502799156869,2.9141688582920793
357,0.00027978814123524957,1.0,0.03497077830799735,1.0526857753791432,0.009755745919716388,0.0,0.0,0.14511723041829497,0.6896170436745823,0.047190146871132425,2.6468904702970297
358,0.00027967583581962267,1.0,0.019042240474188683,1.0191761060516433,0.00968597990018085,0.0,0.0,0.12580284203338152,0.7230366621867265,0.040749200499883974,2.590443224009901
359,0.0002795632421749344,1.0,0.0338898042198455,1.0357106947662806,0.013744952638937843,0.0,0.0,0.14433335328456198,0.6020905145324102,0.06651313706199721,3.1709371132425743
360,0.00027945036055437405,1.0,0.045504115632559995,1.0119080637941267,0.01222615639245746,0.0,0.0,0.1528080024636618,0.6613533850943688,0.0647410779896349,3.5163211633663365
361,0.00027933719121177867,1.0,0.031747062054305976,1.0482144827889923,0.010861475274224978,0.0,0.0,0.14199926032878385,0.7232042822507349,0.04841047230333385,2.7923306002475248
362,0.0002792237344016321,1.0,0.034441175363441504,1.071253753534638,0.01284853389744859,0.0,0.0,0.14799082227567634,0.6715447454169245,0.0517307696956219,2.8685798267326734
363,0.0002791099903790649,1.0,0.05399212827629382,1.055953577603444,0.01117710139150593,0.0,0.0,0.16517603876862194,0.6726494213142017,0.053166606638691216,2.8475788985148514
364,0.00027899595939985305,1.0,0.050089990554174575,1.0006984224413882,0.011181635307240308,0.0,0.0,0.15575065367882795,0.6449121909566445,0.04431484713412748,2.6751044245049505
365,0.0002788816417204183,1.0,0.03452660143375397,1.0063140474923766,0.009917190842477991,0.0,0.0,0.14011660823137453,0.6775448109843943,0.03849452556950031,2.8053159808168315
366,0.00027876703759782673,1.0,0.02412937190568093,0.9801509398044926,0.008588065037107335,0.0,0.0,0.12643850019367614,0.6705790604695235,0.061076475842164295,2.9750154702970297
367,0.0002786521472897888,1.0,0.04455992324960114,1.0304963889688548,0.010696725421907877,0.0,0.0,0.1529579272512162,0.6849981629022277,0.0524616807994276,2.783976639851485
368,0.00027853697105465825,1.0,0.035406167923223854,1.035658301693378,0.009223216987851232,0.0,0.0,0.14358360785068852,0.7427419907975905,0.041620235631961634,2.712687577351485
369,0.00027842150915143206,1.0,0.05951754446371947,1.0628660946789354,0.014493170468653045,0.0,0.0,0.17305074720689567,0.6889352326345916,0.0783356770430461,2.7055325649752477
370,0.00027830576183974945,1.0,0.05264233842049495,0.9314843965048837,0.0136649115310779,0.0,0.0,0.1526232347039893,0.5959919844523515,0.047970762347230814,3.071134359529703
371,0.00027818972937989137,1.0,0.029034778512645475,0.9933992394126288,0.010502367283881523,0.0,0.0,0.13362589050637613,0.7245574044709159,0.06189395413540377,2.6345529084158414
372,0.0002780734120327801,1.0,0.04236650396839227,1.0874355925191748,0.011161453602374485,0.0,0.0,0.15669079220826082,0.7319045869430693,0.05269486833326888,2.566734993811881
373,0.0002779568100599786,1.0,0.02884644406414268,1.1198269382561787,0.010857168518209665,0.0,0.0,0.14625772516621222,0.8184318920173267,0.047312217183632425,2.5706799195544554
374,0.00027783992372368966,1.0,0.040252029526941846,1.104655922049343,0.01283575673956461,0.0,0.0,0.15713550187278502,0.8387028155940595,0.05131462777015006,2.5708732982673266
375,0.0002777227532867557,1.0,0.038512582051576955,1.0250133635974166,0.01190781494657887,0.0,0.0,0.14696782820000506,0.8294834854579208,0.04891748711614326,2.438292852722772
376,0.00027760529901265795,1.0,0.030539278715553852,1.031885584982315,0.009152472940144488,0.0,0.0,0.13830407465448474,0.7627992535581684,0.04156735864016089,2.345906172648515
377,0.00027748756116551584,1.0,0.03770464385795121,1.058493161555564,0.010725688978817573,0.0,0.0,0.14891680617733757,0.726250676825495,0.04545608369430693,2.5503461478960396
378,0.0002773695400100866,1.0,0.03757389336086736,1.0286761050177093,0.010763238216427589,0.0,0.0,0.14582312394781868,0.6736208471921411,0.05512154456412438,2.913878790222772
379,0.0002772512358117643,1.0,0.03292618503812516,1.0353189388124069,0.01230476706952668,0.0,0.0,0.14261046383935627,0.7264343866027227,0.07433855415570854,2.9271832456683167
380,0.0002771326488365798,1.0,0.0329754916158053,1.0777758194668459,0.011878244940186897,0.0,0.0,0.1466921976592281,0.7380029659460087,0.05189952283802599,2.8068533415841586
381,0.0002770137793511997,1.0,0.02807376825130812,1.0811787377489674,0.013351797089349516,0.0,0.0,0.14286754272951938,0.7823812654702971,0.0862254529896349,3.011477026608911
382,0.0002768946276229257,1.0,0.04131335554884212,1.0566677840629426,0.010641148756488715,0.0,0.0,0.15230071028270345,0.710311738571318,0.05874195665416151,2.660001547029703
383,0.0002767751939196945,1.0,0.04749893367585569,1.0554067321342997,0.01086003473259066,0.0,0.0,0.15846962540751636,0.7082845857827971,0.06639658106435643,2.7057162747524752
384,0.00027665547851007667,1.0,0.05801699786345557,1.0413501475116995,0.009782498285155927,0.0,0.0,0.16704326307419504,0.7653856938428217,0.05532806698638614,2.644463567450495
385,0.00027653548166327633,1.0,0.05008432187951437,1.0288593987427135,0.011515127898350653,0.0,0.0,0.15872782645839276,0.6964292620668316,0.0559909178478883,3.0666189665841586
386,0.0002764152036491304,1.0,0.025995708522525165,1.0118284980849463,0.009384958576042168,0.0,0.0,0.1318710389556271,0.7631811765160891,0.05231800645884901,2.743956915222772
387,0.0002762946447381081,1.0,0.0360562010566787,1.0022753583322657,0.010609401034947374,0.0,0.0,0.1415884387080032,0.8131550703898515,0.04646671408473855,2.620378248762376
388,0.0002761738052013104,1.0,0.04252356987926039,1.0209713448392284,0.011815190084721192,0.0,0.0,0.15052830014783558,0.714889677444307,0.06468230899017637,3.04367458230198
389,0.00027605268531046917,1.0,0.03292554908312193,1.0245630811936786,0.009521440749798929,0.0,0.0,0.1401425794799729,0.7405316947710396,0.05481123216081374,2.59068494740099
390,0.0002759312853379467,1.0,0.04283750119923365,1.0630799956841044,0.011933163677498993,0.0,0.0,0.15511208418572303,0.7602804958230198,0.040068069306930694,2.808613087871287
391,0.0002758096055567353,1.0,0.046771812114385095,1.0741687647186884,0.011630328999149918,0.0,0.0,0.16000385538186176,0.7949847230816832,0.04020517179281405,2.9852065284653464
392,0.0002756876462404562,1.0,0.02913575021937342,1.0098069469527442,0.008724415527269392,0.0,0.0,0.1344786543067139,0.8437741723391089,0.04758695092531714,2.7046623607673266
393,0.00027556540766335947,1.0,0.026043280368984335,1.0464466137461144,0.011321487552993515,0.0,0.0,0.13634868785001264,0.7470532407855043,0.045199177052715034,2.653571704826733
394,0.0002754428901003231,1.0,0.03124989281491478,1.0174689841742564,0.010950357684321553,0.0,0.0,0.13847197666026578,0.6398949953589109,0.05605724070331838,2.6757232363861387
395,0.0002753200938268522,1.0,0.03159923781410302,0.9878204394095015,0.010113179034756331,0.0,0.0,0.13543787215015676,0.6695872769497409,0.061146235702061416,2.8133315284653464
396,0.000275197019119079,1.0,0.028504464074526684,1.0271718602369326,0.01030489167608874,0.0,0.0,0.13637409757564564,0.7426930795801748,0.04841273846012531,2.7767926206683167
397,0.00027507366625376155,1.0,0.04135367303791613,1.0557864414583338,0.011509191595239214,0.0,0.0,0.15268691459504685,0.7515391736927599,0.050895162148050746,2.7861424814356437
398,0.00027495003550828353,1.0,0.029221577698936557,1.0559121116553203,0.008760738322548199,0.0,0.0,0.13919315892871065,0.7249355505008509,0.052121228510790533,2.6401028774752477
399,0.00027482612716065347,1.0,0.05458086157346716,1.1173617344091433,0.012206316252451131,0.0,0.0,0.17242019660402053,0.7969088412747525,0.06065595268022896,2.7895169399752477
400,0.00027470194148950406,1.0,0.03975636725968654,1.0668295503842948,0.012174528025293558,0.0,0.0,0.15252658842813852,0.8028286471225248,0.055143752900680694,2.8008102568069306
401,0.00027457747877409174,1.0,0.03195112032612952,1.0618125147158557,0.009128117297619287,0.0,0.0,0.14269643136770419,0.7443666363706684,0.060900999767945545,2.770121055074257
402,0.00027445273929429593,1.0,0.02091861376077822,1.0278341215435822,0.01012586600303945,0.0,0.0,0.1287649613205749,0.7030268754109298,0.05813455109549041,2.7124555228960396
403,0.00027432772333061816,1.0,0.043467525208350455,1.007508400643226,0.010152113515570169,0.0,0.0,0.14929442447010832,0.6796966401657255,0.06504693361792234,2.8638227103960396
404,0.00027420243116418213,1.0,0.03745832876993878,0.9820026230103899,0.010250183530059635,0.0,0.0,0.14078368497366953,0.5581374970993193,0.08635084699876237,3.2743850556930694
405,0.0002740768630767322,1.0,0.031055065996871137,0.989553189513707,0.009280102779295776,0.0,0.0,0.1346504388026672,0.627354083674969,0.062017837373336944,3.0350595606435644
406,0.0002739510193506335,1.0,0.03154128244017611,1.0653371232570987,0.009472850279071101,0.0,0.0,0.14281142185820211,0.6986609827173819,0.05814225602858138,2.830126469678218
407,0.00027382490026887083,1.0,0.039019406653276766,1.0367170229996785,0.009128565331782666,0.0,0.0,0.14725539316930394,0.7573523190942141,0.04629826309657333,2.536780631188119
408,0.0002736985061150482,1.0,0.02371626059607704,1.0478484146665819,0.011904133559840888,0.0,0.0,0.1344531705916518,0.7106610288714418,0.0458400839626199,2.732035117574257
409,0.0002735718371733883,1.0,0.03381754439508561,1.0038575323501435,0.007870532875410327,0.0,0.0,0.1381385660555103,0.6432108359761758,0.06101876438254177,3.234133276608911
410,0.0002734448937287315,1.0,0.047777414838276286,1.0277533548893314,0.010131493267271263,0.0,0.0,0.15561849845222908,0.7311786613842048,0.041785967231977104,2.9190226639851486
411,0.0002733176760665357,1.0,0.056941380558332595,1.0330227418701248,0.012934704394181176,0.0,0.0,0.1667110095224758,0.638265326471612,0.0511445149336711,2.8556814665841586
412,0.0002731901844728752,1.0,0.03918345431142514,1.0043475899365868,0.011408177452244898,0.0,0.0,0.1453223044034278,0.7138442237778465,0.060548763463992884,3.0114190129950495
413,0.0002730624192344406,1.0,0.033495419612615415,1.0095559187454752,0.00814063570895555,0.0,0.0,0.1385213310765748,0.7747591226407797,0.055031351523824254,2.726175742574257
414,0.00027293438063853747,1.0,0.038854891710942335,1.0419281278506365,0.008655928668916447,0.0,0.0,0.14737566951477882,0.7449857504060953,0.05294180388497834,2.7382522431930694
415,0.0002728060689730863,1.0,0.047279565788731714,1.0583611065798466,0.01117968076775496,0.0,0.0,0.1587055186086362,0.6660812680083926,0.08749963741491337,2.960347694925743
416,0.00027267748452662166,1.0,0.0466480119024763,1.0253254364032556,0.010303737930515505,0.0,0.0,0.15433242562973853,0.6889440706460783,0.06650543212890625,3.029364557549505
417,0.0002725486275882914,1.0,0.03346396171220458,1.0219006573799814,0.009636209046671002,0.0,0.0,0.14047213363470418,0.6422841666948678,0.06274723770594832,3.1276299504950495
418,0.0002724194984478561,1.0,0.03181676869050111,1.0089525987606238,0.012996892660330649,0.0,0.0,0.13921047665990224,0.6569883894212175,0.065277628379293,3.1808284344059405
419,0.00027229009739568864,1.0,0.040384774529697874,1.032461651481024,0.010674506128479791,0.0,0.0,0.1489681944546133,0.7566878819229579,0.044663004355855504,2.8592686417079207
420,0.00027216042472277325,1.0,0.025222939909389702,1.0300271635008331,0.007971017641052234,0.0,0.0,0.1322111672546604,0.6983686390489635,0.06526554220973856,2.9188872988861387
421,0.0002720304807207048,1.0,0.028909889335679537,1.0133798305350956,0.008933640012545235,0.0,0.0,0.13471469268350317,0.7443110399907178,0.0493222982576578,2.936504099628713
422,0.0002719002656816885,1.0,0.026518065961870816,1.0456703352456045,0.009954029824446407,0.0,0.0,0.13606211520952755,0.7771125264687113,0.048459119135790533,2.806418239480198
423,0.000271769779898539,1.0,0.04060754117251623,1.0560630152721215,0.00996459509697881,0.0,0.0,0.15119614223442454,0.7964006178449876,0.047838192174930384,2.774172339108911
424,0.00027163902366467965,1.0,0.04119379634019172,1.0226444200714035,0.010201600412515426,0.0,0.0,0.14855904021475574,0.7851224087252475,0.08053286712948639,2.7715133818069306
425,0.00027150799727414216,1.0,0.05888449068706814,1.026016388789262,0.01336492093436715,0.0,0.0,0.16816859146451005,0.7083534769492574,0.05571014102142636,2.732238165222772
426,0.00027137670102156554,1.0,0.04512903961067152,1.0404037331590559,0.010694428551066113,0.0,0.0,0.15451662987470627,0.7320907139542079,0.047850958191522276,2.7070892636138613
427,0.00027124513520219583,1.0,0.0371449975905442,1.0841349563976326,0.012961799002224855,0.0,0.0,0.15203939422522442,0.7208578279702971,0.058039145894569925,3.007609452351485
428,0.000271113300111885,1.0,0.028587533511442713,1.0286221179631676,0.009011843640560119,0.0,0.0,0.13595566832193054,0.7782187886757426,0.06575571192373143,2.75222385519802
429,0.0002709811960470909,1.0,0.031383763777442494,1.0422668740300849,0.010258367980166458,0.0,0.0,0.14073963662480363,0.7425065748762376,0.050138039164023825,2.7030863242574257
430,0.00027084882330487574,1.0,0.03160771118974922,1.0771637588444323,0.011452281149104238,0.0,0.0,0.14505022830597245,0.7530819732363861,0.05604757176767482,3.0847482209158414
431,0.00027071618218290635,1.0,0.03781460756712621,1.064923360206113,0.013300556468196435,0.0,0.0,0.150957222695988,0.7740659808168316,0.06825634040454827,2.720316367574257
432,0.00027058327297945287,1.0,0.03395512161573561,1.0764471864936376,0.01311031592050844,0.0,0.0,0.1481550000976808,0.7335803343517946,0.058402410828241026,2.8095606435643563
433,0.00027045009599338825,1.0,0.030680918826325104,1.0550789514390548,0.011700467704472566,0.0,0.0,0.14203904960120078,0.8372573097153465,0.06887666305693069,2.8607866646039604
434,0.0002703166515241876,1.0,0.029510892116197264,1.0504419242981637,0.011550508137552602,0.0,0.0,0.14033033956985663,0.7661277846534653,0.08053551097907642,2.84933864480198
435,0.0002701829398719276,1.0,0.02658359758039512,1.062784762665777,0.011952883661909048,0.0,0.0,0.13883851807896452,0.8091569655012376,0.06505781117052135,2.627349551361386
436,0.00027004896133728576,1.0,0.03258061497518332,1.080619245472521,0.012883140738952057,0.0,0.0,0.14708411177196126,0.8011027421101485,0.051583091811378406,2.6950997834158414
437,0.0002699147162215396,1.0,0.02764496387969149,1.0499680868469843,0.009457949099435222,0.0,0.0,0.13737074824252932,0.8250526956992574,0.05727038997234685,2.4758760055693068
438,0.00026978020482656614,1.0,0.034327405772291784,1.0588367616776193,0.01133374277834255,0.0,0.0,0.14587795454086644,0.7437354361656869,0.05268059154548267,2.6792620668316833
439,0.0002696454274548413,1.0,0.03374361136172077,1.0440593568405303,0.010796419985703017,0.0,0.0,0.14354775941903047,0.8183255337252475,0.06420822898940284,2.736173422029703
440,0.000269510384409439,1.0,0.03461509526218518,1.0230948358479113,0.009638534292882991,0.0,0.0,0.14174384911461632,0.7264537244740099,0.0393406329768719,2.8403658725247523
441,0.00026937507599403065,1.0,0.020206737341267048,1.0032955897916662,0.008886365710969756,0.0,0.0,0.12497948051089107,0.7864857286509901,0.07132622747137995,2.7659924195544554
442,0.00026923950251288417,1.0,0.025483094524629046,1.0505877597497242,0.01075474152313822,0.0,0.0,0.13591924324484156,0.8312383972772277,0.059023866559019186,2.741597694925743
443,0.0002691036642708639,1.0,0.0331785890946884,1.0419774675133204,0.010650939407232817,0.0,0.0,0.14270180862138768,0.6531352430286974,0.05850181957282642,2.860399907178218
444,0.00026896756157342925,1.0,0.05203313203436313,1.0608978123948125,0.012001392448846583,0.0,0.0,0.16412361799785408,0.6798701522373917,0.052633304407100866,3.131120436262376
445,0.0002688311947266344,1.0,0.021736327374335562,1.0722326335340444,0.012202539519835633,0.0,0.0,0.1350608840584755,0.8118691019492574,0.06186917748781714,2.891533879950495
446,0.00026869456403712765,1.0,0.031161607381435905,1.0768532758892173,0.008364746757404933,0.0,0.0,0.14302931298123728,0.7208128069887066,0.04364610426496751,2.7241742728960396
447,0.0002685576698121504,1.0,0.02503227294966726,1.0623520347151425,0.009300969164163833,0.0,0.0,0.13591796248266014,0.7369253706223894,0.05382409426245359,2.864837948638614
448,0.00026842051235953686,1.0,0.03327150521154451,1.047406830409966,0.008020884493402767,0.0,0.0,0.14202263287388453,0.7628016707920792,0.054882691638304455,2.7900970761138613
449,0.00026828309198771293,1.0,0.02551615489001321,1.0175535826399775,0.00815257985412263,0.0,0.0,0.13134781772842502,0.7074629103783334,0.03455058182820235,2.553111463490099
450,0.00026814540900569597,1.0,0.04104814047713091,1.0278724390681426,0.01059827509585141,0.0,0.0,0.14913452387151152,0.7624487546410891,0.04599716639754796,2.7949992264851486
451,0.0002680074637230937,1.0,0.023362625353407152,1.0352307906245242,0.008324141701738728,0.0,0.0,0.13104777945445314,0.729231088468344,0.04631797866065904,2.8512240872524752
452,0.0002678692564501037,1.0,0.015764548747551323,1.0585787284492265,0.00993487429297944,0.0,0.0,0.12658986257444513,0.7287963262879023,0.04968216395614171,2.857508895420792
453,0.0002677307874975129,1.0,0.031655415449992265,1.077324892034625,0.013451110772179937,0.0,0.0,0.14611346281991147,0.7506719910272277,0.05893246490176361,2.963335396039604
454,0.0002675920571766963,1.0,0.033171456012100274,1.0408684198218998,0.009617130755041127,0.0,0.0,0.14206686475784472,0.7581472868966584,0.04502657144376547,2.831963567450495
455,0.00026745306579961696,1.0,0.0346829034756906,1.0245457816832135,0.009568540544806988,0.0,0.0,0.1419217532666603,0.6593243438418549,0.06632708558941831,2.9605023978960396
456,0.0002673138136788248,1.0,0.038239105097433126,1.0187140532059245,0.009399423523261995,0.0,0.0,0.14481022363842125,0.7128970457775758,0.05400077895362779,2.891533879950495
457,0.00026717430112745615,1.0,0.035337366126846556,1.0572116492998482,0.009985879941907997,0.0,0.0,0.14605148173499816,0.7098182451606977,0.04674326075185643,2.732644260519802
458,0.00026703452845923295,1.0,0.029697537237759863,1.052347988185316,0.010426797735790657,0.0,0.0,0.140145737345856,0.792258083230198,0.05119973362082302,2.6762743657178216
459,0.00026689449598846205,1.0,0.031076990916292267,1.0471262742977332,0.009067910492862805,0.0,0.0,0.14032357451644276,0.7254117455812964,0.057302871553024444,2.9997099319306932
460,0.0002667542040300346,1.0,0.037943843457073266,1.0593089160352651,0.008972478697380734,0.0,0.0,0.14836098054553024,0.711113958075495,0.05936303469214109,3.0088664139851486
461,0.000266613652899425,1.0,0.02022166362050736,1.020371928073392,0.008716967424820407,0.0,0.0,0.1266173448155422,0.7526275332611386,0.06309350646368347,3.283986308787129
462,0.0002664728429126909,1.0,0.02380346492080405,1.051612904756376,0.00883377755941399,0.0,0.0,0.13338164749121903,0.707199247756807,0.05302640707185953,2.8937867419554455
463,0.00026633177438647164,1.0,0.026760873670625216,1.0529136433459745,0.01036682087549995,0.0,0.0,0.1372356498890584,0.6979025661355198,0.04984124816290223,2.737623762376238
464,0.00026619044763798806,1.0,0.02789609772291514,1.019115170039753,0.00767167483567085,0.0,0.0,0.13364345351658244,0.7046868352606745,0.04549717667079208,2.713045327970297
465,0.00026604886298504173,1.0,0.027157258721861508,1.0503480705884423,0.010042362924812748,0.0,0.0,0.13721324805871093,0.7239470529084159,0.045449360762492265,2.98605739480198
466,0.00026590702074601413,1.0,0.03940693543541549,1.032331380513635,0.006846699599720685,0.0,0.0,0.1460634252369994,0.7466436707147277,0.058609613097540224,2.7305267636138613
467,0.00026576492123986595,1.0,0.013144409413089846,1.0478421744733755,0.009268017891462487,0.0,0.0,0.12256263727598851,0.7493110883353961,0.04849001440671411,2.728602645420792
468,0.0002656225647861364,1.0,0.029268567846848233,1.060496208691361,0.010285354410713115,0.0,0.0,0.14046086761916038,0.817206354424505,0.03638386490321396,2.759852645420792
469,0.00026547995170494255,1.0,0.025347973893184474,1.0841453104916186,0.010325929173037852,0.0,0.0,0.1389254716658356,0.7796963229037748,0.04254331683168317,2.816222540222772
470,0.00026533708231697847,1.0,0.02495184489110909,1.096894595292535,0.011337032101329157,0.0,0.0,0.14030982111350143,0.6989776309173886,0.06629279108330755,2.7627339882425743
471,0.0002651939569435146,1.0,0.036152336340729556,1.0724366891502153,0.009322995571235176,0.0,0.0,0.14805750460317818,0.7161836529722309,0.04088592529296875,2.7780882580445545
472,0.00026505057590639713,1.0,0.03681619904271447,1.065821354341979,0.011498443399657412,0.0,0.0,0.14914755825654114,0.7805577835234085,0.038573161210163985,2.8245861695544554
473,0.0002649069395280469,1.0,0.03475282772785366,1.079500154103383,0.010222840488261295,0.0,0.0,0.1478142647607492,0.7401993251082921,0.04649874243405786,2.7124071782178216
474,0.00026476304813145927,1.0,0.022716387405548946,1.0658034995050714,0.012831299912673191,0.0,0.0,0.13571238864471416,0.7617997273360149,0.03875271636660736,2.716207069925743
475,0.0002646189020402028,1.0,0.028887150421886162,1.0319409541564413,0.009710712547386341,0.0,0.0,0.13693660372259595,0.7330929595645111,0.035863064303256496,2.6940555383663365
476,0.0002644745015784189,1.0,0.021049535990056423,1.0488157496593966,0.007545513748698453,0.0,0.0,0.1297038690288468,0.7595124197478341,0.03862309219813583,2.5894183168316833
477,0.0002643298470708209,1.0,0.02967408970736041,1.0683573814901974,0.009174108943247264,0.0,0.0,0.14109688399746867,0.7586827042079208,0.03868646904973701,2.7801670792079207
478,0.0002641849388426935,1.0,0.013240616289105746,1.0703826410935657,0.007093390969716308,0.0,0.0,0.1238255775210881,0.8059680296642946,0.031879613895227414,2.595258353960396
479,0.00026403977721989194,1.0,0.021264678475880386,1.0721646016187008,0.009072200689086745,0.0,0.0,0.13301723974175972,0.8364596225247525,0.03883611093653311,2.862053295173267
480,0.0002638943625288412,1.0,0.021240036233816997,1.05188919353013,0.008541764976747223,0.0,0.0,0.13069984066014242,0.7712121340307859,0.038249516251063584,2.712687577351485
481,0.0002637486950965353,1.0,0.023660362799568933,1.0457320897886069,0.009596215892988856,0.0,0.0,0.13303168184391342,0.7453311127011139,0.04710509045289295,2.6919090346534653
482,0.0002636027752505367,1.0,0.023381401480424523,1.0302693182879155,0.007407090370773826,0.0,0.0,0.13011187942016242,0.7111438713451423,0.052578916644105814,2.6161045792079207
483,0.0002634566033189755,1.0,0.020552782544700225,1.0384730667170912,0.008015277356342736,0.0,0.0,0.12840772958675234,0.7834916822981126,0.03566447342976485,2.5982073793316833
484,0.0002633101796305485,1.0,0.02619510911183782,1.0431408427729465,0.007765940660241955,0.0,0.0,0.1343921792536679,0.7396578647122525,0.04114649555470684,2.6796101485148514
485,0.00026316350451451877,1.0,0.021793832725817613,1.0930178903117038,0.009910927057303119,0.0,0.0,0.1360510931451722,0.7853605062654703,0.04303949186117342,2.6842802444306932
486,0.00026301657830071464,1.0,0.030224673671297508,1.1136446441754255,0.01058241680937607,0.0,0.0,0.14688035019553533,0.7275414797339109,0.046829752402730504,3.163685411509901
487,0.00026286940131952925,1.0,0.02053947927485598,1.0984204747889301,0.010975100486170463,0.0,0.0,0.13586907973974058,0.7166098415261448,0.05745629036780631,2.8068533415841586
488,0.00026272197390191944,1.0,0.024680739250218513,1.044520622432822,0.009677450645468336,0.0,0.0,0.1339715290630218,0.6953702869981823,0.049061010379602414,3.095113319925743
489,0.0002625742963794054,1.0,0.041746598511639206,1.0529805651985773,0.00948410691338416,0.0,0.0,0.1517867306523984,0.7810699160736386,0.04861691918703589,2.971089882425743
490,0.0002624263690840697,1.0,0.029556583207432586,1.0566583730206631,0.008319084402312073,0.0,0.0,0.13938198850886657,0.7555769740945042,0.04852498875986232,2.7616607363861387
491,0.0002622781923485563,1.0,0.02512922407229348,1.0346617256060686,0.007088542316514667,0.0,0.0,0.13213967436020918,0.8263676709467822,0.0367412000599474,2.654538598391089
492,0.0002621297665060705,1.0,0.03039956063327223,1.035419785740352,0.007636645935604921,0.0,0.0,0.13775987355130734,0.7875360167852723,0.04281578441657642,2.837426516089109
493,0.00026198109189037747,1.0,0.022498268265240262,1.0295951968372459,0.006459077353367933,0.0,0.0,0.12868732796742186,0.7635365099009901,0.047460234991394644,2.625725170173267
494,0.0002618321688358019,1.0,0.04351052826288903,1.0648767688486835,0.0098261989948183,0.0,0.0,0.15491130837414524,0.7438674775680693,0.04304319325059947,2.7642423422029703
495,0.00026168299767722713,1.0,0.026147943358905246,1.0682180641901375,0.011204081321236594,0.0,0.0,0.13857179120330526,0.7267416774636448,0.03857663598391089,2.8616665377475248
496,0.0002615335787500944,1.0,0.027678646073483006,1.0806060451092105,0.01015084105115015,0.0,0.0,0.14081467370880713,0.7453625367419554,0.03795298963490099,2.8472888304455446
497,0.0002613839123904021,1.0,0.030323171047586025,1.0425597163710263,0.008326372481239406,0.0,0.0,0.1387423299769364,0.754836885055693,0.044780920047571164,2.736985612623762
498,0.0002612339989347052,1.0,0.0231639662812842,1.0746400291376774,0.008671127765734523,0.0,0.0,0.13496353484616422,0.7793693920173267,0.04680618437209932,2.567692218440594
499,0.000261083838720114,1.0,0.03248340441006245,1.0368639873986196,0.008823343063935195,0.0,0.0,0.14058147614250088,0.7393569190903465,0.05705434969156095,2.745513613861386
500,0.00026093343208429383,1.0,0.031246054843805805,1.0476057045530565,0.011296888970133692,0.0,0.0,0.141655071315789,0.7502006304146039,0.06717938715868657,3.230778155940594
501,0.0002607827793654643,1.0,0.025104543433921173,1.0481099474548112,0.0099259447410131,0.0,0.0,0.13487851243503024,0.7738049195544554,0.06132046539004486,2.8163965810643563
502,0.0002606318809023981,1.0,0.032132069146869204,1.0380126904733111,0.008565028344446996,0.0,0.0,0.14021585350579555,0.7685063428217822,0.03986902520208076,2.748095219678218
503,0.00026048073703442074,1.0,0.02529228755300588,1.0954623930525071,0.010132102844406767,0.0,0.0,0.13990458137918227,0.8583742651608911,0.051489726151570235,2.7818591429455446
504,0.0002603293481014095,1.0,0.018907558172941208,1.075575018283164,0.008919378456724162,0.0,0.0,0.13092475045140428,0.7760601987933168,0.04802771842125619,2.731764387376238
505,0.0002601777144437928,1.0,0.026862887979143917,1.0841102246010657,0.008572911322093799,0.0,0.0,0.13956037075212685,0.7596085047957921,0.05479975029973701,2.680992806311881
506,0.0002600258364025492,1.0,0.031130962479527634,1.052603557558343,0.00747034463070167,0.0,0.0,0.14012649271747854,0.8553382193688119,0.06154062252233524,2.4937732054455446
507,0.000259873714319207,1.0,0.021391320457257848,1.0449516619786177,0.0076866952833802545,0.0,0.0,0.12972983747425645,0.7511385171720297,0.05817651276541228,2.647219214108911
508,0.00025972134853584323,1.0,0.02367457127807164,1.0211092139234637,0.00748252751430183,0.0,0.0,0.12952675766283922,0.7692073406559405,0.05636294525448639,2.7368695853960396
509,0.00025956873939508276,1.0,0.027041910160886178,1.0419528862037282,0.006704338415327602,0.0,0.0,0.13458936927047108,0.7840128983601485,0.04714663666073639,2.76158338490099
510,0.00025941588724009805,1.0,0.020333858520382702,1.0343341650349078,0.007914296135831956,0.0,0.0,0.12772442872571474,0.7648103921720297,0.05232956385848546,2.9126508353960396
511,0.0002592627924146076,1.0,0.032035642441841636,1.0418412502449337,0.00862695952983444,0.0,0.0,0.14053324905067388,0.7769859993811881,0.0612874172701694,2.9263227103960396
512,0.0002591094552628759,1.0,0.021092225087456184,1.0674957066479296,0.012945221746248185,0.0,0.0,0.13431440876557096,0.7681437577351485,0.04633761868618502,2.8164642636138613
513,0.0002589558761297123,1.0,0.043171052516687035,1.0621792373090688,0.01061426937847518,0.0,0.0,0.15469611222201055,0.7698841661509901,0.03313136336827042,2.9167117883663365
514,0.0002588020553604703,1.0,0.022168708983624337,1.0625270498861181,0.008567596433020316,0.0,0.0,0.13270521392621618,0.846902073019802,0.053858237691444925,2.611840578589109
515,0.0002586479933010466,1.0,0.03238813221307084,1.0402233683236755,0.008347140539824814,0.0,0.0,0.1405840412077337,0.797053875309406,0.05038625887124845,2.790551516089109
516,0.0002584936902978808,1.0,0.03207344038061576,1.0517518425932024,0.007946760354489825,0.0,0.0,0.14122200735134655,0.8257851175742574,0.05984255346921411,2.6626314975247523
517,0.0002583391466979539,1.0,0.02835224203691624,1.0441856874097692,0.00646954089735109,0.0,0.0,0.1360055824170018,0.8449972926980198,0.04864071383334623,2.498066212871287
518,0.0002581843628487884,1.0,0.02616448822145415,1.0497681834910175,0.0076279255208826745,0.0,0.0,0.13495527111952849,0.781071124690594,0.07732451788269647,2.6733543471534653
519,0.00025802933909844676,1.0,0.03221044055011013,1.053286342927725,0.007255371844990751,0.0,0.0,0.1411667623289741,0.8248472308168316,0.045953731725711634,2.4907371596534653
520,0.0002578740757955308,1.0,0.026251976184620714,1.0777228769689504,0.006895767882152802,0.0,0.0,0.13747215101329407,0.7341344852258663,0.04892745820602568,2.5371480507425743
521,0.00025771857328918136,1.0,0.02011010478628744,1.0948039665080533,0.009296191471287667,0.0,0.0,0.13423859859162038,0.7826858369430693,0.049549291629602414,2.5376701732673266
522,0.000257562831929077,1.0,0.01974128448579571,1.0587333954206788,0.006847415340713935,0.0,0.0,0.1290383409007941,0.7751223120358911,0.03304086817373143,2.449199412128713
523,0.00025740685206543325,1.0,0.02626649142787008,1.048944934169845,0.007284493236295362,0.0,0.0,0.13480323501447639,0.8647122524752475,0.037224042533647896,2.508856745049505
524,0.0002572506340490022,1.0,0.02005977268413742,1.0634188551713926,0.008439969753219497,0.0,0.0,0.13062164725938646,0.7981247099319307,0.05557235868850557,2.9125251392326734
525,0.00025709417823107137,1.0,0.02847183506825183,1.0716554847094093,0.009639787687090142,0.0,0.0,0.1404572780622114,0.8214606861076733,0.052316646764774134,2.9264000618811883
526,0.00025693748496346294,1.0,0.016406917704804107,1.0588152573840452,0.007992030495989809,0.0,0.0,0.1262844608414291,0.7963722153465347,0.052815767798093285,2.661519569925743
527,0.00025678055459853324,1.0,0.022600530545310218,1.0514323380914066,0.00771104577942613,0.0,0.0,0.13159928832313803,0.7668795443997525,0.05801648432665532,2.787766862623762
528,0.0002566233874891717,1.0,0.04160354710598983,1.0530978641887703,0.0075199882566726,0.0,0.0,0.15067332909248843,0.7501070381391166,0.05245563771465037,2.6261892790841586
529,0.0002564659839887999,1.0,0.015614980887068381,1.0579297371429972,0.009331132226512943,0.0,0.0,0.12607352937212085,0.828502088490099,0.042099754409034656,2.701423267326733
530,0.0002563083444513713,1.0,0.02981410337851779,1.0572300854295786,0.007650142367860062,0.0,0.0,0.13936218457056745,0.8305180615717822,0.063435696139194,2.7452912283415842
531,0.0002561504692313699,1.0,0.024114973511141124,1.0875276628107127,0.007491759479271783,0.0,0.0,0.13661362127502366,0.7969910272277227,0.05210075756110767,2.651618579826733
532,0.00025599235868380995,1.0,0.03431255753972743,1.0717795007299669,0.010089447799064956,0.0,0.0,0.1465352331795315,0.7879674930383663,0.05764562776773283,3.1942779238861387
533,0.0002558340131642345,1.0,0.01659541532839879,1.0479166525425296,0.008342720105976678,0.0,0.0,0.125558442039655,0.822531520730198,0.058440557800897276,2.9342028929455446
534,0.00025567543302871534,1.0,0.02136809566971099,1.090350842711949,0.006380372912401684,0.0,0.0,0.13359336776308495,0.8030171913675742,0.057986193364209467,2.586691676980198
535,0.0002555166186338516,1.0,0.033831383405935646,1.0846319475976547,0.010288180483707993,0.0,0.0,0.14743867000140767,0.7423634954018168,0.04535720371963954,2.700843131188119
536,0.0002553575703367694,1.0,0.02411123239757991,1.0820497911755402,0.010335542198206012,0.0,0.0,0.1374839843794851,0.762707247592435,0.031161242192334467,2.6913965810643563
537,0.00025519828849512063,1.0,0.023855240075009883,1.0567150393334945,0.011403034735092948,0.0,0.0,0.13522826312202038,0.8065342667079208,0.03355611668954982,2.908995977722772
538,0.00025503877346708245,1.0,0.025154001420677297,1.0458213527603906,0.007282810879290325,0.0,0.0,0.13337754413928135,0.7130871763323793,0.04502143482170483,2.7085105971534653
539,0.00025487902561135636,1.0,0.022353805822901206,1.0704587869124838,0.008147865718249048,0.0,0.0,0.13347361871216556,0.7195422484142946,0.03644463567450495,2.756768254950495
540,0.0002547190452871675,1.0,0.020954044480430017,1.091128104394025,0.010486432408803318,0.0,0.0,0.1353100719723371,0.7929614982982673,0.06114929501372989,3.007503094059406
541,0.0002545588328542637,1.0,0.031189454664098153,1.0756506341518741,0.00778121078942469,0.0,0.0,0.14264513478420748,0.8071585173654084,0.03975968313689279,2.6987449721534653
542,0.0002543983886729146,1.0,0.0275948659544534,1.0889051804448118,0.008217266984376134,0.0,0.0,0.14059401923181988,0.7587890625,0.049335668582727414,2.9467821782178216
543,0.0002542377131039113,1.0,0.021774127452385307,1.071250081652462,0.007791212129425073,0.0,0.0,0.13279474681556816,0.758243976253094,0.04264914635384437,3.430335318688119
544,0.0002540768065085649,1.0,0.02198256740328109,1.0633506043122547,0.008574731714820654,0.0,0.0,0.1326049952076213,0.6403773468319732,0.052276384712445854,2.8003268100247523
545,0.00025391566924870616,1.0,0.016586165690776145,1.0947007826059172,0.009036683687239443,0.0,0.0,0.1305745918266844,0.6698747389387376,0.04148623022702661,2.885210396039604
546,0.0002537543016866845,1.0,0.012610772200445137,1.0748330472719552,0.00831848515617191,0.0,0.0,0.12425332081199873,0.7138393893100248,0.05327991447826423,3.041102645420792
547,0.00025359270418536726,1.0,0.029606960234370563,1.0418259106060066,0.006304817371033501,0.0,0.0,0.13694196223917574,0.7718493773205446,0.041733014701616646,2.6390973081683167
548,0.0002534308771081388,1.0,0.027771303264221343,1.042692522601326,0.007517957485898739,0.0,0.0,0.135799543175957,0.7449781965501238,0.03177008298364016,2.630134204826733
549,0.0002532688208188998,1.0,0.028776822076870663,1.0516555232576805,0.008195006369271934,0.0,0.0,0.13803988001724282,0.7924732170482673,0.04200366936107673,2.7101059715346536
550,0.00025310653568206615,1.0,0.02356609178356605,1.034523321850465,0.008346444745040914,0.0,0.0,0.13119164898548977,0.7706522422261758,0.036984962992148825,2.726311107673267
551,0.0002529440220625687,1.0,0.029511963008063854,1.0636058414336478,0.007605605654990171,0.0,0.0,0.13967536257045104,0.7515180228960396,0.05297428546565594,2.925655553836634
552,0.0002527812803258518,1.0,0.01804088930239772,1.071372376220061,0.009377942814740657,0.0,0.0,0.12986710394668108,0.720027508121906,0.0419282063399211,3.1325224319306932
553,0.0002526183108378729,1.0,0.03251144175629805,1.0624509742944548,0.009040801471795444,0.0,0.0,0.1432769496252041,0.787708849009901,0.029609982330020112,2.7846824721534653
554,0.0002524551139651016,1.0,0.031748846320822685,1.0790866377330062,0.009572175030578112,0.0,0.0,0.14444360631232214,0.8279848004331684,0.036911766127784656,2.747089650371287
555,0.00025229169007451866,1.0,0.025987476921907747,1.0766126938385538,0.00909998546940007,0.0,0.0,0.1381987410016579,0.7677835898824258,0.04043786832601717,3.068871828589109
556,0.0002521280395336156,1.0,0.019489329898416407,1.0493932289652306,0.008014315032713706,0.0,0.0,0.12843581318560213,0.7739088606126238,0.03784942626953125,2.758015547648515
557,0.0002519641627103933,1.0,0.016795705008034657,1.0529311476367536,0.007886730639337756,0.0,0.0,0.12603218713314226,0.7673521136293316,0.04163813827061417,2.7153175278465347
558,0.00025180005997336183,1.0,0.03747270673070804,1.109732486233853,0.008941388351261837,0.0,0.0,0.1529166505921005,0.7905019627939357,0.04097645825678759,2.909053991336634
559,0.00025163573169153906,1.0,0.023601713673313065,1.0774611777598315,0.008242295160520784,0.0,0.0,0.1354689824551639,0.8034063660272277,0.0371915609529703,2.631768254950495
560,0.00025147117823444995,1.0,0.017075683921575546,1.0642702331637393,0.009385978285509097,0.0,0.0,0.12819570251325568,0.7566322855430074,0.03718638656162979,2.6810894956683167
561,0.000251306399972126,1.0,0.022249803758493746,1.0356375439332264,0.007120516782829372,0.0,0.0,0.12937381775072304,0.7209966678430538,0.0324268907603651,2.5166595761138613
562,0.0002511413972751043,1.0,0.010655490109826079,1.0708471129436303,0.007741364336913765,0.0,0.0,0.12161088609459376,0.7319263420482673,0.04182868428749613,2.740031327351485
563,0.00025097617051442623,1.0,0.04888651022078967,1.0894461758065932,0.00937307164958208,0.0,0.0,0.16251766475120394,0.7796703376392327,0.03954020585163985,3.1026164139851486
564,0.0002508107200616375,1.0,0.02864071239929388,1.046432634391407,0.007424994308436935,0.0,0.0,0.1369964747440697,0.7254276086788366,0.03961612210415377,3.1402865872524752
565,0.0002506450462887865,1.0,0.028653650000543877,1.0890408842870505,0.0091533986638337,0.0,0.0,0.14213444012226445,0.7783275642017327,0.05940741359597385,3.036084467821782
566,0.000250479149568424,1.0,0.01858161102132042,1.0600181711782324,0.0079733253500452,0.0,0.0,0.12857009212274362,0.7420370271890471,0.04613691273302135,2.8262105507425743
567,0.000250313030273602,1.0,0.022275107479331518,1.0458874956215962,0.008061641335053977,0.0,0.0,0.13089467850652073,0.7864349667388614,0.04967800933535736,2.772528620049505
568,0.0002501466887778729,1.0,0.01572101943121098,1.0374388263957335,0.007191396205418623,0.0,0.0,0.12306060118250328,0.7998868734529703,0.039599730236695545,2.673228650990099
569,0.0002499801254552892,1.0,0.014905120587289924,1.0649251554271963,0.0056097496642113324,0.0,0.0,0.12420251235218331,0.7713490099009901,0.0515860378152073,2.7165068069306932
570,0.0002498133406804017,1.0,0.025347947373543636,1.0898258809996124,0.0071584963433370735,0.0,0.0,0.13790978542943994,0.7554448193842822,0.05400878604095761,3.1000444771039604
571,0.00024964633482825937,1.0,0.023560202320908556,1.0444277884936568,0.007133690810342789,0.0,0.0,0.13156982732586342,0.7448346732866646,0.04531701720587098,2.905737546410891
572,0.00024947910827440847,1.0,0.024955507810458098,1.0810580170980775,0.008312607434172515,0.0,0.0,0.13721761432024512,0.7257314247660117,0.04832768204188583,2.715423886138614
573,0.00024931166139489144,1.0,0.018752539954563177,1.0798413287294972,0.007084733274036852,0.0,0.0,0.13027904108904376,0.7682706625154703,0.03803049219716893,2.654113165222772
574,0.00024914399456624605,1.0,0.030245391080285063,1.053274160564536,0.009130213606761455,0.0,0.0,0.14013791593289612,0.7982189820544554,0.03788610024027305,2.7943997524752477
575,0.0002489761081655048,1.0,0.033037390818100164,1.0676952759818275,0.0069441222084344984,0.0,0.0,0.14327898009283707,0.8183980507425742,0.038197659029818996,2.6986772896039604
576,0.000248808002570194,1.0,0.03017659964832929,1.0973367189416792,0.011138768479375555,0.0,0.0,0.1454796578624461,0.820911974009901,0.048734683801632116,3.085550742574257
577,0.00024863967815833265,1.0,0.03908454730074004,1.0449338490420048,0.010767045879210945,0.0,0.0,0.14896146385091366,0.7224024404393564,0.051728352461711015,3.1193146658415842
578,0.0002484711353084321,1.0,0.013974101199667053,1.0456346981596238,0.007695401844679203,0.0,0.0,0.12238527310661751,0.8168921140160891,0.03174379556485922,2.8380549969059405
579,0.0002483023743994946,1.0,0.027546898932150093,1.0650468450961728,0.010862202524198311,0.0,0.0,0.13948270862940515,0.753971515315594,0.04579891544757503,3.1226407797029703
580,0.00024813339581101286,1.0,0.02958978535515247,1.0570671186588778,0.009380064309934284,0.0,0.0,0.13998654351966217,0.715748399791151,0.038035175587871284,2.8560295482673266
581,0.0002479641999229692,1.0,0.02406608449793098,1.0744447206506635,0.008290709142739156,0.0,0.0,0.13565591877639885,0.7260669670482673,0.03414267360573948,2.8736753558168315
582,0.00024779478711583455,1.0,0.028533006953720998,1.0852150639685074,0.007224312600781127,0.0,0.0,0.1406666747119167,0.7142817431157178,0.03149980601697865,2.662882889851485
583,0.0002476251577705674,1.0,0.019159319893558426,1.0768241038416873,0.008682771887293658,0.0,0.0,0.13118311740679317,0.8233002011138614,0.033219139174659656,2.794593131188119
584,0.00024745531226861347,1.0,0.029697952220345488,1.0810734895196292,0.008087411401263152,0.0,0.0,0.1418490080845238,0.7680470683787128,0.04161494793278156,2.7099029238861387
585,0.00024728525099190437,1.0,0.024348447007117885,1.0924875382149573,0.009126939553776664,0.0,0.0,0.13816067428872136,0.7272369082611386,0.041287639353534966,2.808787128712871
586,0.0002471149743228569,1.0,0.02584582755323684,1.0929493142826723,0.007696686194988318,0.0,0.0,0.13898910449282958,0.7795893603032178,0.03562594876431002,3.0724396658415842
587,0.00024694448264437247,1.0,0.01719605694017788,1.0570217589340587,0.008920000788829483,0.0,0.0,0.12735823504995591,0.7452598043007426,0.040991868122969524,3.1267790841584158
588,0.0002467737763398356,1.0,0.024850191861981213,1.0588651795198423,0.009005112046177618,0.0,0.0,0.1352392668918808,0.705898624835628,0.03141429636738088,2.5872621441831685
589,0.00024660285579311374,1.0,0.01705446393035426,1.0709945529994398,0.007739539278929334,0.0,0.0,0.12802369059017388,0.7231937823909345,0.03519005350547262,2.7806408570544554
590,0.000246431721388556,1.0,0.017708339129049,1.057057794367913,0.011810188849069326,0.0,0.0,0.12931921495364443,0.6796995861695545,0.06393916063969678,2.8131961633663365
591,0.00024626037351099236,1.0,0.018659086141845967,1.0869356163657538,0.0075294556998703075,0.0,0.0,0.13111737746708463,0.7415844001392327,0.042780356832069925,2.6751624381188117
592,0.0002460888125457329,1.0,0.021755324104929915,1.0815557625034067,0.0081590368743239,0.0,0.0,0.13399041953063248,0.8024491413985149,0.03233178771368348,2.696105352722772
593,0.0002459170388785668,1.0,0.015235866576728254,1.0729616461413922,0.00740297798800402,0.0,0.0,0.12623352218087358,0.7501377823329208,0.05071228329497989,2.670985457920792
594,0.0002457450528957617,1.0,0.029127477566794593,1.0588106595643676,0.007588223162300811,0.0,0.0,0.1388026565165803,0.7966888729888614,0.04713273756574876,2.808922493811881
595,0.00024557285498406233,1.0,0.01233432453015063,1.0685050817999509,0.0065087698708924625,0.0,0.0,0.1224392187772411,0.7813539410581684,0.04135645498143564,2.7691638304455446
596,0.0002454004455306905,1.0,0.023131918088339344,1.0795925879242396,0.007661065952921526,0.0,0.0,0.13492171237669368,0.759033203125,0.032088704628519496,2.658512530940594
597,0.0002452278249233432,1.0,0.020929318142704444,1.063527286642849,0.009400744330008873,0.0,0.0,0.13198242129960863,0.7722131710241337,0.032519123341777534,2.8095606435643563
598,0.0002450549935501926,1.0,0.01838409790013096,1.0466628729706944,0.0077138020326198995,0.0,0.0,0.1269072877003415,0.8222752939356436,0.04424512504351021,2.678826964727723
599,0.00024488195179988464,1.0,0.016953475625798253,1.0438051223754883,0.007564554540763176,0.0,0.0,0.12511626690035998,0.7708921526918316,0.04166480338219369,2.725382889851485
600,0.0002447087000615384,1.0,0.0201848368390952,1.097345506790841,0.009698163071073278,0.0,0.0,0.13476847053164304,0.7253254805461015,0.03863340321153697,2.752040145420792
601,0.0002445352387247451,1.0,0.017210285520494573,1.0868888627184499,0.010326396669307262,0.0,0.0,0.13106237219111755,0.6668229811262376,0.049125444771039604,3.0522509282178216
602,0.0002443615681795674,1.0,0.044629949707501004,1.0439563216549335,0.00655120152906321,0.0,0.0,0.15230118453797728,0.7665048731435643,0.05517918048518719,2.774191676980198
603,0.00024418768881653824,1.0,0.025292418823383823,1.0762919352786375,0.005994503321771575,0.0,0.0,0.1359188665847967,0.7363559231899752,0.05111180673731436,2.767955213490099
604,0.0002440136010266603,1.0,0.021932084629736323,1.063807229004284,0.008685877676914897,0.0,0.0,0.13265574745612568,0.8528798924814357,0.038533427927753716,2.893506342821782
605,0.0002438393052014049,1.0,0.028001912196378896,1.0430093950564319,0.006698253034328175,0.0,0.0,0.13565197992737932,0.7780568340037128,0.034973371146929146,2.6691096844059405
606,0.00024366480173271105,1.0,0.031003746139531087,1.045674733596273,0.007186931790784001,0.0,0.0,0.13916468723575667,0.7607566909034653,0.03917172875734839,2.8120455600247523
607,0.00024349009101298487,1.0,0.010372560065571624,1.045838222645297,0.0077728904543979335,0.0,0.0,0.1188428283918022,0.760519801980198,0.03413934990911201,2.650632348391089
608,0.00024331517343509837,1.0,0.02229662955102354,1.0459413310088734,0.008095581897091822,0.0,0.0,0.13093855453304726,0.7706625154702971,0.039904452786587254,2.7663114944306932
609,0.00024314004939238884,1.0,0.031375398287678706,1.0574024101295094,0.007555762989363532,0.0,0.0,0.14089352180167,0.8332156946163366,0.052645352807375465,2.806176516089109
610,0.00024296471927865774,1.0,0.018419333613745058,1.0695973876679297,0.007526544709966545,0.0,0.0,0.12914234576839032,0.7805320815284653,0.03489163842531714,2.7290087407178216
611,0.00024278918348817,1.0,0.03307766246028466,1.0651741901246627,0.007623329674502337,0.0,0.0,0.1434067481815225,0.7541745629641089,0.04116560681031482,2.788685411509901
612,0.00024261344241565308,1.0,0.016407854375567767,1.0567005512737992,0.00615987648246902,0.0,0.0,0.12515784925458454,0.7883421642945545,0.05182761012917698,2.8023089418316833
613,0.000242437496456296,1.0,0.02466247780340733,1.0729132465796896,0.0074073195153164986,0.0,0.0,0.13565746384977115,0.7154359723081684,0.03286093532448948,2.862188660272277
614,0.0002422613460057484,1.0,0.017392046565171515,1.1028462081852526,0.01049912660290478,0.0,0.0,0.13292623318658017,0.7490331064356436,0.04829950615911201,3.1232595915841586
615,0.00024208499146012005,1.0,0.03228919599020835,1.0744510977575095,0.006511650425681642,0.0,0.0,0.1429901325909218,0.8444945080445545,0.0430386231677367,2.965375541460396
616,0.0002419084332159794,1.0,0.018964866379109938,1.0782134155235668,0.0061386689050399726,0.0,0.0,0.12985554359631962,0.8084656366027227,0.046868616991704054,2.691425587871287
617,0.00024173167167035304,1.0,0.02354118541473209,1.046141017191481,0.006055254493938012,0.0,0.0,0.13118291601981266,0.7244864737633432,0.0379771619740099,2.7599396658415842
618,0.00024155470722072485,1.0,0.017596681888150698,1.0225828756200206,0.005912171243943532,0.0,0.0,0.12281105718990364,0.7800800587871287,0.038940656303179146,2.633586014851485
619,0.00024137754026503475,1.0,0.02668805914645148,1.042990755916822,0.006236371039620389,0.0,0.0,0.13410532253213447,0.7310150448638614,0.029232213992883664,2.6153987469059405
620,0.00024120017120167822,1.0,0.015922725458841512,1.0665815348672394,0.0064397113066913545,0.0,0.0,0.12580073646979756,0.7655814897896039,0.033333353476949254,2.5102007271039604
621,0.0002410226004295051,1.0,0.013394779719338558,1.079689595958974,0.007897448292034355,0.0,0.0,0.12531246805545126,0.7500410929764851,0.03757182206257735,2.6112507735148514
622,0.00024084482834781893,1.0,0.018508826373237194,1.0439021669992126,0.006970056695148976,0.0,0.0,0.12638407355487938,0.7666982518564357,0.04123884144395885,2.8792446627475248
623,0.00024066685535637585,1.0,0.028201605755798886,1.083221967857663,0.006937871014556414,0.0,0.0,0.13999274011590693,0.8000802521658416,0.04762947913443688,2.8572575030940595
624,0.0002404886818553838,1.0,0.018626976463169156,1.08513210728617,0.007753971098498027,0.0,0.0,0.13101717837081098,0.835560411509901,0.04073129786123143,2.730401067450495
625,0.00024031030824550161,1.0,0.01262757683744525,1.058454434470375,0.008027612368834418,0.0,0.0,0.12248683565914041,0.7725697130259901,0.04765984563544245,2.5650816058168315
626,0.0002401317349278381,1.0,0.030430437572816812,1.094994072276767,0.009838767795210318,0.0,0.0,0.1448492356898761,0.7308967514793472,0.0782224447420328,2.9159866181930694
627,0.00023995296230395124,1.0,0.027439409996023272,1.0757423627494584,0.008522921515568759,0.0,0.0,0.13927511310223306,0.7363118086711015,0.047660223328241026,2.694074876237624
628,0.00023977399077584698,1.0,0.01729025448312854,1.056562086733261,0.007045140638048438,0.0,0.0,0.12646903628760045,0.8360196859529703,0.03418116050191445,2.5991162592821784
629,0.0002395948207459788,1.0,0.018966363872041796,1.0402403025343867,0.005963408611518894,0.0,0.0,0.1259720979793237,0.8339867922339109,0.03334842341961247,2.4916847153465347
630,0.0002394154526172464,1.0,0.016317033531642197,1.056525971629832,0.007052753962078454,0.0,0.0,0.1254960097888909,0.7905853573638614,0.04261243461382271,2.7664565284653464
631,0.0002392358867929949,1.0,0.028467874752708,1.083718496384007,0.007952220025610659,0.0,0.0,0.14081583533546713,0.8210280012376238,0.04678752634784963,2.849009900990099
632,0.00023905612367701413,1.0,0.013116071203557572,1.0439069206171696,0.007174282417157757,0.0,0.0,0.12109390542943879,0.828013807240099,0.04068574810972308,2.736995281559406
633,0.00023887616367353749,1.0,0.014997192723031091,1.0406590050990039,0.00739609478398844,0.0,0.0,0.12276114176700612,0.7592652575804455,0.042908243613668004,2.707621055074257
634,0.00023869600718724106,1.0,0.025818214189298083,1.0526221931570827,0.008290814628852256,0.0,0.0,0.13522584876506635,0.7665677212252475,0.03330434667001857,2.8315768100247523
635,0.0002385156546232429,1.0,0.0244203882273471,1.063722289434754,0.007915950059835421,0.0,0.0,0.1347506016050235,0.7832430093595297,0.04734031752784654,3.0343537283415842
636,0.00023833510638710182,1.0,0.01671431280008637,1.081537668657775,0.006930316922872669,0.0,0.0,0.1283332440670174,0.7676723971225248,0.03581094269705291,2.9221650680693068
637,0.00023815436288481678,1.0,0.013915908292378529,1.0837028905896857,0.006033502704703646,0.0,0.0,0.12530294923794152,0.7519700456373762,0.030207643414487933,2.885829207920792
638,0.00023797342452282577,1.0,0.017456296167456278,1.053498938532159,0.006743202238956854,0.0,0.0,0.1261777927969942,0.6950272663985149,0.04459804119450031,2.9521581064356437
639,0.000237792291708005,1.0,0.019750655066258838,1.0475110299516432,0.0057422171123809925,0.0,0.0,0.12737286791648014,0.7869353341584159,0.04212426667166228,2.985738319925743
640,0.0002376109648476678,1.0,0.01890236386420703,1.0735628764228065,0.008201060777456306,0.0,0.0,0.13035918786974238,0.7863237739789604,0.03260746568736463,2.8475595606435644
641,0.00023742944434956403,1.0,0.021654134192089045,1.0589873938277217,0.008441352305039394,0.0,0.0,0.13177355098547322,0.727560817605198,0.02907887071666151,2.964534344059406
642,0.00023724773062187897,1.0,0.018861743999589786,1.0567153639132434,0.008637061253844733,0.0,0.0,0.12885181295989764,0.7733819036200495,0.05284549222134127,2.8314124381188117
643,0.0002370658240732323,1.0,0.01975978958872285,1.048067613403396,0.00680869123276028,0.0,0.0,0.12797089887432533,0.7033546372215347,0.04845262281965501,2.756110767326733
644,0.0002368837251126774,1.0,0.024261096621503924,1.1255091074669714,0.009396071142360274,0.0,0.0,0.14151004436287548,0.7252596109220297,0.039672096176902844,2.9014638768564356
645,0.00023670143414970026,1.0,0.017921947164110618,1.062320873288825,0.005563693076699493,0.0,0.0,0.1269358831024406,0.7286654935024752,0.05230750659904858,2.795985457920792
646,0.0002365189515942187,1.0,0.01866512196046291,1.0713599707820627,0.00685516483090486,0.0,0.0,0.1292287022760599,0.8260848545792079,0.04762736405476485,2.65749729269802
647,0.00023633627785658124,1.0,0.015114157396082831,1.0580687440267884,0.008844733371924941,0.0,0.0,0.12534340057927784,0.7798286664603961,0.057730570878132735,2.8950050278465347
648,0.00023615341334756648,1.0,0.017016623538024356,1.049097241151451,0.007473239016437922,0.0,0.0,0.12566297169369045,0.7025472810952971,0.03374043077525526,2.8252243193069306
649,0.00023597035847838183,1.0,0.027103868672753325,1.0536479170959774,0.007739483157523198,0.0,0.0,0.13633840627009325,0.5939078378205253,0.04318380827950959,3.0417117883663365
650,0.00023578711366066296,1.0,0.01180719953067232,1.031404445076933,0.005369763717627023,0.0,0.0,0.1176325373425342,0.7990311726485149,0.044403944865311726,2.895836556311881
651,0.00023560367930647254,1.0,0.01117150758457656,1.0224241165831538,0.005422610013819493,0.0,0.0,0.11612522793878423,0.7274206180383663,0.038750563517655476,2.9352568069306932
652,0.00023542005582829947,1.0,0.03847884047444504,1.0418071599289922,0.007222302160041388,0.0,0.0,0.14627071034790265,0.8207572710396039,0.040848307090230504,2.7777595142326734
653,0.000235236243639058,1.0,0.0348727287042259,1.0582807152578146,0.007540200518831463,0.0,0.0,0.14447090221513617,0.8300346147896039,0.035999940173460705,2.6982711943069306
654,0.00023505224315208663,1.0,0.018572150148672632,1.0776238836864434,0.008763384585739067,0.0,0.0,0.1307162344455719,0.7306004892481436,0.03267994493541151,3.054938892326733
655,0.00023486805478114734,1.0,0.023337854496618307,1.047651446691834,0.0076826711019298225,0.0,0.0,0.13194433998058339,0.7836599822091584,0.04913194108717513,3.027160040222772
656,0.00023468367894042468,1.0,0.014880711083660032,1.0811931372869132,0.008041418948219997,0.0,0.0,0.12702073621572835,0.757858427444307,0.034861423001431004,2.8956528465346536
657,0.00023449911604452457,1.0,0.014155652005188537,1.0843263894024462,0.006307099378750761,0.0,0.0,0.12574184221206325,0.8003558168316832,0.02959880262318224,2.7958984375
658,0.00023431436650847378,1.0,0.020196954507638913,1.0776731501711476,0.006326215504783916,0.0,0.0,0.13112737813798508,0.8310401840965347,0.049391453809077196,2.680509359529703
659,0.00023412943074771868,1.0,0.012502188619115565,1.0586538267607737,0.005818814485296976,0.0,0.0,0.12127697984180828,0.780140489634901,0.03900290007638459,2.635017017326733
660,0.0002339443091781243,1.0,0.022627849390011022,1.0715781072578807,0.007654743798141654,0.0,0.0,0.13361303626310708,0.8012671140160891,0.03506983388768564,2.793171797648515
661,0.00023375900221597368,1.0,0.01879290421262826,1.0697651818247125,0.006644228633520848,0.0,0.0,0.1290915399642274,0.8060749922648515,0.03208224608166383,2.8252533261138613
662,0.00023357351027796663,1.0,0.022124768520640856,1.0851840435868443,0.008395864816709873,0.0,0.0,0.1348411069795637,0.7176525758044554,0.03854203932356126,2.9510655167079207
663,0.00023338783378121903,1.0,0.03292870705965722,1.0752304963546224,0.00893232229656752,0.0,0.0,0.14491791883022478,0.8160775061881188,0.03902499510510133,2.8091545482673266
664,0.00023320197314326163,1.0,0.019349055530706254,1.0663635524192658,0.008015314838618483,0.0,0.0,0.12999307054399264,0.732777208384901,0.03711262315806776,2.890044863861386
665,0.0002330159287820394,1.0,0.01444956225038755,1.0411085993936746,0.007140202384377544,0.0,0.0,0.12213052750223934,0.7449951171875,0.042586864811359065,2.8602935488861387
666,0.00023282970111591025,1.0,0.01592141238622146,1.0926201915977025,0.008503863583364994,0.0,0.0,0.12943536530036737,0.7072089166924505,0.04313410390721689,2.962445853960396
667,0.00023264329056364458,1.0,0.022803390195759218,1.0908783520802412,0.007139292672981905,0.0,0.0,0.13546087290390885,0.8258769724628713,0.03822859207002243,2.7679165377475248
668,0.0002324566975444238,1.0,0.023609493149094062,1.0871695681373672,0.006604401207422967,0.0,0.0,0.13562865370866095,0.7714602026608911,0.0351808755704672,2.7993695853960396
669,0.0002322699224778397,1.0,0.014290807012579228,1.0717456063421646,0.005866736761469505,0.0,0.0,0.12439873726061075,0.7495733582147277,0.04043450686010984,2.644685952970297
670,0.00023208296578389352,1.0,0.014016889699614874,1.086519727612486,0.007544148597799444,0.0,0.0,0.12644093867280695,0.8091666344368812,0.030539257691638306,2.8109142945544554
671,0.00023189582788299488,1.0,0.012312871652959597,1.084360670925367,0.007440565102664514,0.0,0.0,0.12446922329392764,0.8057244933477723,0.03405640857054455,2.514387376237624
672,0.00023170850919596074,1.0,0.010945388032953338,1.08206314261597,0.006166967060209464,0.0,0.0,0.12223518757831932,0.7774742806311881,0.033403717645324106,2.558274675123762
673,0.0002315210101440148,1.0,0.014642635673874676,1.08712502340279,0.0076860281636495845,0.0,0.0,0.12719815320307665,0.8295269956683168,0.03974710596670018,2.630076191212871
674,0.0002313333311487863,1.0,0.016406204367038046,1.0749264229642284,0.005828258403090502,0.0,0.0,0.12681297714462375,0.7553009939665841,0.03422508617438892,2.5653329981435644
675,0.00023114547263230906,1.0,0.013215502853145693,1.082555361313395,0.006804022408957307,0.0,0.0,0.12487305191778901,0.796920927444307,0.04357879940826114,2.9247660117574257
676,0.00023095743501702057,1.0,0.02699104674381785,1.0470057041338174,0.008734347486619533,0.0,0.0,0.13605879306203067,0.7275874071782178,0.03692415445157797,3.1460009282178216
677,0.00023076921872576113,1.0,0.018672728929484246,1.0183614226851132,0.009505227578130764,0.0,0.0,0.12526148771590526,0.7236448986695545,0.03806743055286974,3.202525525990099
678,0.0002305808241817728,1.0,0.0219811781281882,1.0673300600287938,0.007340653947010489,0.0,0.0,0.13238451585616215,0.6765239451191213,0.032776407676168004,2.6489886293316833
679,0.0002303922518086985,1.0,0.016058994918176445,1.0783520742218093,0.006369106145921431,0.0,0.0,0.12707876030466345,0.7299176206683168,0.03609409898814588,2.752774984529703
680,0.000230203502030581,1.0,0.019503880697901887,1.0870315137476023,0.007810283283412567,0.0,0.0,0.1321121756688203,0.801779567605198,0.047209635819538985,2.7779818997524752
681,0.00023001457527186203,1.0,0.020701378915864644,1.087144671100201,0.009569879827011228,0.0,0.0,0.13420079272277285,0.7084637632464418,0.03922732513729889,2.961333926361386
682,0.0002298254719573812,1.0,0.016358579850137823,1.0748650083447446,0.006348076633795506,0.0,0.0,0.12701912371829005,0.6889152904548267,0.0389374836836711,2.936591120049505
683,0.0002296361925123753,1.0,0.02084065885236948,1.083805784730628,0.010074775781261154,0.0,0.0,0.13425862678501865,0.8286302018873762,0.03835341953995204,3.222704594678218
684,0.00022944673736247708,1.0,0.017034201855116553,1.0858083208008569,0.006835080122478343,0.0,0.0,0.12903257511039773,0.7558690439356436,0.03638832167823716,2.776956992574257
685,0.00022925710693371445,1.0,0.016690178672866065,1.0747979159402374,0.007074932948142143,0.0,0.0,0.1277074382299244,0.7728863706683168,0.037430413878790224,3.053179146039604
686,0.0002290673016525094,1.0,0.02037853080004749,1.0412231902084728,0.005935468056266851,0.0,0.0,0.12746858589424945,0.7853109529702971,0.032142676929436106,2.923054610148515
687,0.00022887732194567725,1.0,0.028810240660268483,1.069442902461137,0.0062136065092693905,0.0,0.0,0.13886133633037606,0.763983698174505,0.05232008376924118,2.796681621287129
688,0.00022868716824042524,1.0,0.010784148506008753,1.0613133824697816,0.006121349262792875,0.0,0.0,0.11997616239408455,0.7096738909730816,0.043171948725634283,2.62904161509901
689,0.00022849684096435237,1.0,0.023162721444179517,1.0562248483742818,0.006587031127517296,0.0,0.0,0.13207872396353448,0.7182931427908416,0.04365214734974474,3.081074025371287
690,0.00022830634054544748,1.0,0.019603929934230182,1.0505717957373892,0.005251907660668523,0.0,0.0,0.12728706489105035,0.7294776840965347,0.03570296032593982,2.6860206528465347
691,0.00022811566741208898,1.0,0.011333632292133747,1.0549136825127177,0.006087363400210691,0.0,0.0,0.11986868349042269,0.7161028267133354,0.04280052562751392,2.7662341429455446
692,0.00022792482199304368,1.0,0.015913874316628617,1.0648956794549924,0.006560499746165708,0.0,0.0,0.1256836938976061,0.7851296604269802,0.03814727481048886,2.7691154857673266
693,0.0002277338047174658,1.0,0.012835499415598294,1.0795538986083304,0.00826662594549321,0.0,0.0,0.12492420398952937,0.8112043626237624,0.04368946339824412,3.109220297029703
694,0.00022754261601489584,1.0,0.019342488729127562,1.0737639730519588,0.007280059731081313,0.0,0.0,0.13035891706695651,0.7026491070737934,0.03545976393293626,2.958075495049505
695,0.0002273512563152601,1.0,0.016314982003209615,1.0529326578178029,0.008547867830418566,0.0,0.0,0.12588218297108567,0.793212890625,0.040619500792852724,2.9515199566831685
696,0.00022715972604886903,1.0,0.02134409506279643,1.0519633983621504,0.008036868494594156,0.0,0.0,0.13055887132292926,0.6657666499071783,0.04703665251779084,2.8099764077970297
697,0.00022696802564641704,1.0,0.0239145469916339,1.067887540500943,0.0043806429340914445,0.0,0.0,0.1328936245771918,0.7002753078347386,0.03511432609935798,2.5548518719059405
698,0.0002267761555389807,1.0,0.009342347926432543,1.0939363323815978,0.008835896260639893,0.0,0.0,0.1231539315073797,0.7637147809019184,0.04457250916131652,2.9163637066831685
699,0.00022658411615801856,1.0,0.019789162912581225,1.0328640471590627,0.00545379065298752,0.0,0.0,0.12580246441435106,0.7668553720606436,0.033144960309019186,2.962687577351485
700,0.00022639190793536957,1.0,0.013795039256905565,1.0554410962775203,0.005745738583367945,0.0,0.0,0.12221201966599662,0.7148884688273515,0.03762571882493425,2.8277575804455446
701,0.00022619953130325257,1.0,0.016508662280174766,1.0871075326853459,0.00796479997017633,0.0,0.0,0.12920181667155559,0.7480553353186881,0.039009320853960396,2.9815903465346536
702,0.00022600698669426482,1.0,0.026750916928643047,1.0873937087483925,0.007907415218051928,0.0,0.0,0.13944399688798603,0.7050001692063738,0.0447018311755492,2.9400622679455446
703,0.00022581427454138167,1.0,0.01886505596708543,1.07891047473001,0.00874766299159884,0.0,0.0,0.13112993597394168,0.7301665957611386,0.03187092696086015,3.1733253403465347
704,0.00022562139527795483,1.0,0.025764902555706477,1.0321662243049923,0.007059477545127347,0.0,0.0,0.13251126616603076,0.7516171294863861,0.040358968300394496,2.8907700340346536
705,0.00022542834933771214,1.0,0.021283691398578115,1.0634618141863605,0.0065678107335536496,0.0,0.0,0.1309137798772,0.7746630375928217,0.042950696284228033,2.927608678836634
706,0.00022523513715475598,1.0,0.011052900611764133,1.0445039868354797,0.006261593010391819,0.0,0.0,0.11863409713058189,0.740721069940246,0.04530428895855894,3.026947323638614
707,0.00022504175916356273,1.0,0.016853717994866985,1.0680643196153168,0.005567705065085746,0.0,0.0,0.12644400366462102,0.7050341615582457,0.03582114040261448,2.925539526608911
708,0.0002248482157989816,1.0,0.011093759964598288,1.0620493640994082,0.007083242391420547,0.0,0.0,0.12084031879606813,0.713215440806776,0.0390137776289836,2.8899385055693068
709,0.00022465450749623362,1.0,0.0188280918663091,1.0721400061456283,0.006879516816721067,0.0,0.0,0.12948185264474094,0.6691531946163366,0.043097392167195235,3.2252281868811883
710,0.00022446063469091064,1.0,0.018270795076790424,1.0554293500314844,0.006480965445205422,0.0,0.0,0.12705421469884343,0.8001431002475248,0.04019667370484607,3.1062809405940595
711,0.00022426659781897473,1.0,0.014275928977692481,1.0658747488909428,0.006432717693116663,0.0,0.0,0.12407976322539963,0.7160094610535273,0.036497134973507116,2.9637028155940595
712,0.0002240723973167565,1.0,0.011879553446675292,1.0605183869305224,0.006280775408440334,0.0,0.0,0.12107178185245779,0.754592744430693,0.0360831081277073,2.840636602722772
713,0.0002238780336209548,1.0,0.01123063745770124,1.0642978531299252,0.005604215577477589,0.0,0.0,0.12046253113168301,0.7761520536819307,0.03614716482634592,2.921623607673267
714,0.0002236835071686354,1.0,0.013414104828740111,1.0499265565730558,0.007566650348512622,0.0,0.0,0.12219008744353115,0.7074302446724164,0.0338634453197517,3.018245281559406
715,0.00022348881839722996,1.0,0.017866124242249103,1.073853368806367,0.006142867611499854,0.0,0.0,0.12832289646462638,0.7601753461478961,0.031476086909228033,3.00377088490099
716,0.0002232939677445352,1.0,0.0139735248493086,1.0733265245314871,0.006839810727662084,0.0,0.0,0.12472608405174596,0.8042427289603961,0.031592454060469524,3.404277537128713
717,0.00022309895564871194,1.0,0.015878188469917467,1.0456674907467154,0.008398394103825904,0.0,0.0,0.12464413570590538,0.8072594368811881,0.029761021680170946,2.951481280940594
718,0.00022290378254828384,1.0,0.022229910634531832,1.0966975387960378,0.008287122171132429,0.0,0.0,0.13604322769264182,0.8110883353960396,0.0329171360129177,3.1638884591584158
719,0.00022270844888213696,1.0,0.01914279450579445,1.0664439272172381,0.007959153530266284,0.0,0.0,0.1297667655024198,0.7992172996596535,0.03910669005743348,2.976369121287129
720,0.00022251295508951796,1.0,0.014503926407582688,1.0547653902875316,0.006828784367177949,0.0,0.0,0.12339485982562055,0.7128434889387376,0.03561903698609607,2.9169148360148514
721,0.00022231730161003402,1.0,0.01327621520008191,1.0676748593254846,0.0068288961227171785,0.0,0.0,0.12345815029474769,0.7547202535194926,0.03471125234471689,2.8148012066831685
722,0.00022212148888365107,1.0,0.01770287608303646,1.0801227570760368,0.007315710732439016,0.0,0.0,0.12937301087497485,0.725420885747022,0.03519794728496287,2.776879641089109
723,0.00022192551735069341,1.0,0.02121232804095391,1.0762515923764446,0.006714882431690129,0.0,0.0,0.1321949322182353,0.7350336962407178,0.03637921928179146,2.713084003712871
724,0.00022172938745184217,1.0,0.011118628121543638,1.0808088212910265,0.005140433471193445,0.0,0.0,0.12176973003857207,0.773193359375,0.03828384852645421,2.7139735457920793
725,0.00022153309962813487,1.0,0.019524744499732953,1.0543378178435978,0.006896877943740992,0.0,0.0,0.12840696763579207,0.7802510780863242,0.038352739692914604,2.941783338490099
726,0.00022133665432096396,1.0,0.013460403031641893,1.0547019910104205,0.006017963096527106,0.0,0.0,0.121939584981687,0.7133160581683168,0.030906752784653466,2.864499535891089
727,0.00022114005197207615,1.0,0.022914137506839072,1.0807292243041615,0.0052672008946906814,0.0,0.0,0.13362066174792772,0.7398754157642327,0.03531948882754486,2.5958771658415842
728,0.0002209432930235711,1.0,0.020184722867342506,1.0474661134257175,0.005456463943263239,0.0,0.0,0.12765956758567604,0.7171835946564628,0.030716848845529086,2.655292775371287
729,0.00022074637791790093,1.0,0.01493841166248416,1.0883106199821624,0.00764463534278998,0.0,0.0,0.12759179275224705,0.7420267539449258,0.03654276026357518,2.836517636138614
730,0.00022054930709786862,1.0,0.015419934350665254,1.0887891036449093,0.006717683436201498,0.0,0.0,0.12765768804762623,0.7493715191831684,0.047923399670289295,2.9303739944306932
731,0.0002203520810066274,1.0,0.006021706184538284,1.07015861851154,0.004980163673506036,0.0,0.0,0.11552765146635546,0.6980127768941445,0.04219395099299969,2.858379099628713
732,0.00022015470008767977,1.0,0.0046686665846569705,1.073905920038129,0.006437889141800565,0.0,0.0,0.11527820499521671,0.7731135906559405,0.037334253292272586,2.92702854269802
733,0.00021995716478487624,1.0,0.021200058041232647,1.0725330315013923,0.006254320446687686,0.0,0.0,0.13158052355641187,0.69081976862237,0.033172834037554146,3.093092512376238
734,0.00021975947554241448,1.0,0.01533770675558855,1.0495118982721083,0.006734010697766622,0.0,0.0,0.1236559025721975,0.8414294554455446,0.031037623339360304,2.995494275990099
735,0.00021956163280483843,1.0,0.016918371256330226,1.0389122077734163,0.005476267833728343,0.0,0.0,0.12354772796135137,0.726551622447401,0.035535378031211325,3.127842667079208
736,0.00021936363701703714,1.0,0.008039441955561685,1.0588585362576022,0.007822639430471982,0.0,0.0,0.11783661708088204,0.6715958094832921,0.04146032050104424,3.4750444771039604
737,0.00021916548862424394,1.0,0.01848669423915372,1.085973052695246,0.005985465513065107,0.0,0.0,0.13007673444134174,0.7779408067759901,0.03661414420250619,3.16769801980198
738,0.00021896718807203503,1.0,0.023930551539553275,1.0988620726188811,0.0058635740528242795,0.0,0.0,0.1367485478225321,0.7344789410581684,0.03669006045502011,3.0679339418316833
739,0.00021876873580632902,1.0,0.02473746498327444,1.0697936527799852,0.00452303286240722,0.0,0.0,0.1339783491474567,0.6941546449566832,0.03000625761428682,2.8867284189356437
740,0.00021857013227338567,1.0,0.010672882088635227,1.072444460769691,0.00608166864678946,0.0,0.0,0.12095816426052905,0.7477205484220297,0.041857577786587254,3.058642094678218
741,0.00021837137791980477,1.0,0.019354231065452688,1.0713276621138696,0.004979968966575026,0.0,0.0,0.12897698264015783,0.7708148012066832,0.03751052252136835,2.827370823019802
742,0.00021817247319252532,1.0,0.022733718968263948,1.0836335137338922,0.004782088376388028,0.0,0.0,0.13348811444374595,0.700992999690594,0.03826133803565904,2.963277382425743
743,0.00021797341853882458,1.0,0.023391151782309653,1.0602120774807315,0.004736655492031264,0.0,0.0,0.1317806884941488,0.7860457920792079,0.03859416092976485,3.1273108756188117
744,0.0002177742144063167,1.0,0.03347541790197391,1.0685846132807213,0.006048647845037152,0.0,0.0,0.14335820455067227,0.7248832778175278,0.03837721418626237,3.1089592357673266
745,0.0002175748612429522,1.0,0.023794030125188357,1.0512086400891294,0.007347084286779461,0.0,0.0,0.13258843728811434,0.7190695658768758,0.03621046613938737,3.0500174040841586
746,0.00021737535949701656,1.0,0.009312535239623325,1.0562609286591558,0.005963073350088026,0.0,0.0,0.1179201677441597,0.7075618328434405,0.04099621159015315,2.8931969368811883
747,0.00021717570961712955,1.0,0.01760794222354889,1.0418450796958243,0.005991981379770775,0.0,0.0,0.1247884420917766,0.5713966294090347,0.048655519391050436,2.8460415377475248
748,0.00021697591205224387,1.0,0.021029772218501212,1.0672963592085507,0.006391729218113043,0.0,0.0,0.13095527474242863,0.7115393912438119,0.05599767854898283,2.8410330290841586
749,0.0002167759672516444,1.0,0.028548535217743108,1.1001320534413404,0.008957037819194432,0.0,0.0,0.14304026415442475,0.7655536915996287,0.04133349125928218,2.956770188737624
750,0.0002165758756649471,1.0,0.03229918316154197,1.0671634497028766,0.008180759934763802,0.0,0.0,0.14310590952339738,0.7759997679455446,0.03980481742632271,3.0037612159653464
751,0.00021637563774209808,1.0,0.014127911096162135,1.0522260949163154,0.005745475887007421,0.0,0.0,0.12222325912501553,0.746449083384901,0.04688421570428527,2.85462755259901
752,0.00021617525393337233,1.0,0.008754055504456605,1.056318450092089,0.0066148615798089965,0.0,0.0,0.11769333186716137,0.7900970761138614,0.031476237986347466,2.657410272277228
753,0.00021597472468937317,1.0,0.014226524177754279,1.065296705406491,0.0062854695917651205,0.0,0.0,0.12389893033126793,0.6699066350955775,0.0382114825862469,2.770749535891089
754,0.00021577405046103066,1.0,0.01689581794313865,1.055398959924679,0.007509942200221583,0.0,0.0,0.12619068665374625,0.7678585241336634,0.042524998730952196,2.6927212252475248
755,0.00021557323169960115,1.0,0.01843367218233571,1.0610968140092227,0.005957380691566274,0.0,0.0,0.12752204513785861,0.7513077235457921,0.03609806476253094,2.8004138304455446
756,0.00021537226885666574,1.0,0.011689907474683063,1.0968517165372866,0.00859771947212757,0.0,0.0,0.12567394057122788,0.7856807897586634,0.03442915359345993,3.057501160272277
757,0.0002151711623841298,1.0,0.015166958480483234,1.0902953720328832,0.00859185492292526,0.0,0.0,0.12849242454118068,0.7805369159962872,0.05396829737295018,2.906298344678218
758,0.00021496991273422148,1.0,0.0248597121179694,1.0633763387651727,0.009529424795539736,0.0,0.0,0.1359620597397927,0.7366423654084159,0.06053527983108369,2.9088799504950495
759,0.000214768520359491,1.0,0.012802083782925465,1.0482558702478315,0.007694838640031101,0.0,0.0,0.12147509166509798,0.49269561012192525,0.08595630910136912,3.0247137995049505
760,0.00021456698571280946,1.0,0.013869605810925513,1.078134844208708,0.008360609424872194,0.0,0.0,0.12586339651653083,0.7965341700185643,0.04754019255685334,2.778001237623762
761,0.00021436530924736792,1.0,0.021321525741921792,1.062869358180773,0.006320958173289748,0.0,0.0,0.1307689417706858,0.7698479076423267,0.039156923199644186,2.460154316212871
762,0.00021416349141667633,1.0,0.01131231684495907,1.0778963919913416,0.006973226031399157,0.0,0.0,0.12258857016516204,0.6929635529470916,0.042820165653039914,2.697488010519802
763,0.00021396153267456256,1.0,0.01685206352336572,1.0703489089956377,0.008851148717169936,0.0,0.0,0.12831253108411733,0.7526976330445545,0.04449077643970452,3.0681466584158414
764,0.00021375943347517128,1.0,0.013622535964344987,1.081577740683414,0.008364331057597192,0.0,0.0,0.12596247795194682,0.7610153349319307,0.04065273775912748,3.006507193688119
765,0.00021355719427296313,1.0,0.020896818931445037,1.1007913888090908,0.0063880451558397545,0.0,0.0,0.1341699816950477,0.7580058787128713,0.04199724858350093,3.3581663830445545
766,0.00021335481552271345,1.0,0.01604549560954075,1.0663440652412943,0.00510886008159654,0.0,0.0,0.12523433802151443,0.7485520768873762,0.03675245530534499,2.797058709777228
767,0.00021315229767951145,1.0,0.017519727755005998,1.0927354132775033,0.0067234936084985585,0.0,0.0,0.13015501791297798,0.7473839485999381,0.04052825021271658,3.1201461943069306
768,0.00021294964119875906,1.0,0.030043868809053215,1.0778149437196185,0.007351232267279953,0.0,0.0,0.14150098312904338,0.6647967348004332,0.0473386556795328,3.120358910891089
769,0.00021274684653617003,1.0,0.017610081646702077,1.0978236688245642,0.00787845487005566,0.0,0.0,0.13133167836925771,0.7875493115717822,0.03978404432240099,3.031008276608911
770,0.0002125439141477688,1.0,0.01151672123682381,1.066976014340278,0.006827072085960224,0.0,0.0,0.12162786390226667,0.7297524556074992,0.0376375406095297,2.9844136757425743
771,0.00021234084448988957,1.0,0.011378672527204646,1.0772306393868853,0.006029069881844749,0.0,0.0,0.12211627306619494,0.7561180190284653,0.03828309314085705,2.9399752475247523
772,0.00021213763801917514,1.0,0.012836396878603662,1.0708042542533118,0.006001279918744349,0.0,0.0,0.12291746357880017,0.7970659614789604,0.031080000471360614,2.9179107363861387
773,0.00021193429519257597,1.0,0.02009219864364898,1.0752202886165958,0.005142931466793069,0.0,0.0,0.13018569660068738,0.7290969697555693,0.03566269827361154,2.9710415377475248
774,0.0002117308164673492,1.0,0.020267508296978355,1.0665000505966715,0.00636786162290759,0.0,0.0,0.13010144632051487,0.7927318610767327,0.036724732653929455,2.8702815594059405
775,0.00021152720230105748,1.0,0.009394564804169211,1.0828607377439443,0.005858523168054751,0.0,0.0,0.12060990140284641,0.7948928681930693,0.04132503094059406,3.0170850092821784
776,0.0002113234531515682,1.0,0.01313969673644198,1.0677639641384087,0.007361365143050633,0.0,0.0,0.12359678243646527,0.8112962175123762,0.03706526048112624,2.7798189975247523
777,0.00021111956947705206,1.0,0.022982032914267907,1.073396640248818,0.006064755235807878,0.0,0.0,0.13335407591692292,0.7630385597153465,0.04445398916112314,3.0736096070544554
778,0.00021091555173598245,1.0,0.015358275484920728,1.06281847056776,0.005637067973516918,0.0,0.0,0.12445865814933682,0.7278738493966584,0.038888912389774134,3.1644685952970297
779,0.00021071140038713402,1.0,0.005902608026667397,1.0942179241983017,0.006690624033130871,0.0,0.0,0.11866971466800955,0.7950524056311881,0.03166549984771427,2.860032487623762
780,0.00021050711588958216,1.0,0.02095803614742685,1.0933273971670925,0.006806998552251976,0.0,0.0,0.1336942776152403,0.7823522586633663,0.033398316638304455,2.8421546256188117
781,0.00021030269870270143,1.0,0.017414628094670797,1.0791906696735043,0.0063227077883825,0.0,0.0,0.12849505112902954,0.7865219871596535,0.031220086730352724,3.0939143719059405
782,0.00021009814928616493,1.0,0.012287924859193292,1.06796663468427,0.006954977237550302,0.0,0.0,0.12256207922012499,0.7513560682240099,0.039749900893409656,3.2501643719059405
783,0.0002098934680999429,1.0,0.016209771580035143,1.0803450151245193,0.00665458339084364,0.0,0.0,0.12757156641766576,0.7567634204826733,0.033506601163656405,3.093730662128713
784,0.00020968865560430213,1.0,0.01814863469341014,1.0756753039832163,0.008345492928759149,0.0,0.0,0.12988891356652327,0.805108098700495,0.03461059721389619,3.337909962871287
785,0.00020948371225980452,1.0,0.014857320096528176,1.049243690943954,0.006695396944622297,0.0,0.0,0.12312938914735719,0.7220301864170792,0.03701872872834158,3.062412979579208
786,0.00020927863852730628,1.0,0.00850251505132949,1.0709235408518574,0.009334434773588534,0.0,0.0,0.12026208985855083,0.7632996209777227,0.03588176009678604,2.969707224628713
787,0.00020907343486795683,1.0,0.009313573341558475,1.0617132251805599,0.0045579527305913995,0.0,0.0,0.1177638771362824,0.8215211169554455,0.02443823483910891,2.737498066212871
788,0.00020886810174319768,1.0,0.008298251335278596,1.098240339519954,0.007701808406906848,0.0,0.0,0.12197319123119411,0.8304431273205446,0.03702333658048422,3.011602722772277
789,0.00020866263961476157,1.0,0.008460949405585186,1.0917373122555194,0.006345372769801813,0.0,0.0,0.1208073680501173,0.738437312664372,0.0347407879215656,2.9184618657178216
790,0.00020845704894467126,1.0,0.012230300556610126,1.1037015625745943,0.007484870479847904,0.0,0.0,0.1263428939746158,0.7617574257425742,0.03704225898969291,3.004931157178218
791,0.00020825133019523857,1.0,0.02267680136431562,1.054260027880716,0.006200731192521825,0.0,0.0,0.13120317134526696,0.7785354463180693,0.034802502924853033,2.8964940439356437
792,0.00020804548382906342,1.0,0.013696791511951106,1.1006111986566298,0.006733169264821704,0.0,0.0,0.1271244983124261,0.687000841197401,0.0390049396174969,2.9013671875
793,0.00020783951030903255,1.0,0.02218881898587293,1.0992962594079498,0.006754627824751752,0.0,0.0,0.13549576043197425,0.7351702699566832,0.04515642222791615,3.0673441367574257
794,0.0002076334100983187,1.0,0.02084537879517763,1.070291486707064,0.005871867577748207,0.0,0.0,0.1308104616433087,0.7960603921720297,0.03831489487449721,3.0228767017326734
795,0.00020742718366037957,1.0,0.010960909842264534,1.0572287812091337,0.005393230161482081,0.0,0.0,0.1193804052649158,0.7443896000928217,0.032245182754969834,3.042456296410891
796,0.00020722083145895668,1.0,0.01656098283901073,1.0721660409823504,0.00605512737517826,0.0,0.0,0.12680515219079386,0.7255110032487624,0.03615056406153311,3.11829942759901
797,0.00020701435395807416,1.0,0.020016218028446234,1.066357675755378,0.006101243917013076,0.0,0.0,0.1297026103233347,0.782538385674505,0.0323063312190594,3.158116104579208
798,0.00020680775162203828,1.0,0.017033833493985753,1.0704339471193824,0.005764200085875496,0.0,0.0,0.1269593350958116,0.7749265160891089,0.03441400811223701,3.276966661509901
799,0.0002066010249154356,1.0,0.01339947044996932,1.0598872669852606,0.005621260417611476,0.0,0.0,0.12219882881877446,0.7367404144589264,0.03580799669322401,3.078724474009901
800,0.00020639417430313273,1.0,0.018983423193492513,1.0823479094127617,0.005791071668672975,0.0,0.0,0.13011375512226975,0.7459898089418316,0.03663884531153311,3.2213219368811883
801,0.0002061872002502746,1.0,0.013527428233387446,1.0715072444169829,0.005112024508808546,0.0,0.0,0.12323416909663984,0.7673654084158416,0.03433960263091739,3.0248685024752477
802,0.00020598010322228397,1.0,0.014794836392497072,1.0785395833525326,0.004437746627643557,0.0,0.0,0.12486767245106178,0.7148389155321783,0.036188748803469215,2.9217106280940595
803,0.00020577288368485994,1.0,0.009957395346447974,1.1081282378423332,0.004158641375649702,0.0,0.0,0.12284954113535362,0.783004911819307,0.040541998230584776,2.9350634282178216
804,0.00020556554210397724,1.0,0.007301116897032993,1.0765673447363446,0.006326822864553328,0.0,0.0,0.11812126533229753,0.7576904296875,0.03455730476001702,2.899346379950495
805,0.00020535807894588493,1.0,0.014035228049696083,1.0579653830811528,0.004317618823796972,0.0,0.0,0.12199057771427797,0.709120797638846,0.03168155179165377,2.7840829981435644
806,0.00020515049467710557,1.0,0.013256383045475082,1.0797442280419982,0.007228103653633838,0.0,0.0,0.12484485892081025,0.7385604405167079,0.03531631620803682,3.0882580445544554
807,0.00020494278976443395,1.0,0.010004488400893637,1.069075581460896,0.005415486090869578,0.0,0.0,0.11961979050152373,0.670944364944307,0.03761495458017482,2.916209003712871
808,0.0002047349646749362,1.0,0.023079379618462948,1.0514352882262503,0.004516102821971889,0.0,0.0,0.13048096178191723,0.800960125309406,0.0401020616588026,2.747186339727723
809,0.0002045270198759487,1.0,0.011408829526736004,1.0754486959759553,0.005133073552774431,0.0,0.0,0.12152023709351474,0.7770065458694307,0.029112560914294556,2.8339070235148514
810,0.00020431895583507712,1.0,0.009047937422695726,1.0975841148064869,0.004971226878431948,0.0,0.0,0.12129196406591057,0.7748685024752475,0.04147134913076268,2.986134746287129
811,0.00020411077302019497,1.0,0.007518929272595018,1.0807110082985152,0.006061186514896258,0.0,0.0,0.11862062478419577,0.7430347404857673,0.03299071057008045,3.113165222772277
812,0.0002039024718994432,1.0,0.011059676951701097,1.0978459001767753,0.006337623445012855,0.0,0.0,0.12401307993891215,0.8269768138923267,0.036082126126431004,3.1184444616336635
813,0.00020369405294122855,1.0,0.010339780461670148,1.1088840235577953,0.007457702578273648,0.0,0.0,0.12495703574749503,0.7398512434251238,0.035482614347250155,2.8324856899752477
814,0.0002034855166142229,1.0,0.02466111088005623,1.0821525725987877,0.006132007116338902,0.0,0.0,0.13594237279773938,0.65925930514194,0.029715736313621597,2.97976291769802
815,0.0002032768633873619,1.0,0.00873204645248923,1.0690933023348894,0.005611209657289881,0.0,0.0,0.11844698317570261,0.7354857189820545,0.04077945369304997,3.180577042079208
816,0.00020306809372984427,1.0,0.015252256895055865,1.0567344084824666,0.006060160750679967,0.0,0.0,0.12395578003165746,0.7423107789294554,0.028605886025003868,2.7950959158415842
817,0.00020285920811113033,1.0,0.015094238158204768,1.0849973807240476,0.008452682128858448,0.0,0.0,0.12782031976350464,0.7697989586556312,0.029876406830136138,2.880105198019802
818,0.0002026502070009413,1.0,0.01426859808587792,1.0548659740108075,0.004512195644259342,0.0,0.0,0.1220112950494974,0.713202448174505,0.029787384637511603,2.779673963490099
819,0.00020244109086925806,1.0,0.015871641696384636,1.1055184396186677,0.008113235583307572,0.0,0.0,0.13048010526022108,0.7932878248762376,0.040811142118850556,3.02902614480198
820,0.00020223186018632027,1.0,0.02089472749445698,1.1021182779038305,0.006388018888336062,0.0,0.0,0.1343005665458075,0.7841845219678217,0.0358305827225789,3.0439839882425743
821,0.00020202251542262485,1.0,0.02162262908007839,1.1028896877081087,0.005802810124103165,0.0,0.0,0.13481300324201584,0.8231454981435643,0.040830291143738394,3.0989905631188117
822,0.00020181305704892568,1.0,0.01927586220721207,1.1054776794839614,0.006149235327894071,0.0,0.0,0.1328982496173075,0.7647427096225248,0.04204053217821782,2.9779741646039604
823,0.0002016034855362317,1.0,0.012041500004211276,1.086013149506975,0.005516784633613551,0.0,0.0,0.12340120867927476,0.7223989656656096,0.024673159759823638,2.8461962407178216
824,0.00020139380135580668,1.0,0.018911074183069834,1.0782257005719855,0.006232935011572445,0.0,0.0,0.12985011256567322,0.7024412249574566,0.030418320457534034,2.8627301206683167
825,0.0002011840049791674,1.0,0.012808599020584975,1.0688912402285207,0.006680264086393399,0.0,0.0,0.12303785633037587,0.7454386796101485,0.030609886244972153,2.869295327970297
826,0.0002009740968780831,1.0,0.012179499252302812,1.0659940112935435,0.005109858620908379,0.0,0.0,0.12133383123886467,0.740500270730198,0.04117006358533803,2.9734587716584158
827,0.00020076407752457417,1.0,0.017355914716378297,1.0694042727498725,0.006118182911558335,0.0,0.0,0.12735543473817335,0.7377373723700495,0.038510539744159966,2.8577699566831685
828,0.00020055394739091134,1.0,0.01485714784795695,1.0596902925189178,0.005130007308343019,0.0,0.0,0.12339118329605253,0.7239307365795173,0.02470968265344601,2.8540667543316833
829,0.00020034370694961423,1.0,0.02075850225911282,1.0862088581122975,0.008451891637702316,0.0,0.0,0.1336053354610311,0.7132072826423267,0.02899271898930616,3.0353883044554455
830,0.0002001333566734507,1.0,0.0181376120389098,1.0755244794458445,0.006264500187405634,0.0,0.0,0.12882231168522693,0.7642943127320545,0.031779600842164295,2.9845877165841586
831,0.00019992289703543544,1.0,0.02255393214302488,1.0524660331187863,0.006229868168207254,0.0,0.0,0.13091547145406798,0.7249888807240099,0.03658068062055229,2.853825030940594
832,0.00019971232850882922,1.0,0.010118045281655717,1.0437628355356727,0.005727782599267199,0.0,0.0,0.11735822142350792,0.6859532724512686,0.03714502920018564,2.7181408570544554
833,0.0001995016515671375,1.0,0.00953783500607651,1.0432389484773767,0.004457883882027415,0.0,0.0,0.1160906733262657,0.696133830759785,0.028455148829091892,2.8866123917079207
834,0.00019929086668410968,1.0,0.021215553515323317,1.0536805196563797,0.006432236300200445,0.0,0.0,0.12979972554315436,0.7150250425433168,0.04370951888584854,2.9394821318069306
835,0.00019907997433373778,1.0,0.02220858884329843,1.0677712182007213,0.006539309572971352,0.0,0.0,0.13225536741832694,0.7028825401079537,0.033205013463992884,2.8752997370049505
836,0.0001988689749902556,1.0,0.010093100037020032,1.0383908595189009,0.005877649101502455,0.0,0.0,0.11687101180305576,0.7061187441986386,0.03016405766553218,2.9355178681930694
837,0.0001986578691281373,1.0,0.013365581115283588,1.0648962459941902,0.005864428250248185,0.0,0.0,0.12278742114506146,0.7710383953434405,0.037121989939472466,3.0087117110148514
838,0.0001984466572220969,1.0,0.013574809868737022,1.0593419606142704,0.004348931634120901,0.0,0.0,0.1216834738555521,0.8415551516089109,0.02898406982421875,2.846215578589109
839,0.00019823533974708667,1.0,0.017456855403609795,1.0846692642362992,0.0054494333384318815,0.0,0.0,0.12864849937729317,0.7837059096534653,0.037813507684386606,2.950011602722772
840,0.00019802391717829628,1.0,0.008020243395378095,1.120326576846661,0.005805458059179421,0.0,0.0,0.1229556304688501,0.8120310566212872,0.036670042736695545,3.356532332920792
841,0.00019781238999115174,1.0,0.013333688609965958,1.1011855029823756,0.005736922118801273,0.0,0.0,0.12632070194081504,0.7185082766089109,0.03610811139097308,3.3244508044554455
842,0.0001976007586613144,1.0,0.009529590016544456,1.087499476895474,0.004846093436474866,0.0,0.0,0.12070258566648653,0.7253067469832921,0.03216616942150758,3.0728070853960396
843,0.00019738902366467966,1.0,0.014406501103450757,1.1048223647740807,0.004447381345250892,0.0,0.0,0.1271124305111347,0.6956539342899134,0.0409727946366414,3.163279316212871
844,0.0001971771854773762,1.0,0.009710870019280084,1.0878520885316452,0.005687734421623852,0.0,0.0,0.12133994816553474,0.7507886225634283,0.04129708167349938,3.1166653774752477
845,0.00019696524457576446,1.0,0.015456949167027332,1.060956358909607,0.004335061629132211,0.0,0.0,0.12372011868375363,0.7447842135287748,0.03810927891495204,3.0736579517326734
846,0.00019675320143643628,1.0,0.013415474297091513,1.0653906039672323,0.005993828708813111,0.0,0.0,0.12295145334878771,0.7431882348391089,0.0453860594494508,3.196376082920792
847,0.00019654105653621302,1.0,0.015491358235035793,1.0533208811637198,0.004974433853426985,0.0,0.0,0.1233106673058897,0.7293604482518564,0.042745986787399444,2.827747911509901
848,0.00019632881035214504,1.0,0.015330108786278432,1.0720819063705973,0.0047427783639511405,0.0,0.0,0.12490968952084532,0.7525356783725248,0.03696192373143564,2.9284982209158414
849,0.0001961164633615105,1.0,0.02318193612269836,1.0709830310085031,0.005412558537428405,0.0,0.0,0.132986520038973,0.7604146523050742,0.037754247684289914,3.0915648205445545
850,0.0001959040160418141,1.0,0.01797314132056614,1.084927548866461,0.006609732652253628,0.0,0.0,0.12977076366101162,0.761008083230198,0.03540329885954904,3.1907100866336635
851,0.00019569146887078623,1.0,0.02009065987745134,1.1009202664441402,0.005928863177656906,0.0,0.0,0.13314711988562405,0.7073043974319307,0.03170889675027073,3.487488397277228
852,0.0001954788223263818,1.0,0.016452955985718436,1.080669064332943,0.007056360648792827,0.0,0.0,0.12804804425133337,0.7427265431621287,0.04429596249419864,3.3493193069306932
853,0.00019526607688677926,1.0,0.012139812111854553,1.106949484584355,0.006367505094645047,0.0,0.0,0.12601851480137002,0.7232629757116337,0.04198803287921565,3.343991723391089
854,0.00019505323303037935,1.0,0.015138454182018148,1.0759864296063337,0.006139028971290935,0.0,0.0,0.12580661313368544,0.7981319616336634,0.0502688719494508,3.359055925123762
855,0.0001948402912358041,1.0,0.012968329214813685,1.0751719085296783,0.006486028199727269,0.0,0.0,0.12372853599562503,0.775436552444307,0.039233066067837254,3.3394183168316833
856,0.0001946272519818959,1.0,0.010290931172595165,1.0992304564702629,0.0074206393685809675,0.0,0.0,0.12392429837791047,0.8187267945544554,0.03678633434937732,3.17898166769802
857,0.00019441411574771617,1.0,0.013297096226770099,1.0849975967171168,0.006480054736211158,0.0,0.0,0.12503688516888287,0.7415143003558168,0.04124987007367729,3.1996345142326734
858,0.0001942008830125445,1.0,0.012803990762717652,1.079333510729346,0.006447336623804773,0.0,0.0,0.12396101203590336,0.7835632928527227,0.0314596950417698,3.096612004950495
859,0.00019398755425587732,1.0,0.008951287790395246,1.0759134859141737,0.006421851967910932,0.0,0.0,0.11975356368440213,0.7504834467821783,0.023591409815420017,2.9643022896039604
860,0.00019377412995742727,1.0,0.0073919536379894405,1.097076686892179,0.00702092523593225,0.0,0.0,0.12061008656083948,0.7075171140160891,0.03107433507938196,3.1816793007425743
861,0.00019356061059712157,1.0,0.004812643411430982,1.0761010410762069,0.00651755607179781,0.0,0.0,0.1156815269795975,0.7743657178217822,0.029018666484568377,3.2914894028465347
862,0.0001933469966551014,1.0,0.011011354403920693,1.0692492823789614,0.0057779787526705696,0.0,0.0,0.12082527393456732,0.7501087755259901,0.03411721711111541,3.2195621905940595
863,0.00019313328861172033,1.0,0.006295883235069785,1.0847219984130103,0.004691605443494524,0.0,0.0,0.11711388686210802,0.7907279741646039,0.03235293851040377,2.848410426980198
864,0.00019291948694754395,1.0,0.007149915920920891,1.0932604239718748,0.004384663817299862,0.0,0.0,0.1186682915333474,0.7500241723391089,0.029929170514097308,3.0290841584158414
865,0.00019270559214334805,1.0,0.006641748665583016,1.079402218950857,0.004824593267000124,0.0,0.0,0.11699426852830566,0.7756323483910891,0.03327601971012531,2.8463122679455446
866,0.000192491604680118,1.0,0.013134531049740196,1.0986116333763198,0.00484838498016303,0.0,0.0,0.1254198892724396,0.7860747988861386,0.044793874910562345,2.914323561262376
867,0.00019227752503904745,1.0,0.008139325988174665,1.0890859613324155,0.004574980491675473,0.0,0.0,0.1193354151184016,0.7947478341584159,0.03706276770865563,3.053053449876238
868,0.00019206335370153756,1.0,0.02121109983856135,1.0627290948782817,0.005072271121126406,0.0,0.0,0.13002014706040374,0.73209282903388,0.030430671012047494,2.983089031559406
869,0.00019184909114919533,1.0,0.015596290478611937,1.0941256432249995,0.006695278713048556,0.0,0.0,0.1283564956323935,0.7512762995049505,0.02861234457185953,3.1288675742574257
870,0.00019163473786383315,1.0,0.02248419282755049,1.064280327003781,0.007386563048412157,0.0,0.0,0.1326055092976825,0.7897417427289604,0.03112158444848391,3.437383972772277
871,0.00019142029432746733,1.0,0.014497896305995413,1.0458752495227475,0.006327769963997462,0.0,0.0,0.12224930709246362,0.7794419090346535,0.03765008001044245,3.2359703743811883
872,0.00019120576102231717,1.0,0.012692011892795563,1.0699310804357622,0.007218508006622185,0.0,0.0,0.12329437532047234,0.6741387395575495,0.03575602616413985,3.290628867574257
873,0.00019099113843080377,1.0,0.010538289157470853,1.0725706479336956,0.005060582043370232,0.0,0.0,0.12032564707321695,0.7526057781559405,0.03347098473275062,3.315381342821782
874,0.0001907764270355491,1.0,0.00932600943021255,1.0622121715309596,0.005210641739857706,0.0,0.0,0.118152549139934,0.7230623452970297,0.03279672754873143,3.3079556002475248
875,0.00019056162731937473,1.0,0.010478624207253503,1.0871548658550376,0.004984390868005425,0.0,0.0,0.12168630692038206,0.8023911277846535,0.03139269233930229,3.1279393564356437
876,0.00019034673976530092,1.0,0.02489663040874028,1.0813069319961095,0.007882008885752669,0.0,0.0,0.13696832903245887,0.7760916228341584,0.03748937172464805,3.0832978805693068
877,0.0001901317648565454,1.0,0.009404921996416432,1.080747367721973,0.005391159025712473,0.0,0.0,0.1201752396208225,0.7294354391570138,0.04120288508953435,3.0064201732673266
878,0.00018991670307652234,1.0,0.013992737720508387,1.0708163032437314,0.005907980129549206,0.0,0.0,0.12402835960435395,0.694986626653388,0.041445741559019186,3.2256439511138613
879,0.00018970155490884125,1.0,0.035591180519302296,1.0709455007373696,0.00599576577332129,0.0,0.0,0.14568361411295314,0.7316616549350248,0.04755174995648979,3.3385867883663365
880,0.00018948632083730594,1.0,0.008843553095760912,1.0466455309697897,0.005471063535464559,0.0,0.0,0.11624363920476177,0.6705238512246916,0.030595307302947093,3.171633276608911
881,0.00018927100134591337,1.0,0.01134099601076381,1.0706130071441726,0.003695289946119716,0.0,0.0,0.12024994268275724,0.7591915319461634,0.036972461360515935,2.829488319925743
882,0.00018905559691885257,1.0,0.011609383443794629,1.099307087388369,0.006453559832476854,0.0,0.0,0.12476687302978912,0.6792838219368812,0.043899120670734065,3.023833926361386
883,0.0001888401080405036,1.0,0.019465584381677135,1.082827895584673,0.006689096418166726,0.0,0.0,0.13109292377634804,0.7334032719678217,0.03893839014638768,3.1409634127475248
884,0.00018862453519543634,1.0,0.012685716816104285,1.0649099066705987,0.005398406935302485,0.0,0.0,0.1218759120248332,0.7588591622834159,0.035916545603534966,3.024800819925743
885,0.00018840887886840954,1.0,0.012465677085784402,1.0642103346267549,0.006709222175817162,0.0,0.0,0.1222413236109337,0.7715834815903465,0.03833022920211943,3.0347501547029703
886,0.00018819313954436979,1.0,0.01669840363435226,1.0552104782349994,0.0067614848497277585,0.0,0.0,0.1256001952408564,0.7824852065284653,0.0393839165715888,3.247582766089109
887,0.0001879773177084501,1.0,0.009658961049696007,1.0456650853157043,0.004448340170657133,0.0,0.0,0.11644964156174424,0.7014027208384901,0.029118943922590502,2.909914526608911
888,0.0001877614138459692,1.0,0.023939723167384026,1.0846046179828077,0.004542120021196212,0.0,0.0,0.13467124583992626,0.8441947710396039,0.027706675010152382,3.168858292079208
889,0.00018754542844243017,1.0,0.012068584340043587,1.0766209806546125,0.0063417244513546776,0.0,0.0,0.12290154655676076,0.7226030708539604,0.03137452531569075,3.250715501237624
890,0.0001873293619835195,1.0,0.007489631413528234,1.06218151408847,0.005765232018951216,0.0,0.0,0.11659040065980193,0.7082809599319307,0.04835623561745823,3.167146890470297
891,0.00018711321495510594,1.0,0.0079468899581692,1.0733460264630836,0.006255753659919863,0.0,0.0,0.11840937116948685,0.7895411123143564,0.04324121758489326,2.9739132116336635
892,0.00018689698784323934,1.0,0.01586686775530919,1.0800998647614282,0.006151892154622768,0.0,0.0,0.12695280174807747,0.7035060920337639,0.04778032963818843,3.1334893254950495
893,0.00018668068113414984,1.0,0.010574055042597327,1.04632696833941,0.007096213236160687,0.0,0.0,0.11875486012437556,0.6643187267945545,0.0458620279142172,3.222346844059406
894,0.00018646429531424635,1.0,0.011679935093858455,1.0993751576631376,0.006774420654896813,0.0,0.0,0.1250046635470768,0.7426951191212872,0.03495123834893255,3.170743734529703
895,0.00018624783087011583,1.0,0.007951096733017722,1.0894415951011205,0.005666411702525756,0.0,0.0,0.11972846319474796,0.7447268042233911,0.03896652825988165,3.279364557549505
896,0.00018603128828852185,1.0,0.0074474124403873295,1.0778413981494337,0.005848317706754597,0.0,0.0,0.11815571320233959,0.7725020304764851,0.024492735909943532,3.4924195544554455
897,0.00018581466805640394,1.0,0.006338364638314389,1.0734039657186754,0.0061796844100100124,0.0,0.0,0.11676860504811352,0.7254372776144802,0.03202056884765625,3.843546952351485
898,0.00018559797066087605,1.0,0.02766560213548122,1.10048244023087,0.007373051869447832,0.0,0.0,0.14140037299677877,0.6768484587716584,0.04872731879205987,3.393312964108911
899,0.00018538119658922578,1.0,0.022290300172154266,1.0662307597623013,0.008188474880148759,0.0,0.0,0.1330076172062666,0.6549428335510858,0.0381703518404819,3.841642172029703
900,0.00018516434632891293,1.0,0.020794633739065416,1.0654008807522235,0.007967469006970452,0.0,0.0,0.13131845926884378,0.789607586246906,0.033544936982711944,3.2610902691831685
901,0.000184947420367569,1.0,0.01209155178748735,1.0527177848438225,0.00474350622193519,0.0,0.0,0.11973508521176801,0.7621889019956684,0.02445708170975789,2.9585009282178216
902,0.00018473041919299534,1.0,0.005610362986231795,1.0864957393986163,0.005536129124437247,0.0,0.0,0.11702800357695853,0.7680760751856436,0.034608444364944306,3.138671875
903,0.00018451334329316261,1.0,0.029724700136645004,1.0851127947911177,0.0049991551112374384,0.0,0.0,0.14073555909170962,0.7713852684096535,0.03514956483746519,3.1803159808168315
904,0.00018429619315620953,1.0,0.006105100717579965,1.107152796617829,0.005606037291403085,0.0,0.0,0.11962340314789574,0.7844866762066832,0.03571576411181157,3.203898514851485
905,0.00018407896927044175,1.0,0.009488061291746574,1.133159338247658,0.009717550829495533,0.0,0.0,0.12766277354837643,0.7766040764232673,0.0364473550626547,3.3333655631188117
906,0.00018386167212433065,1.0,0.022992799372071087,1.0771824953579667,0.005305894454572313,0.0,0.0,0.13336399898375614,0.7250233263072401,0.031048991892597463,3.0665029393564356
907,0.00018364430220651242,1.0,0.010600451048057858,1.0672485828399658,0.005746068371837903,0.0,0.0,0.1201983446089348,0.6760616491336634,0.042844035837909966,3.020256420173267
908,0.00018342686000578692,1.0,0.01165526153722612,1.0931660131652756,0.006641736493842436,0.0,0.0,0.12429273290799396,0.7903968131188119,0.03789705333143178,3.1559599319306932
909,0.0001832093460111166,1.0,0.013136674382603995,1.0700866131499263,0.00455620017341836,0.0,0.0,0.12242343778362369,0.7534058825804455,0.041212742871577196,3.041257348391089
910,0.00018299176071162514,1.0,0.014368608593940735,1.054909859553422,0.005168763349538134,0.0,0.0,0.12244397763273504,0.7832272973391089,0.042990127412399444,3.0253132735148514
911,0.0001827741045965968,1.0,0.009348772613718958,1.056841527471448,0.005378368194215,0.0,0.0,0.11772211028797792,0.7754824798886139,0.0325908094349474,2.9902247060643563
912,0.00018255637815547493,1.0,0.01268035848394479,1.0406040537475358,0.004778461834521835,0.0,0.0,0.1191299963410538,0.6866007889851485,0.033484808289178526,2.985158183787129
913,0.00018233858187786115,1.0,0.009987845684927289,1.0642475727761145,0.005283931477714588,0.0,0.0,0.11905457013019241,0.7348076848700495,0.03615177267848855,3.1183381033415842
914,0.0001821207162535139,1.0,0.00481549738952429,1.0735952771536195,0.004507824169969795,0.0,0.0,0.11442893832036764,0.6957939827796256,0.031335811803836634,2.9622137995049505
915,0.00018190278177234796,1.0,0.013233531893479943,1.1025923337086592,0.004312854913169389,0.0,0.0,0.12564919313581863,0.7407347424195545,0.03684049549669322,3.128016707920792
916,0.0001816847789244325,1.0,0.009303324957295219,1.0890474313556557,0.005078364761274234,0.0,0.0,0.12074725182339696,0.701106609684406,0.03922554998114557,3.510674504950495
917,0.0001814667081999907,1.0,0.017459338991948875,1.1194530530731277,0.005762311848661964,0.0,0.0,0.13228580119586228,0.7049131487855816,0.031542258687538675,3.391620900371287
918,0.00018124857008939822,1.0,0.02757003682084603,1.0706552385103585,0.005349063761284492,0.0,0.0,0.13731009431994787,0.6059688152653155,0.039515164819094215,3.445776608910891
919,0.00018103036508318248,1.0,0.011470397325730559,1.0475485112407419,0.00530607078229031,0.0,0.0,0.11887828570486296,0.7721660349628713,0.03733935214505337,3.2972907642326734
920,0.00018081209367202104,1.0,0.01178910564815644,1.0441016631551308,0.004645711035204885,0.0,0.0,0.11852212921522631,0.7338885316754332,0.036827314018022896,3.2077080754950495
921,0.000180593756346741,1.0,0.011354296145462755,1.0530876481887137,0.004416780311747979,0.0,0.0,0.11887145204709308,0.7923596070544554,0.03677949810972308,3.213093672648515
922,0.00018037535359831754,1.0,0.0063115730144009735,1.0712444563903432,0.004442823517766186,0.0,0.0,0.11565743158064266,0.7652503287438119,0.042240331668664914,3.125396426361386
923,0.00018015688591787313,1.0,0.014575505573855767,1.0783500813021518,0.005731117362986401,0.0,0.0,0.12527607396097468,0.7903678063118812,0.04125100315207302,3.206315748762376
924,0.000179938353796676,1.0,0.01496327229508079,1.091593073146178,0.005620838933921705,0.0,0.0,0.12693300076050335,0.7423600300703899,0.03662018728728342,3.0882483756188117
925,0.00017971975772613957,1.0,0.017493823045256113,1.0962960625639055,0.006564871394790082,0.0,0.0,0.13040586642109522,0.6030708539603961,0.043693013710550746,3.3139116646039604
926,0.0001795010981978208,1.0,0.015829774154589908,1.0792198328688594,0.005408987072688334,0.0,0.0,0.1264562524928905,0.6287007851175742,0.05461003520701191,3.306331219059406
927,0.0001792823757034196,1.0,0.013750660094884362,1.0982381217550523,0.005583561072241294,0.0,0.0,0.1263662540529034,0.7559778194616337,0.0379459267795676,3.1973429764851486
928,0.00017906359073477723,1.0,0.006902030309533128,1.0707144471678403,0.004847356091895473,0.0,0.0,0.1163971545820189,0.7171377049814357,0.029706142916537746,3.1379757116336635
929,0.00017884474378387563,1.0,0.009619844726996847,1.0688034384557517,0.006219981844527739,0.0,0.0,0.11961018072791618,0.7543099280631188,0.03583885419486773,3.449025371287129
930,0.00017862583534283596,1.0,0.008448042971367883,1.0746552371742701,0.004794489893725714,0.0,0.0,0.118310813266452,0.7616583191522277,0.03684714288994818,3.081915222772277
931,0.0001784068659039179,1.0,0.011377919243999047,1.0911735024782692,0.005372075064886951,0.0,0.0,0.12318130855513092,0.807796062809406,0.03076609998646349,3.252687964108911
932,0.0001781878359595179,1.0,0.01065889233262232,1.0702901128495093,0.004099309057721149,0.0,0.0,0.11973755917336681,0.8235370900371287,0.03770983101117729,3.0025912747524752
933,0.00017796874600216884,1.0,0.009353160083588987,1.0791752002026775,0.004593949327545038,0.0,0.0,0.11956765620720268,0.8418983988242574,0.03938112164487933,3.102858137376238
934,0.00017774959652453837,1.0,0.01224976958762301,1.0871479287005887,0.006568297648129265,0.0,0.0,0.12424871236971109,0.711523150453473,0.0387154758566677,3.385210396039604
935,0.00017753038801942807,1.0,0.008617673511847411,1.0898842569625025,0.004286018103398014,0.0,0.0,0.11974911045024891,0.7523749323174505,0.035102239929803526,3.131052753712871
936,0.00017731112097977208,1.0,0.013147996277502268,1.0972869697183665,0.005242153938362919,0.0,0.0,0.12549777166678175,0.6366522760674505,0.051346882735148515,3.682568842821782
937,0.00017709179589863648,1.0,0.023109657007573853,1.0737849963773596,0.005365843118149972,0.0,0.0,0.13317108087905563,0.7825480546101485,0.04667890189897896,3.4215365872524752
938,0.00017687241326921752,1.0,0.017689928744394002,1.0804200337664915,0.0050577456169037865,0.0,0.0,0.12826080694056974,0.7590211169554455,0.03842918471534654,3.1802966429455446
939,0.00017665297358484113,1.0,0.024410005990821538,1.079290254871444,0.0055218842952502985,0.0,0.0,0.13509997496805567,0.7337332243966584,0.036445088905863246,3.018090578589109
940,0.00017643347733896134,1.0,0.008142461354779725,1.0520629345780552,0.005634256106649184,0.0,0.0,0.11616588487188415,0.806863010519802,0.033104358333172185,2.875125696163366
941,0.00017621392502515954,1.0,0.017205673574221016,1.0504322919515099,0.00588734617363431,0.0,0.0,0.1251925775910368,0.826125947555693,0.029151312195428526,2.9051767481435644
942,0.00017599431713714308,1.0,0.010731011776640863,1.061719258823017,0.004639733512424818,0.0,0.0,0.11922280645311469,0.8278905283106436,0.03294682266688583,3.2271716429455446
943,0.00017577465416874428,1.0,0.01915130388028551,1.0474553055102283,0.005307917224386209,0.0,0.0,0.1265507944592155,0.7485702061417079,0.029103458517848856,3.2758644028465347
944,0.0001755549366139194,1.0,0.012964549262334805,1.0651714465405682,0.004756209347166564,0.0,0.0,0.1218598013614664,0.8147987894492574,0.034131267283222466,2.885026686262376
945,0.00017533516496674744,1.0,0.009020181022363134,1.075062386470266,0.005176189512885775,0.0,0.0,0.11911451742790713,0.7711846379950495,0.03328606633856745,2.852219987623762
946,0.00017511533972142896,1.0,0.012632284571628759,1.064734186866496,0.006132140646153821,0.0,0.0,0.12217177893265639,0.779806911355198,0.02952122452235458,2.9644183168316833
947,0.0001748954613722851,1.0,0.020046657523011217,1.0734553850523316,0.006144711158773171,0.0,0.0,0.1304645568575009,0.7852867806311881,0.0343844725353883,3.0556640625
948,0.00017467553041375643,1.0,0.009991497981666339,1.0849809988890544,0.005259103988905871,0.0,0.0,0.12111915220128427,0.710470973855198,0.03476715087890625,3.493831219059406
949,0.00017445554734040177,1.0,0.02055412435000486,1.0421158783506639,0.006051020829887637,0.0,0.0,0.12779122583641864,0.7778948793316832,0.03354810960221999,3.442334467821782
950,0.00017423551264689714,1.0,0.013686776935759157,1.0346159521896061,0.0050775058150273,0.0,0.0,0.11968712914403122,0.7215017186533107,0.03061479625135365,3.3004331683168315
951,0.00017401542682803472,1.0,0.004771099453515346,1.0437394168117258,0.005345401025491324,0.0,0.0,0.11181774270711559,0.6991710096302599,0.03163713511854115,3.1487952506188117
952,0.00017379529037872156,1.0,0.010034037145352599,1.0544265384721283,0.004613299091060711,0.0,0.0,0.11778334520830966,0.8105178681930693,0.03574794353825031,2.996074412128713
953,0.00017357510379397857,1.0,0.009216645455891542,1.0619093645917308,0.00503901034878281,0.0,0.0,0.11792708852208487,0.7757822168935643,0.03725727949992265,3.063225170173267
954,0.00017335486756893945,1.0,0.04211925866432709,1.0654833523353728,0.005339876880020936,0.0,0.0,0.15133753389415175,0.8100912264077971,0.032711217899133664,2.610303217821782
955,0.00017313458219884951,1.0,0.011195689476657621,1.0710657469116815,0.005594190105503093,0.0,0.0,0.12109936102487073,0.8149510751856436,0.031303632377397896,2.7771793780940595
956,0.00017291424817906452,1.0,0.016794131460166214,1.0666304224788552,0.004150593749565616,0.0,0.0,0.1255324716762741,0.8195003094059405,0.02215530848739171,2.5979366491336635
957,0.00017269386600504978,1.0,0.009558686709935121,1.0613512213867489,0.0045782284290151725,0.0,0.0,0.11798292376322321,0.7444790377475248,0.0276021674127862,2.7581025680693068
958,0.00017247343617237868,1.0,0.013082626875084226,1.0536396043135388,0.004432261325989499,0.0,0.0,0.12066271938014739,0.6664602071932046,0.031340948425897276,2.6721650680693068
959,0.00017225295917673195,1.0,0.008191940660523896,1.052095347111768,0.004084614182748639,0.0,0.0,0.1154437841902865,0.7177553082456684,0.026243077646387687,2.95383083230198
960,0.00017203243551389632,1.0,0.009727452577340721,1.059122685748752,0.005770778540944874,0.0,0.0,0.11852511232442195,0.7779335550742574,0.03862067496422494,2.847772277227723
961,0.00017181186567976345,1.0,0.013764831431136272,1.0463153826128138,0.004621209035207411,0.0,0.0,0.12070697494367562,0.7201010826790687,0.027998442697052907,2.658319152227723
962,0.00017159125017032875,1.0,0.008829384968422426,1.0393148235755392,0.004789728381714811,0.0,0.0,0.11515573286774135,0.7170555190284653,0.023617583926361384,2.9281888149752477
963,0.00017137058948169055,1.0,0.013220917101543729,1.0665284678487494,0.00463531981352002,0.0,0.0,0.12219142574484985,0.7745131690903465,0.02778089164507271,2.861550510519802
964,0.00017114988411004854,1.0,0.011752568738590373,1.0715408189461963,0.005841836888552874,0.0,0.0,0.12182757088748536,0.7879022277227723,0.031939818127320545,2.9618560488861387
965,0.00017092913455170303,1.0,0.01125156458946738,1.0666508479873733,0.00564023070982519,0.0,0.0,0.12073676642214898,0.7209339708384901,0.03303905524829827,3.06472385519802
966,0.00017070834130305363,1.0,0.009531620299757118,1.0714978121294834,0.004875696959961805,0.0,0.0,0.1191192512760068,0.8060556543935643,0.03354131113184561,2.9193610767326734
967,0.0001704875048605983,1.0,0.01448586158970795,1.0726806120117112,0.006312795090293143,0.0,0.0,0.12491032230381918,0.7334516166460396,0.039966772098352414,3.0855894183168315
968,0.0001702666257209319,1.0,0.013007725340009916,1.066272485374224,0.005566885682182516,0.0,0.0,0.12241841778896823,0.6617256391166461,0.03573774583268874,3.3477142636138613
969,0.00017004570438074561,1.0,0.006437333614224255,1.0694857877079804,0.005887033939528703,0.0,0.0,0.11632943153381348,0.7552913250309405,0.029215746586865717,3.2668336169554455
970,0.00016982474133682524,1.0,0.013377647736284992,1.0698861043051917,0.004314118154844878,0.0,0.0,0.12252331820159855,0.7683298847462872,0.03157058564743193,3.3094059405940595
971,0.00016960373708605058,1.0,0.008942058107050338,1.0633771248383097,0.004016670646228929,0.0,0.0,0.11728810747661213,0.7224991297957921,0.0320547878152073,3.2529006806930694
972,0.00016938269212539393,1.0,0.00898126132860042,1.0916021383634888,0.004405899665786396,0.0,0.0,0.12034442651979994,0.7443134572246287,0.028607736719716892,3.4862314356435644
973,0.0001691616069519192,1.0,0.010023072509482355,1.0954275491214034,0.004739908668348602,0.0,0.0,0.12193578400529258,0.7163956141707921,0.026499682133740717,3.4495571627475248
974,0.00016894048206278072,1.0,0.006283197293777277,1.091148551737908,0.004766161389888661,0.0,0.0,0.11778113452514799,0.7451709709545173,0.031153688336362933,3.417659344059406
975,0.0001687193179552222,1.0,0.017417870904549514,1.1248807871695792,0.004806812180639567,0.0,0.0,0.13230935845634725,0.7937205097462872,0.03281938911664604,3.570157797029703
976,0.00016849811512657532,1.0,0.008688205539590061,1.128725801954175,0.007205851538577071,0.0,0.0,0.1251637130828187,0.8192126585705446,0.03830137347230817,3.5936919863861387
977,0.00016827687407425915,1.0,0.011797029930766267,1.1095921946044016,0.006178366530935584,0.0,0.0,0.125845433978161,0.7512956373762376,0.02950966712271813,3.561639464727723
978,0.00016805559529577843,1.0,0.009133155024287725,1.0707709960418172,0.007397281975337848,0.0,0.0,0.1199088967082524,0.7780858408106436,0.027982277445273825,3.296227181311881
979,0.00016783427928872293,1.0,0.003193684032942989,1.078305440964085,0.005645818784164431,0.0,0.0,0.11384713915315005,0.7859708578279703,0.025433984133276608,3.4736618193069306
980,0.000167612926550766,1.0,0.010427600086325466,1.0934798304397282,0.005562960508793574,0.0,0.0,0.12255706490561513,0.7593063505569307,0.03830186447294632,3.2889851485148514
981,0.0001673915375796637,1.0,0.007328810926416133,1.085820468345491,0.003945693054258371,0.0,0.0,0.11788370511909523,0.7417085855314047,0.02697738798538057,3.244295327970297
982,0.00016717011287325343,1.0,0.004772863691986197,1.0931019015831522,0.00614433761802502,0.0,0.0,0.11715522482253538,0.7739789603960396,0.038300429240311726,3.448570931311881
983,0.00016694865292945311,1.0,0.01608991811033523,1.1072784213736506,0.005315923259943945,0.0,0.0,0.12947572620198278,0.6909796082147277,0.033444546236850246,3.115437422648515
984,0.0001667271582462598,1.0,0.016000017191809,1.1011664023493777,0.006716128483087304,0.0,0.0,0.12947472649635655,0.6741061068997525,0.03527624300210783,3.474793084777228
985,0.00016650562932174864,1.0,0.016686579636713064,1.0652078980266457,0.004244162037157186,0.0,0.0,0.12532945176457413,0.6298864383508663,0.034794042606164914,3.201945389851485
986,0.00016628406665407193,1.0,0.013835814514077536,1.1003390037187255,0.004484534822923067,0.0,0.0,0.12611198432669782,0.7412913105275372,0.03245793710840811,3.0512066831683167
987,0.0001660624707414576,1.0,0.01788823782364921,1.1016716248918288,0.00543445510971867,0.0,0.0,0.13077262973431314,0.7038360444626005,0.031157200879389696,3.1339534344059405
988,0.00016584084208220865,1.0,0.011506873856086543,1.0917795300483704,0.0051969520973576475,0.0,0.0,0.12328330589698093,0.7597922145730198,0.032910224234703744,3.226746209777228
989,0.00016561918117470142,1.0,0.017216071080748397,1.0994752149770755,0.006234909496330633,0.0,0.0,0.13028104920493494,0.76708984375,0.03759697640296256,3.3795153929455446
990,0.00016539748851738498,1.0,0.008592254454546635,1.0901951300035608,0.006245120553562584,0.0,0.0,0.12073433089374315,0.7219117419554455,0.03434658994769106,3.296923344678218
991,0.00016517576460877957,1.0,0.03468058704592214,1.0660730511835306,0.00491699677376805,0.0,0.0,0.14374639130759947,0.761409344059406,0.030067670463335396,3.1275719368811883
992,0.00016495400994747606,1.0,0.012203459840009707,1.0774133830967516,0.005562897335327608,0.0,0.0,0.12272624878009947,0.7218601113498802,0.040121097375850866,3.0006381497524752
993,0.00016473222503213413,1.0,0.010066067597063461,1.0797630672407623,0.005575155682278576,0.0,0.0,0.12082995415324031,0.7519023630878713,0.035701298477626084,3.1925278465346536
994,0.00016451041036148162,1.0,0.011497901586612852,1.0769846545587671,0.006443902377574013,0.0,0.0,0.12241832048881172,0.7667320931311881,0.03122333488842048,3.3129931157178216
995,0.00016428856643431326,1.0,0.019891112194497986,1.0939456071003828,0.004915581007273683,0.0,0.0,0.1317434654672547,0.7943393216274752,0.02983875085811804,3.041789139851485
996,0.00016406669374948967,1.0,0.01019029640177689,1.0986859881051696,0.005142744610116052,0.0,0.0,0.1226302698107049,0.725906220993193,0.032798351627765315,3.393235612623762
997,0.00016384479280593598,1.0,0.008818876072026716,1.0970035637959394,0.005886662849985838,0.0,0.0,0.12146256524737518,0.7534034653465347,0.034022642834351795,3.5064878558168315
998,0.00016362286410264102,1.0,0.008517573670585556,1.1076331811376137,0.005677341970518268,0.0,0.0,0.12211956474745628,0.748890489634901,0.03128686281714109,3.379689433787129
999,0.00016340090813865592,1.0,0.01250952814180072,1.0936609364972256,0.004305667347346184,0.0,0.0,0.12402845719958296,0.7306222443533416,0.024929877555016244,3.0419535117574257
1000,0.00016317892541309323,1.0,0.017731328670046117,1.0930230062786896,0.005236912589626257,0.0,0.0,0.12965208771500256,0.7684579981435643,0.024244818356957767,3.2573580600247523
1001,0.00016295691642512553,1.0,0.015029840281989315,1.0763158491342375,0.0039106470352329205,0.0,0.0,0.12461675165018232,0.7222187306621287,0.026837566111347463,3.0189704517326734
1002,0.00016273488167398452,1.0,0.005384231004679557,1.0953883493300711,0.004513242530652626,0.0,0.0,0.11717968854573693,0.7823643448329208,0.02982164137434251,3.0603341584158414
1003,0.00016251282165895986,1.0,0.0057935494154986765,1.101152461354095,0.006281449600689962,0.0,0.0,0.11904952158727268,0.7410804068688119,0.0341159707248801,3.5785987778465347
1004,0.0001622907368793981,1.0,0.008683409763149696,1.1052217849410406,0.0052131742629738945,0.0,0.0,0.12181217695521836,0.7091850054146039,0.03961264733040687,2.9571956219059405
1005,0.0001620686278347013,1.0,0.007872968506399947,1.0896076672147996,0.00734428841001723,0.0,0.0,0.1205058812652484,0.7763381806930693,0.03912168446153697,3.1814955909653464
1006,0.00016184649502432613,1.0,0.01612693816423416,1.0710939281057603,0.0067774656224110635,0.0,0.0,0.12662506612515687,0.7398306969368812,0.05082196528368657,3.4261390006188117
1007,0.00016162433894778287,1.0,0.008139426939853348,1.0758989777895485,0.005360056177337221,0.0,0.0,0.11840935449789067,0.7719968285891089,0.03476533795347308,3.2633334622524752
1008,0.00016140216010463392,1.0,0.0023664693799939486,1.102467705117594,0.0045875629501205195,0.0,0.0,0.11490702238118294,0.7806698638613861,0.026720556882348392,3.2834835241336635
1009,0.00016117995899449288,1.0,0.008647397012993841,1.109892711190894,0.005437870908443272,0.0,0.0,0.12235560489468056,0.7702104927289604,0.03899938753335783,3.205387530940594
1010,0.00016095773611702366,1.0,0.014205829895073824,1.0959389339579213,0.005540707986283181,0.0,0.0,0.12657007862730782,0.7935271310334159,0.040665428237159656,3.1225730971534653
1011,0.0001607354919719388,1.0,0.017888230446836736,1.0811662308060297,0.005554124935977346,0.0,0.0,0.12878191825186852,0.7265382143530515,0.03783801994701423,3.276695931311881
1012,0.0001605132270589989,1.0,0.0076597893223314005,1.0888968204507734,0.004159484451952492,0.0,0.0,0.11862921589376903,0.807972520884901,0.03249578192682549,3.2962561881188117
1013,0.00016029094187801108,1.0,0.019161067866157778,1.1063578264548046,0.005104144716302237,0.0,0.0,0.1323489260555494,0.7671720297029703,0.03356389716120049,3.612546410891089
1014,0.00016006863692882823,1.0,0.019072449738436408,1.0873028866135248,0.005142495769051844,0.0,0.0,0.1303739881161416,0.7212427724706064,0.03214052408048422,3.3246538521039604
1015,0.00015984631271134754,1.0,0.00945846020880312,1.0967720800107068,0.00548456467504816,0.0,0.0,0.12187795525435174,0.7938872988861386,0.03137448754641089,3.391804610148515
1016,0.0001596239697255096,1.0,0.00963353885724993,1.1025026009814574,0.007492445100393921,0.0,0.0,0.12363002345998689,0.784535020884901,0.03699833331721844,3.321240717821782
1017,0.0001594016084712971,1.0,0.013393494678605901,1.0768259244390053,0.0056841575839132585,0.0,0.0,0.12391816824674606,0.7193833152846535,0.04541612379621751,3.0830658261138613
1018,0.00015917922944873404,1.0,0.0070882096960402955,1.062035057214227,0.0038828243961670705,0.0,0.0,0.11523312964651844,0.6159643796410891,0.031670372084815906,3.2849435334158414
1019,0.00015895683315788416,1.0,0.010204684616315483,1.0638633635964725,0.004828206403238588,0.0,0.0,0.11900512638068435,0.7251858852877475,0.03181249788492033,3.2148050742574257
1020,0.00015873442009885005,1.0,0.014785204599104306,1.0542304917137222,0.006623110355288344,0.0,0.0,0.12351981085715907,0.6473908377165841,0.03384467398766244,2.94894801980198
1021,0.00015851199077177215,1.0,0.007679670200784608,1.0730984771605765,0.004349031438647613,0.0,0.0,0.11716403531851155,0.7814917233910891,0.031117807520498142,3.0108002011138613
1022,0.0001582895456768274,1.0,0.007833725265642204,1.0757359030223128,0.006399403254750489,0.0,0.0,0.11860701817982268,0.7209968189201733,0.0376222818204672,3.433787128712871
1023,0.00015806708531422806,1.0,0.0050912717412603965,1.0735294706750624,0.0039243575762283045,0.0,0.0,0.11440639817478633,0.7742231010210396,0.03637548012308555,2.74441135519802
1024,0.00015784461018422094,1.0,0.018954466143161944,1.069875128788523,0.004342666032694114,0.0,0.0,0.12811331480446428,0.7961111540841584,0.03128588081586479,2.815545714727723
1025,0.00015762212078708596,1.0,0.006037392681187923,1.0545663810012365,0.005107975609849511,0.0,0.0,0.11404801993676932,0.7907956567141089,0.02625614581721844,2.876363319925743
1026,0.00015739961762313519,1.0,0.007426763525103578,1.0534940137721525,0.0032687145945187288,0.0,0.0,0.11441052417353828,0.7469832920792079,0.027793128891746597,2.8004815129950495
1027,0.00015717710119271148,1.0,0.009180953265121668,1.060679284062716,0.004241498267580064,0.0,0.0,0.11736963283602554,0.6674393757735149,0.034575811707147276,2.9383121905940595
1028,0.00015695457199618767,1.0,0.0074698535522612014,1.064855178984085,0.004555502266733732,0.0,0.0,0.11623312422249577,0.7171655031714109,0.03395110781830136,3.238300587871287
1029,0.0001567320305339653,1.0,0.005907597481319219,1.0586530631131466,0.005527556789716208,0.0,0.0,0.114536684264641,0.7410417311262376,0.033665647601137064,3.3359761757425743
1030,0.00015650947730647347,1.0,0.008302118112840274,1.0741507062817564,0.004217572748259927,0.0,0.0,0.1178259763239634,0.7946656482054455,0.0287381918123453,3.1254737778465347
1031,0.00015628691281416762,1.0,0.010781284864291106,1.0795549177887416,0.00454055429418977,0.0,0.0,0.1210070556343192,0.7997563428217822,0.03387009271300665,3.030051051980198
1032,0.00015606433755752883,1.0,0.020242060396340814,1.0793534841867958,0.009058232528692351,0.0,0.0,0.13270652677753184,0.8320868463799505,0.033978603854037746,3.283396503712871
1033,0.000155841752037062,1.0,0.011311948299407959,1.0677308758886734,0.0057869879021724266,0.0,0.0,0.12097853200860542,0.8480575108292079,0.030101587276647586,3.0884417543316833
1034,0.0001556191567532954,1.0,0.008127594090039186,1.0799672497381079,0.0043946016962538555,0.0,0.0,0.11832162184585439,0.7993309096534653,0.03553122341042698,2.997921178836634
1035,0.00015539655220677895,1.0,0.005995476120474315,1.0844522873954017,0.005305608920061426,0.0,0.0,0.11709351151591481,0.8013227103960396,0.030752540814994584,3.3789352568069306
1036,0.00015517393889808389,1.0,0.009925300236975793,1.0767010957887857,0.0043997568197059675,0.0,0.0,0.11979529128806425,0.7697415493502475,0.02585292098545792,3.3051032642326734
1037,0.0001549513173278007,1.0,0.010950909171364095,1.0782881721411601,0.00485115252967721,0.0,0.0,0.12120530429748025,0.7957679068688119,0.028468972385519802,3.2305654393564356
1038,0.00015472868799653865,1.0,0.0069554319033528315,1.0746854868265663,0.0059170175678301875,0.0,0.0,0.11738249010378772,0.7621707727413366,0.02742427410465656,3.20716661509901
1039,0.0001545060514049243,1.0,0.005192638402528102,1.074411690825283,0.0047674795999111015,0.0,0.0,0.11501754790839583,0.7842280321782178,0.0313863471002862,3.213644801980198
1040,0.00015428340805360088,1.0,0.009633476154343916,1.0734106414388902,0.005754487368849908,0.0,0.0,0.11985178572116512,0.7819219910272277,0.028675834731300278,3.201055847772277
1041,0.00015406075844322643,1.0,0.008784331750161576,1.0728965029858126,0.004517381523688564,0.0,0.0,0.11833267467151774,0.8037882889851485,0.02922122313244508,3.3017191367574257
1042,0.00015383810307447327,1.0,0.004853490223683934,1.0813365678976077,0.004215110462195803,0.0,0.0,0.11509470427685445,0.7693862159653465,0.02918893039816677,3.269308864480198
1043,0.00015361544244802666,1.0,0.00833985633631744,1.0916508093918904,0.005092275242487171,0.0,0.0,0.12005107643285601,0.7684676670792079,0.026622432293278157,3.041460396039604
1044,0.00015339277706458368,1.0,0.01621734376738567,1.0878191177207646,0.006654438134778457,0.0,0.0,0.12832647635795102,0.7618202738242574,0.030869587813273515,3.1167137221534653
1045,0.00015317010742485197,1.0,0.006353016389478551,1.067669680212984,0.003124118839779011,0.0,0.0,0.11468204479701448,0.7910011215965347,0.03205135081074025,2.8940768100247523
1046,0.00015294743402954894,1.0,0.008478057450882278,1.0664096734311321,0.0035792336370427127,0.0,0.0,0.11690864335782457,0.7794902537128713,0.02763446014706451,3.1296507580445545
1047,0.00015272475737940035,1.0,0.003681017731380935,1.0715882229332876,0.003881900753401736,0.0,0.0,0.11278079169811589,0.8116032062190595,0.024160743939994584,3.056901686262376
1048,0.00015250207797513928,1.0,0.0038109606519193934,1.1061181514570029,0.003710692886742625,0.0,0.0,0.11627812373756181,0.8045134591584159,0.028462438300104424,3.058477722772277
1049,0.000152279396317505,1.0,0.007721461171265876,1.1189133247526566,0.004740381769842865,0.0,0.0,0.1219829852775772,0.7867927173576733,0.029394621896271657,3.1360225866336635
1050,0.00015205671290724183,1.0,0.010797226967492907,1.110565165481945,0.007115595055384432,0.0,0.0,0.12541154307304042,0.7899206180383663,0.03176849667388614,3.5123568997524752
1051,0.0001518340282450981,1.0,0.020373010952578912,1.0814822581734989,0.00518022302283426,0.0,0.0,0.1311113501686861,0.7729588876856436,0.036082050587871284,3.2179861540841586
1052,0.00015161134283182492,1.0,0.0075962205998378225,1.072184975194459,0.00414205630457416,0.0,0.0,0.11688574816625898,0.7672844310798267,0.023345871727065284,3.405031714108911
1053,0.00015138865716817502,1.0,0.0096669769892008,1.0813558107555503,0.004896051459023637,0.0,0.0,0.12025058535065981,0.692971408957302,0.02511762864518874,3.8874149133663365
1054,0.00015116597175490187,1.0,0.014162035419209169,1.082253335726143,0.0037095953723632427,0.0,0.0,0.12424216854690324,0.8098289565284653,0.02790114903213954,3.2860554610148514
1055,0.00015094328709275813,1.0,0.007951014850399282,1.1060296468215414,0.0039017915574137566,0.0,0.0,0.12050487691223032,0.8366094910272277,0.027122422020034034,3.110370900371287
1056,0.00015072060368249502,1.0,0.007572463575271096,1.1025415003889858,0.004828512433185565,0.0,0.0,0.12024087149022829,0.7926109993811881,0.02292617948928682,3.222395188737624
1057,0.00015049792202486066,1.0,0.012531872654315268,1.1016371273758387,0.005061191201525842,0.0,0.0,0.1252261822914133,0.8463364402846535,0.027523418464282953,3.1441928372524752
1058,0.00015027524262059962,1.0,0.011808409549222134,1.114858583648606,0.005577031418676534,0.0,0.0,0.12608278528003408,0.8204817063737624,0.025296428416034963,3.1523824257425743
1059,0.000150052565970451,1.0,0.009131952751391005,1.1073689083061595,0.0048356028259293835,0.0,0.0,0.1222866464516904,0.764670192605198,0.03533814685179455,3.045124922648515
1060,0.000149829892575148,1.0,0.012978990553039135,1.1039444054707441,0.003660560436869538,0.0,0.0,0.1252037131845361,0.7785970857827971,0.038482137245706996,3.0796623607673266
1061,0.0001496072229354163,1.0,0.0030328207603185484,1.1035265804517387,0.004369858380621484,0.0,0.0,0.11557040983202434,0.8182360960705446,0.03277708752320545,3.1623897741336635
1062,0.00014938455755197328,1.0,0.006053296830689553,1.0992557081845726,0.005738939191684436,0.0,0.0,0.1188483385018783,0.7718469600866337,0.03471393396358679,3.300626547029703
1063,0.0001491618969255267,1.0,0.011759278060186028,1.100269378411888,0.004837083495982766,0.0,0.0,0.12420475881288548,0.7516110864016089,0.04135826790686881,3.2773727568069306
1064,0.00014893924155677353,1.0,0.01220089595506687,1.0891244517694605,0.007422470515317256,0.0,0.0,0.12482457821912105,0.745163114944307,0.04097679818030631,3.4573309870049505
1065,0.0001487165919463991,1.0,0.01063316872361863,1.0956089030398,0.006902229497157323,0.0,0.0,0.12364517543280479,0.775933294012995,0.034801029922938584,3.4505530631188117
1066,0.00014849394859507565,1.0,0.014264571526558092,1.1008326783038602,0.005982356329821972,0.0,0.0,0.12733901941245146,0.7202701379757116,0.03306957282642327,3.4283048422029703
1067,0.00014827131200346137,1.0,0.005625400987297001,1.095293655844018,0.00325012402826549,0.0,0.0,0.1167798304174206,0.7582427676361386,0.026246363573735304,3.084844910272277
1068,0.00014804868267219928,1.0,0.005640810152681747,1.1029139349956323,0.0044931364980512435,0.0,0.0,0.11817877319189582,0.7415807742883663,0.02893115506313815,3.167146890470297
1069,0.00014782606110191605,1.0,0.006425157853282324,1.094255522926255,0.004537212029138366,0.0,0.0,0.11811931741119612,0.6723330658261139,0.029812312362217666,3.253045714727723
1070,0.000147603447793221,1.0,0.011534516837927375,1.0972200903562035,0.007103917497558298,0.0,0.0,0.12480848680923481,0.786876111927599,0.04547005832785427,3.424756342821782
1071,0.00014738084324670463,1.0,0.006944918765289949,1.1016419612535155,0.00625070331429159,0.0,0.0,0.12023446797439367,0.716696559792698,0.03777456755685334,3.205078125
1072,0.00014715824796293796,1.0,0.012580679600486661,1.0838638414250743,0.006110677708258465,0.0,0.0,0.12402240467248576,0.722701875290068,0.036590349556195854,3.4074392790841586
1073,0.00014693566244247113,1.0,0.00985029867232436,1.0875139018096547,0.005712978144122707,0.0,0.0,0.12145817951105609,0.7750667156559405,0.030180071840191832,3.413327660891089
1074,0.00014671308718583231,1.0,0.019513802768865433,1.0832916675227704,0.005437602884929148,0.0,0.0,0.13056177336095584,0.7507360477258663,0.03319753514658107,3.126092589727723
1075,0.00014649052269352647,1.0,0.004700346895963839,1.0748544347168196,0.0054891056042293655,0.0,0.0,0.11493034505903131,0.7651874806621287,0.031741000638149754,3.084226098391089
1076,0.00014626796946603466,1.0,0.008155170606799645,1.0723346436377799,0.004345570088105996,0.0,0.0,0.1175614216245047,0.7734495861695545,0.030861807341622836,3.272277227722772
1077,0.0001460454280038123,1.0,0.007914502948227495,1.0692964567996488,0.005066909265386328,0.0,0.0,0.1173776051048005,0.7426165590191832,0.034343077404664295,3.399346379950495
1078,0.00014582289880728854,1.0,0.009082107887704773,1.065021514302433,0.0040366301799451216,0.0,0.0,0.11760257634491024,0.7511687325959159,0.034247823280863246,3.2592048267326734
1079,0.00014560038237686478,1.0,0.016665765591482126,1.0767537443944724,0.004028447889861199,0.0,0.0,0.12635536573015818,0.7025545327970297,0.03243119645826888,3.2195621905940595
1080,0.00014537787921291398,1.0,0.006361448233670528,1.0910839414832616,0.00467617934162551,0.0,0.0,0.11780793337833763,0.8121374149133663,0.03114466147847695,3.11105739480198
1081,0.00014515538981577902,1.0,0.018614132067944746,1.1019672332423749,0.0051242832214304125,0.0,0.0,0.13137299810895825,0.753708036819307,0.030288998443301362,3.0577815594059405
1082,0.00014493291468577194,1.0,0.004684998699934176,1.0975229586705122,0.004677721006463807,0.0,0.0,0.11677615646973695,0.7513476079053217,0.029605374477877474,3.290058400371287
1083,0.0001447104543231726,1.0,0.02175732086052989,1.0963225948928605,0.005538477786553858,0.0,0.0,0.13415882028270476,0.8083085163985149,0.027381028279219524,3.3312867419554455
1084,0.00014448800922822782,1.0,0.009784030589726891,1.0704670595650625,0.00639560889962157,0.0,0.0,0.1200285419674203,0.78515625,0.029144287109375,3.232605584777228
1085,0.0001442655799011499,1.0,0.007592230150015047,1.0684983500159613,0.005969944967753439,0.0,0.0,0.11742703992836546,0.7547377784653465,0.044704437255859375,2.9263903929455446
1086,0.0001440431668421158,1.0,0.012902256212022045,1.0529630278596784,0.00484235805291037,0.0,0.0,0.12061973963633622,0.7966671178836634,0.039892404386312655,2.81667698019802
1087,0.0001438207705512659,1.0,0.01413530498595521,1.0456483812615422,0.00430367393695777,0.0,0.0,0.12085198087267357,0.8415358137376238,0.03138570502252862,2.640644337871287
1088,0.00014359839152870284,1.0,0.008162864216483465,1.0689290561298332,0.00305068936967752,0.0,0.0,0.11658111598232004,0.8312891591893564,0.027289400006284808,2.632483756188119
1089,0.0001433760302744904,1.0,0.00787517439463351,1.0675541593296693,0.003049570453032796,0.0,0.0,0.11615537697135812,0.7830290841584159,0.029970754491220608,2.6998375618811883
1090,0.00014315368728865243,1.0,0.006576805126548993,1.0806225278589985,0.004720241903606341,0.0,0.0,0.11699918119033964,0.7928962329826733,0.035919416068804146,2.8667040532178216
1091,0.0001429313630711717,1.0,0.005519661167175463,1.074508312905189,0.004236585149249883,0.0,0.0,0.11508878637658487,0.7548852297339109,0.0318788207403504,2.913840114480198
1092,0.00014270905812198884,1.0,0.01675356721671501,1.0441258868368546,0.005242941994594622,0.0,0.0,0.12378762868961485,0.7268960782797029,0.028803683743618504,3.221476639851485
1093,0.00014248677294100104,1.0,0.01194074794207469,1.056805675572688,0.004054188451702052,0.0,0.0,0.11964841098478525,0.7329802560334159,0.03011873452970297,2.8373201577970297
1094,0.00014226450802806113,1.0,0.007703971154618972,1.0681910520732993,0.003915683799746013,0.0,0.0,0.11648091998430762,0.721500812190594,0.03066155461981745,2.8346225247524752
1095,0.0001420422638829763,1.0,0.008733066776306322,1.0695041140707413,0.003667882634130869,0.0,0.0,0.117517420708543,0.7121896271658416,0.030103400202080754,2.7613513304455446
1096,0.00014182004100550704,1.0,0.012739617709476169,1.0701846315128969,0.00389558646184194,0.0,0.0,0.12170587664488519,0.7880617651608911,0.027491352345683787,2.823706296410891
1097,0.00014159783989536604,1.0,0.0025305376194491246,1.0738176443789265,0.004163144573443661,0.0,0.0,0.11199387583402123,0.6838675017404084,0.03192833626624381,3.2748298267326734
1098,0.00014137566105221707,1.0,0.011228447761571054,1.095699725764813,0.005055511093958936,0.0,0.0,0.12332617742295313,0.8032758353960396,0.034631332548538056,3.236917930074257
1099,0.0001411535049756738,1.0,0.008401882124714332,1.0735885554020947,0.004373271957063318,0.0,0.0,0.11794737424000655,0.7052011017752166,0.03796027910591352,2.8141727258663365
1100,0.00014093137216529867,1.0,0.0060409249940721116,1.0673969913237165,0.005773715019032433,0.0,0.0,0.11566748344662166,0.7744188969678217,0.028278841830716276,3.160040222772277
1101,0.00014070926312060184,1.0,0.008273762125189942,1.0615551589739205,0.004966752437095499,0.0,0.0,0.11691265560612821,0.7460840810643564,0.031908922856396967,2.985544941212871
1102,0.00014048717834104005,1.0,0.00704603572145547,1.044280187918408,0.004264223842598074,0.0,0.0,0.11360616775432436,0.7922121557858911,0.02770682608727181,3.218092512376238
1103,0.00014026511832601545,1.0,0.005576846364996221,1.0379331383374657,0.0038321150701935633,0.0,0.0,0.11128621902501229,0.749801786819307,0.03254567514551748,2.9838722153465347
1104,0.0001400430835748744,1.0,0.004682167663727656,1.0486196403456207,0.002812750691272512,0.0,0.0,0.1109505089940411,0.6627846897238552,0.028068844634707612,2.7771793780940595
1105,0.0001398210745869067,1.0,0.004372348732287341,1.071387033651371,0.004147082663459316,0.0,0.0,0.11358459470885815,0.7306210357363861,0.031026103709003713,2.965356203589109
1106,0.000139599091861344,1.0,0.01072250859867228,1.0666874523210053,0.004244709556857769,0.0,0.0,0.11951360947424823,0.7390064201732673,0.0327418865543781,3.0276338180693068
1107,0.00013937713589735892,1.0,0.004191976335674229,1.0617120572836092,0.0031457053997961913,0.0,0.0,0.11193603786206481,0.7619338838180693,0.02534662378896581,3.052918084777228
1108,0.00013915520719406393,1.0,0.00508919889383977,1.0676260956443182,0.004416495356720292,0.0,0.0,0.11406005764066583,0.7758208926361386,0.029407123527904547,3.3328627784653464
1109,0.00013893330625051027,1.0,0.007019635769400266,1.0664456722759965,0.00406422179770347,0.0,0.0,0.11569631579193738,0.7550181775990099,0.02942056939153388,3.1670211943069306
1110,0.00013871143356568668,1.0,0.0096140453721037,1.0752408020567186,0.003590491378453957,0.0,0.0,0.11893337301098474,0.7784508431311881,0.030343046282777692,3.0116607363861387
1111,0.00013848958963851837,1.0,0.004513944434647513,1.0779091462050334,0.005504436512079464,0.0,0.0,0.11505707869730374,0.7513705716274752,0.030390560036838644,3.1991413985148514
1112,0.0001382677749678658,1.0,0.005470301587097715,1.0838436714493402,0.003826844394557111,0.0,0.0,0.1157680921772919,0.7044750251392327,0.03143831762937036,3.470616104579208
1113,0.00013804599005252387,1.0,0.008853117243783308,1.078107223652377,0.004455879794279261,0.0,0.0,0.1188917805505271,0.764426051980198,0.03404122532004177,3.3193939511138613
1114,0.0001378242353912203,1.0,0.005407389142725727,1.076159905679155,0.004200689766629792,0.0,0.0,0.11512372650132321,0.6972799017877862,0.03314941708404239,3.277024675123762
1115,0.00013760251148261498,1.0,0.0041050782962010635,1.1002150667775976,0.0028504914173909397,0.0,0.0,0.11555183169865373,0.7837615060334159,0.030192535702544866,3.1054107363861387
1116,0.00013738081882529852,1.0,0.006872648354804162,1.0888961459150408,0.0036962811653139206,0.0,0.0,0.11761040506091448,0.659628688698948,0.03621601822352646,3.1707243966584158
1117,0.0001371591579177913,1.0,0.0071936127646724775,1.086641797334841,0.0032438950633023873,0.0,0.0,0.11747974098318874,0.6443220081895885,0.039312381555538366,3.265847385519802
1118,0.0001369375292585423,1.0,0.01440752223871722,1.06837659720147,0.0028940713984573646,0.0,0.0,0.12269221947039707,0.6469258223429765,0.032021324233253406,3.552482982673267
1119,0.000136715933345928,1.0,0.00480902762991367,1.0831377104957505,0.0030760718132069537,0.0,0.0,0.1146608358710119,0.684393854424505,0.03462819769830987,3.5223642481435644
1120,0.00013649437067825128,1.0,0.0074658504512050364,1.0819199403913895,0.0033622666949055867,0.0,0.0,0.11733898033600042,0.7231493657178217,0.030974926334796565,3.425133431311881
1121,0.00013627284175374017,1.0,0.0043038469877573525,1.0850545439389672,0.004047380844453848,0.0,0.0,0.1148329928222269,0.7430842937809405,0.03522650086053527,3.314607827970297
1122,0.00013605134707054682,1.0,0.015154564808500876,1.1052948336790103,0.0055538966412088915,0.0,0.0,0.1284609977709185,0.7895254002939357,0.033103074177657024,3.5520575495049505
1123,0.0001358298871267465,1.0,0.006139341336075623,1.063967762017014,0.005755934352948478,0.0,0.0,0.1154140862497953,0.7853520459467822,0.03297654709013382,3.3353186881188117
1124,0.00013560846242033627,1.0,0.008983999675158227,1.0680567291703555,0.0039045506129317944,0.0,0.0,0.11774194941367253,0.7307854076423267,0.030603994237314358,3.0704575340346536
1125,0.00013538707344923394,1.0,0.006645781310773132,1.0902756570589425,0.0034810488413322582,0.0,0.0,0.1174138732770882,0.7320169883199258,0.028912383731048884,3.167852722772277
1126,0.000135165720711277,1.0,0.00805209112344402,1.0905686191993185,0.004539192141849769,0.0,0.0,0.11937855021788342,0.7299973893873762,0.033755311871519186,3.2324508818069306
1127,0.0001349444047042215,1.0,0.017052991112860124,1.0974021329738126,0.004806668839375903,0.0,0.0,0.12919654062773922,0.8191498104888614,0.03058310782555306,3.603892713490099
1128,0.0001347231259257408,1.0,0.007940192033748815,1.0801314983037438,0.0043668793752100225,0.0,0.0,0.11813678297370968,0.8077598043007426,0.02597128990853187,3.3793316831683167
1129,0.00013450188487342465,1.0,0.0040248803573079625,1.0828403122354262,0.0034289215720203327,0.0,0.0,0.11402337415383594,0.7096618048035273,0.03315580009233834,3.3090771967821784
1130,0.00013428068204477777,1.0,0.011280725276706243,1.0971095290514503,0.0045283459569486016,0.0,0.0,0.12325585213038001,0.6881006826268564,0.03389513374555229,3.372582766089109
1131,0.00013405951793721922,1.0,0.007797302032756333,1.0880935203911055,0.00300953651883289,0.0,0.0,0.1181114246644596,0.7025762879022277,0.03226674901376857,3.3549079517326734
1132,0.00013383839304808076,1.0,0.006345707480565156,1.093220348405366,0.003551747533924979,0.0,0.0,0.11744361702758487,0.743972627243193,0.036391985298383354,3.3496867264851486
1133,0.00013361730787460606,1.0,0.0036125085362703493,1.0881240137732855,0.003449498513243207,0.0,0.0,0.11414966038843193,0.7474836594987624,0.03724421132909189,3.43638807240099
1134,0.00013339626291394935,1.0,0.005969676604070286,1.0847777789182003,0.0035988465602749425,0.0,0.0,0.11624687880572707,0.7159405698870668,0.03591529921729966,3.4093537283415842
1135,0.0001331752586631747,1.0,0.016725700459267835,1.0806591929775653,0.003939600257257156,0.0,0.0,0.12676142038095115,0.8373902575804455,0.029014209709545172,3.422609839108911
1136,0.00013295429561925435,1.0,0.010384113887454024,1.0854931031123247,0.003707932834490433,0.0,0.0,0.12078739237962383,0.7860059077196783,0.028769842468866026,3.634388536509901
1137,0.00013273337427906803,1.0,0.00412407071136012,1.089932144868492,0.00380528831147326,0.0,0.0,0.11501993024998372,0.7757193688118812,0.03338245354076423,3.326017172029703
1138,0.00013251249513940167,1.0,0.005957830402225551,1.1194982505080724,0.004035168427669692,0.0,0.0,0.11992524084773394,0.7889355952196783,0.035439066367574254,3.468769337871287
1139,0.0001322916586969463,1.0,0.004518813610371977,1.094955594232767,0.0025805843184877296,0.0,0.0,0.115304666506772,0.6691979134436881,0.03539835108388768,3.1499651918316833
1140,0.00013207086544829693,1.0,0.006649343868588457,1.1056580761871715,0.0031858271519229335,0.0,0.0,0.1188080668596938,0.7473005540300124,0.029604468015160892,3.3652053681930694
1141,0.0001318501158899514,1.0,0.007757536919400243,1.0989320962735922,0.004027943346720872,0.0,0.0,0.11966472074832066,0.7261092686417079,0.030049956671082147,3.5303701268564356
1142,0.0001316294105183094,1.0,0.011733765981279978,1.096445119026864,0.004761892854694812,0.0,0.0,0.12375922692884313,0.7915087407178217,0.029675474261293317,3.7255956064356437
1143,0.00013140874982967119,1.0,0.0047410610362444774,1.0858184559510486,0.003505785558211368,0.0,0.0,0.11507580097359006,0.7818543084777227,0.03376611388555848,3.419138691212871
1144,0.0001311881343202365,1.0,0.0061577710848633605,1.0864112430279798,0.0030503010508831415,0.0,0.0,0.11632404734592626,0.6673605135171721,0.03733259144395885,3.2141669245049505
1145,0.00013096756448610362,1.0,0.0043927691876888275,1.0810075886178725,0.0027729942115245036,0.0,0.0,0.11388002667981799,0.6727859950301671,0.029171178836633664,3.1603302908415842
1146,0.00013074704082326798,1.0,0.002788880010052483,1.090207570850259,0.002887401703671935,0.0,0.0,0.1132533391660983,0.7643100247524752,0.031345178585241336,3.3075785117574257
1147,0.0001305265638276213,1.0,0.007645193930014525,1.0835237414530008,0.0033569748910768694,0.0,0.0,0.11767605714278646,0.7131033415841584,0.03127466333974706,3.7280805228960396
1148,0.00013030613399495018,1.0,0.0055299794098528305,1.0745079352123903,0.0030132073477961785,0.0,0.0,0.11448737809268555,0.7454169245049505,0.028287075533725246,3.4718440594059405
1149,0.00013008575182093542,1.0,0.007572036347176769,1.0995535567255303,0.003324554108949447,0.0,0.0,0.1191896699590258,0.7614601059715347,0.03169975658454517,3.4134436881188117
1150,0.00012986541780115045,1.0,0.010382618460029658,1.0660608735415016,0.003353698435585282,0.0,0.0,0.11866555739157271,0.7269466135761525,0.03433593901077119,3.200852800123762
1151,0.0001296451324310605,1.0,0.009385523340194532,1.0875218463416148,0.00402069181168687,0.0,0.0,0.1201480548128043,0.7337586053527227,0.028833974706064358,3.404673963490099
1152,0.00012942489620602137,1.0,0.002769002377396763,1.0922427283655298,0.0027840907106551774,0.0,0.0,0.11338532266050282,0.7323384804300742,0.03354996029693302,3.35422145730198
1153,0.0001292047096212784,1.0,0.011446108764941149,1.1033387372989465,0.003330628208252417,0.0,0.0,0.12344529811698611,0.7139310931215191,0.042044535721882735,3.410030553836634
1154,0.00012898457317196522,1.0,0.011032064251675465,1.0989696678548757,0.004879169243602267,0.0,0.0,0.12336861755293195,0.7521005762685643,0.03216212810856281,3.386564047029703
1155,0.00012876448735310282,1.0,0.004088842190138184,1.1064138170516138,0.003344461892381089,0.0,0.0,0.1164024557807658,0.7692073406559405,0.0328891112072633,3.4419573793316833
1156,0.00012854445265959817,1.0,0.0041629914009925165,1.1136664777699083,0.00374458426474778,0.0,0.0,0.11740193250450758,0.6725521276492884,0.0356260620721496,3.707224628712871
1157,0.00012832446958624353,1.0,0.008930974409426792,1.0975650725978436,0.0029650173865496134,0.0,0.0,0.1201699912400529,0.7546290029393564,0.034973673301168004,3.161722617574257
1158,0.00012810453862771484,1.0,0.00690670462675614,1.0761564415280183,0.0038648097326928325,0.0,0.0,0.1164547549468456,0.7512726736540841,0.03307376521648747,3.3108949566831685
1159,0.00012788466027857098,1.0,0.0060286358884065454,1.0806658008311054,0.003444490803573926,0.0,0.0,0.115817463191429,0.6575704140238242,0.03358232856977104,3.515247911509901
1160,0.0001276648350332525,1.0,0.0029497250250660545,1.0891687397909637,0.0025284025257788735,0.0,0.0,0.11313080160629631,0.737624970993193,0.0323301636346496,3.294341738861386
1161,0.00012744506338608055,1.0,0.0029977017109937007,1.0942229315786078,0.0024495437227784298,0.0,0.0,0.11364476832717953,0.7124422281095297,0.02871364178043781,3.115988551980198
1162,0.00012722534583125568,1.0,0.0085063866975874,1.1114128910669006,0.003714836113665502,0.0,0.0,0.1215050948580893,0.7520909073329208,0.033807848939801204,3.2748685024752477
1163,0.0001270056828628569,1.0,0.012189225542663348,1.1119626087717491,0.0031799159932243038,0.0,0.0,0.1249754457633094,0.7717599396658416,0.02913405163453357,3.3179049350247523
1164,0.00012678607497484043,1.0,0.011193300311518188,1.103938892336175,0.0032746226278693867,0.0,0.0,0.12322450230027189,0.7387399201345916,0.03584686128219756,3.2087039758663365
1165,0.00012656652266103863,1.0,0.0029403943900424656,1.0865958043844393,0.002421288738098678,0.0,0.0,0.11281062072456473,0.7613948406559405,0.030702723134862313,3.0601311107673266
1166,0.00012634702641515884,1.0,0.006627957751550297,1.0939252081483897,0.0029341298400996124,0.0,0.0,0.11748754535571183,0.7491165010055693,0.027896125717918472,3.26451307240099
1167,0.00012612758673078242,1.0,0.009372135716499669,1.1026650254089054,0.006330728543562685,0.0,0.0,0.12280401004718082,0.7633286277846535,0.03414697930364326,3.7490331064356437
1168,0.00012590820410136346,1.0,0.012066380775505953,1.0876248301845965,0.004631128292248382,0.0,0.0,0.12314443430393049,0.7162795869430693,0.03576796125657487,3.418297493811881
1169,0.00012568887902022786,1.0,0.006333719533268768,1.0955065990438555,0.005482360513521805,0.0,0.0,0.1186255623060878,0.7413565758431312,0.040432165164758664,3.2032893719059405
1170,0.0001254696119805719,1.0,0.012595001165524568,1.0774818375559136,0.003511897809250225,0.0,0.0,0.12209913547676389,0.7707857943997525,0.03045865804842203,3.3148882271039604
1171,0.00012525040347546157,1.0,0.01029790296117858,1.0830439724544487,0.00464217004059044,0.0,0.0,0.12092338679450573,0.7672808052289604,0.033747984631226795,3.321820853960396
1172,0.00012503125399783113,1.0,0.00375602464422141,1.0648592716396446,0.003942486492624174,0.0,0.0,0.11221319695215413,0.7513850750309405,0.033189754674930384,3.147016166460396
1173,0.0001248121640404821,1.0,0.014764904791470801,1.0726899032545563,0.006328507189524803,0.0,0.0,0.1251981511417002,0.7849217783106436,0.045600286804803526,3.3540184096534653
1174,0.00012459313409608208,1.0,0.00934548340368979,1.0864893327845204,0.005447737995499404,0.0,0.0,0.12071828721183361,0.785012424582302,0.043976434386602724,3.284576113861386
1175,0.00012437416465716397,1.0,0.013906626196781008,1.0746193280314456,0.004845324909345634,0.0,0.0,0.12379122267265132,0.7481677366955446,0.06700783908957302,3.5663288985148514
1176,0.00012415525621612433,1.0,0.009654998668644688,1.0823026594549123,0.0033488012728538357,0.0,0.0,0.11955966652915029,0.7454445905024463,0.04749857081045018,3.111125077351485
1177,0.00012393640926522276,1.0,0.0074254763082112415,1.0804980444436025,0.003871926611795385,0.0,0.0,0.11741124543518124,0.7654866133586015,0.0354983641369508,2.9520034034653464
1178,0.00012371762429658036,1.0,0.006706397169002212,1.0612214862710179,0.003237443628443156,0.0,0.0,0.1144472688879117,0.7428449876237624,0.03737934981242265,2.867390547648515
1179,0.00012349890180217914,1.0,0.0061968851207506535,1.049938976764679,0.0024588987854969836,0.0,0.0,0.11242023368578145,0.6763313217918472,0.03417938534576114,2.728467280321782
1180,0.00012328024227386042,1.0,0.0019638634627998463,1.0671814249293639,0.002939462314946531,0.0,0.0,0.11015173866607175,0.7285383621064743,0.03294908882367729,2.858591816212871
1181,0.00012306164620332394,1.0,0.012261683397954054,1.0690467882864545,0.003530074638547376,0.0,0.0,0.12093140133241616,0.812188176825495,0.0296143635664836,3.107489557549505
1182,0.00012284311408212683,1.0,0.004961078304170382,1.0725770716619965,0.004541182858332885,0.0,0.0,0.11448937942190926,0.7333790996287128,0.03890084748220916,3.201171875
1183,0.00012262464640168242,1.0,0.0018878731470887023,1.0781176709892726,0.004586784982112107,0.0,0.0,0.11199303369710942,0.7481459815903465,0.03358451918800279,3.5278368657178216
1184,0.00012240624365325898,1.0,0.007795076153360971,1.095338549944434,0.00451722252845423,0.0,0.0,0.11958754394609149,0.7609476523824258,0.03340500180083927,3.3077235457920793
1185,0.00012218790632797892,1.0,0.013003720247214384,1.1231902932176496,0.004616662567437599,0.0,0.0,0.1276310820243146,0.6560372834158416,0.03895115616297958,3.6314781868811883
1186,0.00012196963491681748,1.0,0.00956150100077733,1.1060838368859622,0.003589371398799029,0.0,0.0,0.1219645721635016,0.6984258972772277,0.03365703620532952,3.439076036509901
1187,0.00012175142991060174,1.0,0.0024364030744769786,1.0957949574631038,0.003999256458891888,0.0,0.0,0.11401552920884425,0.6926293703589109,0.038633252134417546,3.5380569306930694
1188,0.00012153329180000929,1.0,0.009089196156157126,1.0816828791457829,0.0044183973165339615,0.0,0.0,0.11946668409475006,0.7802347617574258,0.04141907644743967,3.191647973391089
1189,0.00012131522107556748,1.0,0.0037731879787279827,1.060902733613949,0.0030524457063143243,0.0,0.0,0.1113896853115299,0.7053308770208075,0.03725078318378713,3.10728650990099
1190,0.00012109721822765201,1.0,0.0033553116171076746,1.0563891305781827,0.002655964166514972,0.0,0.0,0.11032220817143375,0.7560334158415841,0.033800106237430384,2.936436417079208
1191,0.00012087928374648603,1.0,0.003793458168459411,1.0521912503950666,0.0022939277913261178,0.0,0.0,0.11015954849743607,0.7516688733997912,0.027466349082418007,2.8972288830445545
1192,0.00012066141812213883,1.0,0.008495391263525085,1.0440263712760245,0.0025678747604813744,0.0,0.0,0.11418196743372644,0.7312446820853961,0.03308011045550356,2.7894009127475248
1193,0.00012044362184452505,1.0,0.0074612233086977856,1.0720623259497162,0.0030766781459857554,0.0,0.0,0.11620579645185188,0.751112985138846,0.02769213383740718,3.045308632425743
1194,0.00012022589540340319,1.0,0.0019535693791833254,1.080675990274637,0.0032160086410849453,0.0,0.0,0.11162917426612118,0.7229898282797029,0.02973258141243812,2.8594813582920793
1195,0.00012000823928837486,1.0,0.010968893581982886,1.0951694344530012,0.00505012853242835,0.0,0.0,0.1230109022690518,0.718459931930693,0.03404689071202042,3.3970935179455446
1196,0.00011979065398888338,1.0,0.009792912825204359,1.0975856969852258,0.004016248840379925,0.0,0.0,0.12155960861704138,0.7606938428217822,0.036211976910581686,2.995910040222772
1197,0.00011957313999421304,1.0,0.009284299457132225,1.0926174775208577,0.003474573040695741,0.0,0.0,0.12028333478339828,0.7534131342821783,0.037041314757696474,2.796565594059406
1198,0.00011935569779348754,1.0,0.010709757741430018,1.0893128762150754,0.003436183852274985,0.0,0.0,0.12135913968086243,0.761032255569307,0.03444939792746365,2.905785891089109
1199,0.00011913832787566932,1.0,0.00760775472563092,1.0837191331504594,0.0035975118719374457,0.0,0.0,0.11777842561207195,0.701272190207302,0.03423702126682395,2.9239248143564356
1200,0.0001189210307295582,1.0,0.013458088040351868,1.0977418700067123,0.005416545727045856,0.0,0.0,0.12594054941788757,0.797165068069307,0.0311746880559638,2.9877204517326734
1201,0.00011870380684379038,1.0,0.005995890512914941,1.0590879816820127,0.005219100325427129,0.0,0.0,0.11451424082907119,0.7524547010365099,0.03402891253480817,3.0095915841584158
1202,0.00011848665670683735,1.0,0.009898499724003348,1.056747311412698,0.004084718645437065,0.0,0.0,0.11761559206660431,0.7796328705136139,0.030173311139097308,3.014319693688119
1203,0.00011826958080700461,1.0,0.007444980489735556,1.086930534037033,0.0037412319022880887,0.0,0.0,0.11800865135570564,0.8247360380569307,0.033236437504834467,3.0357073793316833
1204,0.00011805257963243099,1.0,0.011893628552408502,1.0609952052040856,0.003410677278315243,0.0,0.0,0.11969848950900654,0.7939888227103961,0.03489858797281095,2.7904741646039604
1205,0.000117835653671087,1.0,0.007591793442716693,1.0675506320330177,0.004297332137668653,0.0,0.0,0.11649552518778508,0.757258953434406,0.036760311315555384,3.095103650990099
1206,0.00011761880341077424,1.0,0.004613957561478757,1.0775057614439785,0.0034674576837811525,0.0,0.0,0.11409826421796686,0.7963166189665841,0.03230595352626083,3.02916150990099
1207,0.00011740202933912388,1.0,0.0067263529221020125,1.0802806745661366,0.0042881204297571295,0.0,0.0,0.11689848246255724,0.7459801400061881,0.031399717425355814,3.2012492264851486
1208,0.00011718533194359603,1.0,0.006573148145534024,1.0950260994457963,0.004782101174581353,0.0,0.0,0.1184668096870479,0.7138551013304455,0.03847586754525062,3.1630472617574257
1209,0.00011696871171147809,1.0,0.0031510553147533153,1.097493325129594,0.004829379014145251,0.0,0.0,0.11531507880380838,0.7609597385519802,0.030272266652324412,3.28697400990099
1210,0.00011675216912988417,1.0,0.004617030889090925,1.0889949438595536,0.004087803890311394,0.0,0.0,0.11556042826706821,0.7060861115408416,0.0381129803043781,3.137250541460396
1211,0.00011653570468575356,1.0,0.0012035464296246518,1.0705799312874822,0.0037902544179382633,0.0,0.0,0.11015666866361505,0.7116457495358911,0.03565427572420328,2.7242709622524752
1212,0.0001163193188658501,1.0,0.005245426761926991,1.0626590145696508,0.0021152493991574393,0.0,0.0,0.11256895494638103,0.7208801873839727,0.03483011226842899,2.6851117728960396
1213,0.00011610301215676058,1.0,0.004420650366804387,1.0718947566381776,0.0034525273367762566,0.0,0.0,0.11333639174699783,0.777476697865099,0.02591999922648515,2.907758353960396
1214,0.00011588678504489404,1.0,0.003907440027388015,1.0850558357663673,0.0050375403324603146,0.0,0.0,0.11493179526659522,0.7411553411200495,0.03165696399046643,3.0751179610148514
1215,0.00011567063801648046,1.0,0.014748751895852608,1.0809050473836388,0.004507081966246663,0.0,0.0,0.12509279838292905,0.7008857349357983,0.030892929228225556,3.2918181466584158
1216,0.00011545457155756981,1.0,0.01234256085192803,1.0704813552374888,0.003923974811655036,0.0,0.0,0.12135268600270299,0.7269674999879139,0.03195756968885365,3.0653716738861387
1217,0.00011523858615403076,1.0,0.007037513290006335,1.0695677346522265,0.003539492673130238,0.0,0.0,0.11576403485666407,0.7274158591091042,0.030108234669902537,3.3182820235148514
1218,0.00011502268229154985,1.0,0.006011287100834421,1.0666992900395158,0.004131815422759714,0.0,0.0,0.11474712569229674,0.7725624613242574,0.029066557931427907,3.3522586633663365
1219,0.00011480686045563018,1.0,0.00749441391170615,1.0665236516754226,0.0037287277617465272,0.0,0.0,0.11601114391100288,0.8462687577351485,0.036971441589959776,3.1807027382425743
1220,0.00011459112113159041,1.0,0.006382213850127588,1.0710116601226354,0.003941605318398768,0.0,0.0,0.11545418490572731,0.785820989325495,0.03358984465646272,3.230662128712871
1221,0.00011437546480456365,1.0,0.0058549233518614624,1.06624308730116,0.0036925129708545836,0.0,0.0,0.11432549025457685,0.7405510326423267,0.03867989719504177,3.4667872060643563
1222,0.00011415989195949639,1.0,0.005296934211608207,1.0740050012522404,0.0032495816768000666,0.0,0.0,0.11432222653143477,0.7334177753712872,0.03570001432211092,3.229617883663366
1223,0.00011394440308114738,1.0,0.009588202369390147,1.0775072250035729,0.0028835209890494657,0.0,0.0,0.11878068656614511,0.7278520942914604,0.028270608127707302,3.0126179610148514
1224,0.00011372899865408661,1.0,0.009809725761118502,1.0690979815945767,0.0031173589610838156,0.0,0.0,0.118278205468513,0.7597994662747525,0.029529684841042698,3.025593672648515
1225,0.00011351367916269397,1.0,0.004126959803080795,1.0792920713377472,0.0032295466275406785,0.0,0.0,0.11367094199551214,0.7717841120049505,0.034342359788347,2.8441077506188117
1226,0.0001132984450911587,1.0,0.005365751093567008,1.0930708859226492,0.0031977308828194653,0.0,0.0,0.11627170753360976,0.789352568069307,0.03962292057452815,2.8099957456683167
1227,0.00011308329692347761,1.0,0.008958097436640522,1.088688048985925,0.0033730404509985266,0.0,0.0,0.11951342402118267,0.7156595664449258,0.04199868381613552,3.0747602103960396
1228,0.00011286823514345458,1.0,0.006834102222825041,1.1012279155230758,0.004186811868739914,0.0,0.0,0.11905030161142349,0.7485520768873762,0.028912761423847463,3.3351736540841586
1229,0.00011265326023469903,1.0,0.00864429085856617,1.0764441301326941,0.004406561703152613,0.0,0.0,0.11849198549395741,0.7672590501237624,0.032986782564975246,3.0281462716584158
1230,0.00011243837268062525,1.0,0.0039029894120032244,1.088851487872624,0.0040952470989224716,0.0,0.0,0.11483576340545522,0.7356537167388614,0.030415223376585705,3.1274945853960396
1231,0.00011222357296445088,1.0,0.003919943208151524,1.0873133085741855,0.0035484867002025457,0.0,0.0,0.11442551916778677,0.7824332359993812,0.026885910789565284,3.087581219059406
1232,0.0001120088615691962,1.0,0.003444808950223545,1.0789192124168472,0.003513436117782926,0.0,0.0,0.11309344978025644,0.7631367598429765,0.030490761936301052,3.1650970761138613
1233,0.0001117942389776828,1.0,0.0018124505877494812,1.0788393445534281,0.0036559715844494277,0.0,0.0,0.11152437270277797,0.7505191009823639,0.0260152533502862,3.2243773205445545
1234,0.00011157970567253267,1.0,0.004660713052985692,1.0802995403214257,0.003926589548193601,0.0,0.0,0.11465396274729531,0.771750270730198,0.02886003550916615,3.0523669554455446
1235,0.00011136526213616683,1.0,0.005580539418624179,1.0913750718135644,0.002476366124712945,0.0,0.0,0.1159562311402642,0.7597360138845916,0.04414246814085705,3.0342183632425743
1236,0.00011115090885080464,1.0,0.008822665393057436,1.0705585556455177,0.0033645328361365835,0.0,0.0,0.1175607887677627,0.753306775990099,0.03838310619392017,3.2206451113861387
1237,0.00011093664629846242,1.0,0.006479827484281936,1.0553215907351805,0.0032711286136089817,0.0,0.0,0.11364755211490216,0.7078136784015315,0.029489951558632425,3.2220471070544554
1238,0.00011072247496095249,1.0,0.006887179384432216,1.0957523625675996,0.004508074336699072,0.0,0.0,0.11871645437313778,0.7807664399099822,0.02866253994479038,3.7793548886138613
1239,0.00011050839531988198,1.0,0.007422972654942238,1.0910484690477353,0.0033158402802655473,0.0,0.0,0.11818574140272518,0.7814409614789604,0.02254652268815749,3.250444771039604
1240,0.00011029440785665195,1.0,0.008062633510568355,1.0893518063101437,0.003273938498822834,0.0,0.0,0.11863478464950429,0.7901490466429455,0.02688938556331219,3.4092763768564356
1241,0.00011008051305245603,1.0,0.0029919825420521274,1.0800721657158125,0.0030255855008092993,0.0,0.0,0.11251199319221006,0.6951217651367188,0.03872012147809019,3.331634823638614
1242,0.00010986671138827965,1.0,0.005725855653238769,1.0921327282886695,0.004328821329343753,0.0,0.0,0.11710353970232576,0.6928430689443456,0.031717281530399134,3.7334564511138613
1243,0.00010965300334489859,1.0,0.003730101012947536,1.0836437220620636,0.003359391219455214,0.0,0.0,0.11377417259287126,0.7732719194771039,0.032602744527382425,3.798247988861386
1244,0.00010943938940287838,1.0,0.0033139746894340705,1.101924964106909,0.003922667571327345,0.0,0.0,0.1154678061161891,0.7649868502475248,0.030212817805828435,3.6844059405940595
1245,0.00010922587004257268,1.0,0.01603356575464258,1.087470798799307,0.0035840900388510555,0.0,0.0,0.12657269296964796,0.7118427540996287,0.027232746086498297,3.3884591584158414
1246,0.00010901244574412264,1.0,0.006873902449808498,1.0819156122679758,0.0031910276982419212,0.0,0.0,0.11666097934588347,0.7086314588490099,0.032771119976987936,3.5412476794554455
1247,0.00010879911698745549,1.0,0.008147098972360687,1.0656914610673887,0.0027705826957238663,0.0,0.0,0.11610153737929788,0.7204749985496597,0.032011428681930694,3.6790686881188117
1248,0.0001085858842522838,1.0,0.005957812144614682,1.0754452453981531,0.0037737136304298977,0.0,0.0,0.11538919548291972,0.7561929532797029,0.032707629817547185,3.4274346379950495
1249,0.00010837274801810405,1.0,0.0063544650110277795,1.083705209859527,0.00461396045882271,0.0,0.0,0.11703196750714047,0.7060868291571589,0.03235883051806157,3.4888033725247523
1250,0.00010815970876419587,1.0,0.015862941520638985,1.1026442900742635,0.004890325571419579,0.0,0.0,0.1285725344378169,0.8231600015470297,0.02744115697275294,3.596524984529703
1251,0.00010794676696962061,1.0,0.0036499254995643504,1.0789847368060952,0.004253402682560689,0.0,0.0,0.11367510222267396,0.7397340075804455,0.03059130375928218,3.190942141089109
1252,0.00010773392311322072,1.0,0.011638284909843219,1.0727630481861605,0.004288112099506053,0.0,0.0,0.12105864839683665,0.7151845799814357,0.032022457311649134,3.12472926980198
1253,0.00010752117767361816,1.0,0.003994262565185528,1.067574453825998,0.005075802713474673,0.0,0.0,0.11328961169070537,0.7147035504331684,0.031929620421758974,3.0873394956683167
1254,0.00010730853112921377,1.0,0.012403112458120478,1.0605162795227352,0.004610977057652262,0.0,0.0,0.12076023043972431,0.7531230662128713,0.03748752102993502,3.1011080600247523
1255,0.00010709598395818588,1.0,0.004041039965825506,1.0752276217583383,0.003009063308991695,0.0,0.0,0.11306833512712233,0.7493666847153465,0.03988613468585628,2.8536219832920793
1256,0.00010688353663848949,1.0,0.005897087183329139,1.0728172842818913,0.003688638018934623,0.0,0.0,0.11502313554877101,0.7348209796565595,0.046529033396503716,2.939366104579208
1257,0.0001066711896478549,1.0,0.0057750925200410405,1.073331373162789,0.004435585512483428,0.0,0.0,0.1153260237804734,0.7968822517017327,0.029203773725150834,3.054880878712871
1258,0.00010645894346378693,1.0,0.0022801118764546836,1.0752699162700388,0.003458042111389551,0.0,0.0,0.11153612610432181,0.802490234375,0.0290647827752746,2.9697168935643563
1259,0.00010624679856356366,1.0,0.005304178905369031,1.0684262266253481,0.002809320568060387,0.0,0.0,0.11355146293592926,0.7699470142326733,0.03247077866355971,2.8676226021039604
1260,0.00010603475542423549,1.0,0.00418640344892398,1.0819361569857833,0.003645951529821591,0.0,0.0,0.11420299607043219,0.7113049195544554,0.04031802640102877,3.0089340965346536
1261,0.00010582281452262383,1.0,0.005918312965348216,1.073156467168638,0.003286855399685262,0.0,0.0,0.11487738943040961,0.7633092899133663,0.03329226050046411,3.0560121441831685
1262,0.0001056109763353203,1.0,0.008000721325083534,1.0651804055317793,0.0038696336130597765,0.0,0.0,0.11645358063206815,0.7606678575572401,0.028543944406037282,3.0497466738861387
1263,0.00010539924133868557,1.0,0.004580222365289631,1.064104968958562,0.0032588786717578032,0.0,0.0,0.11262016057377995,0.7804861540841584,0.031417733371847924,3.106832069925743
1264,0.00010518761000884824,1.0,0.005415624763705943,1.077756424941639,0.0029047803490366187,0.0,0.0,0.11464365955331537,0.7444439878558168,0.03601708742651609,2.857547571163366
1265,0.00010497608282170367,1.0,0.0065666502802678856,1.0662797789762515,0.003529229307129961,0.0,0.0,0.11495924445957241,0.797230333384901,0.03436928928488552,3.089263613861386
1266,0.0001047646602529133,1.0,0.008400050831018108,1.0777132145249018,0.002894724722684241,0.0,0.0,0.1176187400475587,0.7655113900061881,0.03299403426670792,2.9674156868811883
1267,0.00010455334277790304,1.0,0.008903730697561018,1.0640992026517886,0.0033479278359249795,0.0,0.0,0.11698761685649947,0.797230333384901,0.03141867760384437,3.117438892326733
1268,0.00010434213087186265,1.0,0.005238410638700617,1.0576805401556562,0.003952522496727415,0.0,0.0,0.11298272721838243,0.7781486888923267,0.028426066483601485,3.1013884591584158
1269,0.00010413102500974438,1.0,0.00974809459530481,1.0624272280400342,0.0030082249747402506,0.0,0.0,0.11749493138919963,0.7560600054146039,0.031227716124883974,3.021465037128713
1270,0.00010392002566626217,1.0,0.0051899173545955435,1.0756087834292118,0.002869919149996367,0.0,0.0,0.11418575668098903,0.7545214360303217,0.033691179634320854,3.012937035891089
1271,0.00010370913331589027,1.0,0.008948476081437404,1.0634458425021407,0.002306956756055484,0.0,0.0,0.11644654012847655,0.6678545356977104,0.03388357634591584,3.0410543007425743
1272,0.00010349834843286248,1.0,0.004655694570576791,1.0705745202479977,0.003233260755835788,0.0,0.0,0.11332977858215275,0.7650400293935643,0.03517067786490563,3.0689298422029703
1273,0.00010328767149117075,1.0,0.00884207271703399,1.0701384845346507,0.0039217604359088575,0.0,0.0,0.11781680318388608,0.7576481280940595,0.03404979894656946,3.349522354579208
1274,0.00010307710296456453,1.0,0.008237294115052364,1.054643223191252,0.0034217846356240094,0.0,0.0,0.11541251034134685,0.7760263575185643,0.03706035047474474,2.9974860767326734
1275,0.00010286664332654929,1.0,0.007607892044995091,1.0652584433555603,0.003175858101469815,0.0,0.0,0.11572166893741873,0.7730241530012376,0.03233586679590811,3.015808709777228
1276,0.00010265629305038574,1.0,0.007253200147706683,1.0680813110700929,0.003970609582634412,0.0,0.0,0.11604663744421288,0.7237464224938119,0.034588879877978033,3.32017713490099
1277,0.00010244605260908864,1.0,0.013501259101794498,1.0550155179335339,0.004009238408249112,0.0,0.0,0.12100743177798715,0.7601451307240099,0.030490686397741336,3.2680809096534653
1278,0.00010223592247542581,1.0,0.006326532526181476,1.0740656964849717,0.0031509041529158037,0.0,0.0,0.11530855585737984,0.8008706876547029,0.04316696318069307,3.158986308787129
1279,0.00010202590312191689,1.0,0.0018294831313709222,1.057861340518045,0.0030884651762852905,0.0,0.0,0.10915985150207387,0.790108860129177,0.03290625846031869,3.044129022277228
1280,0.00010181599502083257,1.0,0.0025354219914072813,1.0745630040027128,0.0025173094033408856,0.0,0.0,0.11125037892915235,0.761298151299505,0.029312435943301362,2.960357363861386
1281,0.00010160619864419329,1.0,0.006465739911735648,1.0821946286919093,0.003749701498038283,0.0,0.0,0.1165600551089438,0.7581442653542698,0.029061874540725556,3.2920502011138613
1282,0.00010139651446376825,1.0,0.009725058137780369,1.0803429903370318,0.004044333011436963,0.0,0.0,0.11978152600845487,0.7712692411819307,0.03243606869537052,3.3461092202970297
1283,0.00010118694295107432,1.0,0.0061854044030798545,1.0994855047452567,0.0027688228283746,0.0,0.0,0.11751836766996006,0.7836503132735149,0.03031596570911974,3.3162612159653464
1284,0.0001009774845773751,1.0,0.009801225460106783,1.1055989312653494,0.0029109891402906286,0.0,0.0,0.1218166149931379,0.7558206992574258,0.027549365959545172,3.3520459467821784
1285,0.00010076813981367973,1.0,0.009162139258172252,1.1106379793422057,0.0034231906445549415,0.0,0.0,0.12193753422781972,0.7198295970954517,0.038957576940555384,3.4804107363861387
1286,0.00010055890913074189,1.0,0.003022503365974615,1.1088051312040574,0.0032381162091041915,0.0,0.0,0.11552207599772085,0.7592725092821783,0.03865232562074567,3.437383972772277
1287,0.00010034979299905864,1.0,0.008848676992820041,1.1062847411278451,0.002502119401613905,0.0,0.0,0.12072821197533372,0.7754716023360149,0.03892985428913985,3.350005801361386
1288,0.00010014079188886965,1.0,0.005135071602198157,1.0936162194403092,0.0032277334022444053,0.0,0.0,0.11611056246674888,0.7886180311146349,0.03976651937654703,3.577370823019802
1289,9.993190627015572e-05,1.0,0.009288197327958474,1.0939384433302548,0.0032155072895146096,0.0,0.0,0.12028979672358768,0.7897326781017946,0.04193107680519029,3.4825185643564356
1290,9.972313661263807e-05,1.0,0.00879605855829645,1.0991481099978533,0.0033211629113901664,0.0,0.0,0.12037145213620497,0.7632754486386139,0.03749035372592435,3.3987372370049505
1291,9.951448338577707e-05,1.0,0.005150303281474822,1.0933621313312265,0.003541730523024718,0.0,0.0,0.11625738301784685,0.8086735187190595,0.03163981673741104,3.376508353960396
1292,9.930594705877142e-05,1.0,0.010080559086976665,1.0963205630236332,0.0032836525514548976,0.0,0.0,0.121354443233202,0.784735651299505,0.03138419425133431,3.3648669554455446
1293,9.909752810055679e-05,1.0,0.007884311683402203,1.1050803779375435,0.003955772807037845,0.0,0.0,0.12037023673258206,0.8050476678527227,0.03049846686939202,3.371026067450495
1294,9.888922697980501e-05,1.0,0.0036270127143010053,1.104507321178323,0.0026259044400533883,0.0,0.0,0.11539069917237404,0.7635655167079208,0.03917418376053914,3.362971844059406
1295,9.868104416492287e-05,1.0,0.008261431156113596,1.1395623979001943,0.00335923178355719,0.0,0.0,0.12389728854788412,0.7643595780476485,0.03986619250609143,3.378190748762376
1296,9.847298012405126e-05,1.0,0.007033113095134792,1.0977733459803138,0.0026285181370665238,0.0,0.0,0.1181247083857508,0.7647294148360149,0.028587039154354888,3.5081702506188117
1297,9.826503532506378e-05,1.0,0.005300862364249655,1.0978015897297624,0.0032453887185628183,0.0,0.0,0.1167037166876368,0.7949593421256188,0.02652079516118116,3.526744275990099
1298,9.805721023556603e-05,1.0,0.0045783856496362406,1.1252790901920584,0.0042023112551346055,0.0,0.0,0.1192074522080988,0.8099534440748762,0.03169072972665919,3.8787322091584158
1299,9.784950532289439e-05,1.0,0.009778769041347031,1.1188115023150302,0.004174949335035785,0.0,0.0,0.12374739525931897,0.7704933090965347,0.031541918764019954,3.7446627475247523
1300,9.764192105411504e-05,1.0,0.005490641155750445,1.0849104659392101,0.005259147587164286,0.0,0.0,0.11661126302315457,0.7522885162051361,0.03274105563022123,3.7049040841584158
1301,9.743445789602272e-05,1.0,0.0063639962584665505,1.0938401304849303,0.0051524851691337435,0.0,0.0,0.11832425300732698,0.7619348658193456,0.036674386203879174,3.592328666460396
1302,9.722711631514001e-05,1.0,0.035481214560199495,1.0857768288933405,0.0054595055769481185,0.0,0.0,0.1467886520641865,0.7724077583539604,0.03141565606145576,3.577796256188119
1303,9.7019896777716e-05,1.0,0.004730059258123436,1.0955058483794184,0.004573499894381667,0.0,0.0,0.116567395848803,0.7393750483446783,0.0337209418268487,3.425655553836634
1304,9.681279974972537e-05,1.0,0.0041045002122916795,1.0911794493694116,0.004126139803810303,0.0,0.0,0.1152855164491304,0.7542011525371287,0.03146543597230817,3.3331528465346536
1305,9.660582569686726e-05,1.0,0.01023073029695171,1.1003273631086443,0.0045554930483115525,0.0,0.0,0.12254121375851112,0.7348101021039604,0.027274216755782024,3.3465733292079207
1306,9.639897508456436e-05,1.0,0.007488099913490881,1.0964041629640182,0.00406687056180666,0.0,0.0,0.11916195225007463,0.6746058700108292,0.02978349440168626,3.441715655940594
1307,9.619224837796172e-05,1.0,0.005816279514001148,1.1040671898586916,0.0046032355054590555,0.0,0.0,0.11852461770914569,0.6906460299350248,0.03655341120049505,3.4323271194306932
1308,9.598564604192576e-05,1.0,0.007061362561613026,1.117636763223327,0.005038555624196306,0.0,0.0,0.12134431833677953,0.7548731435643564,0.03512342849580368,3.4847230816831685
1309,9.577916854104332e-05,1.0,0.010866564947484744,1.1091820426506571,0.003932175399331574,0.0,0.0,0.12375085800886154,0.7803217821782178,0.03000319830261835,3.3609607054455446
1310,9.557281633962034e-05,1.0,0.005248395523222366,1.1120713612820843,0.0032944971822907614,0.0,0.0,0.11810278199096717,0.7678343517945545,0.03280103324663521,3.1676013304455446
1311,9.536658990168121e-05,1.0,0.004270798904765951,1.0935270621044801,0.0034490271432107396,0.0,0.0,0.11534801892714926,0.7315163848423721,0.03236525129563737,3.2338528774752477
1312,9.516048969096744e-05,1.0,0.0076325789905420625,1.1020917467551656,0.0035928122637018858,0.0,0.0,0.11963816164153637,0.7874743773205446,0.030702685365582457,3.593169863861386
1313,9.495451617093655e-05,1.0,0.004754390862613621,1.1002152939834218,0.0035080663429193962,0.0,0.0,0.11652995461579596,0.7470002127165841,0.0320919150173074,3.655389464727723
1314,9.474866980476139e-05,1.0,0.003142492790328394,1.096691645017945,0.003346633024013481,0.0,0.0,0.11448497612877648,0.7675092338335396,0.03750965382793162,3.676960860148515
1315,9.454295105532872e-05,1.0,0.002952942569362055,1.1016763106431111,0.003706000703009477,0.0,0.0,0.11497357590953902,0.7543381794844524,0.03284031329768719,3.461121209777228
1316,9.433736038523838e-05,1.0,0.0044965576564911566,1.09948465965762,0.003798560479553278,0.0,0.0,0.1163443054745693,0.7240552241259283,0.03527409015315594,3.375957224628713
1317,9.41318982568023e-05,1.0,0.01793114368868346,1.074898645429328,0.003812073270898626,0.0,0.0,0.12732704551798282,0.7708220529084159,0.03057143711807704,3.3569384282178216
1318,9.392656513204313e-05,1.0,0.007895362074717437,1.059488580958678,0.0028034972476756828,0.0,0.0,0.11524597039022068,0.767201036509901,0.02718549671739635,3.2629950495049505
1319,9.372136147269366e-05,1.0,0.0031507876471127613,1.064159338427062,0.003320870259840106,0.0,0.0,0.11122715878899735,0.7542325765779703,0.03145995942672881,3.3571414758663365
1320,9.351628774019546e-05,1.0,0.00944936153764772,1.0721165325381967,0.003549349380096324,0.0,0.0,0.11843569126754704,0.8112212832611386,0.031848907470703125,3.262298886138614
1321,9.331134439569783e-05,1.0,0.002650128769697529,1.0978799190851722,0.0031090251028613822,0.0,0.0,0.11399263460742365,0.7671393970451733,0.0347378419177367,3.3902189047029703
1322,9.310653190005701e-05,1.0,0.007639045725659569,1.104732896431838,0.006186076085196144,0.0,0.0,0.12120537467227124,0.7178701268564357,0.03678085780379796,3.658589882425743
1323,9.290185071383508e-05,1.0,0.003753372126876718,1.098829969321147,0.0028405071933244328,0.0,0.0,0.1150566244331917,0.7247689124381188,0.03271922498646349,3.765499303836634
1324,9.269730129729848e-05,1.0,0.0072594060387351726,1.1113871589745625,0.0028016258388156036,0.0,0.0,0.11979893661371552,0.7708341390779703,0.03093069850808323,3.442131420173267
1325,9.249288411041782e-05,1.0,0.006508001338432331,1.1377291620367824,0.0038588699892781087,0.0,0.0,0.12221035449811728,0.7735106213258045,0.04523928802792389,3.693668780940594
1326,9.228859961286592e-05,1.0,0.015355200091801068,1.1520286137514775,0.0035355961723992253,0.0,0.0,0.13232586104976068,0.747726289352568,0.0371305257967203,3.785088567450495
1327,9.208444826401753e-05,1.0,0.0061548582398065245,1.1504510180784924,0.0038120207073637238,0.0,0.0,0.12310597293152667,0.7779075698097153,0.03468330307762221,3.807684870049505
1328,9.188043052294792e-05,1.0,0.011271639514972669,1.1405078385135916,0.003420293406499227,0.0,0.0,0.12703257046713687,0.7493183400371287,0.031257402778852104,3.5729617883663365
1329,9.167654684843175e-05,1.0,0.00776211212914769,1.1107140106729942,0.0030896549258902116,0.0,0.0,0.12037834178398152,0.7465868657178217,0.03135054182298112,3.6197691058168315
1330,9.14727976989424e-05,1.0,0.0021969602987317754,1.0957444941643442,0.002788196350125098,0.0,0.0,0.11316550899260115,0.6899770604501857,0.03677779849212948,3.481629022277228
1331,9.126918353265078e-05,1.0,0.002803739012763052,1.0827339214853722,0.003339260494991178,0.0,0.0,0.11274676201957287,0.7439931737314357,0.03191995148611541,3.533667233910891
1332,9.106570480742398e-05,1.0,0.0026326423308046737,1.0761171195766714,0.0027733405059725646,0.0,0.0,0.11163102569851545,0.7670535852413366,0.03275314179977568,3.383199257425743
1333,9.086236198082482e-05,1.0,0.008084154512622569,1.0779429160722411,0.0022173892767289607,0.0,0.0,0.11698714282253,0.7231300278465347,0.03913970040802908,3.540261448019802
1334,9.065915551011039e-05,1.0,0.006234303301218712,1.0771167626475344,0.002565961679510569,0.0,0.0,0.11522896174747164,0.7688689279084159,0.034540912892558784,3.54896349009901
1335,9.045608585223113e-05,1.0,0.006434899007919991,1.0718358761013145,0.0031369374358264663,0.0,0.0,0.11518695729203743,0.7467282739016089,0.031113350745474937,3.63294786509901
1336,9.025315346382993e-05,1.0,0.0015342223393444967,1.0740522158027876,0.0024280680845189598,0.0,0.0,0.1101534792987427,0.7608292079207921,0.02696862551245359,3.651618579826733
1337,9.005035880124091e-05,1.0,0.001668999580168488,1.0762250523756045,0.002769617343351411,0.0,0.0,0.11067631553010185,0.7215999187809405,0.02846640407448948,3.602664758663366
1338,8.984770232048849e-05,1.0,0.007823234516205174,1.0806465048601133,0.002794067447833339,0.0,0.0,0.11728492165260976,0.6969115002320545,0.026178643254950496,3.500183709777228
1339,8.96451844772865e-05,1.0,0.006450429780058341,1.0957867975282196,0.0033919698448383736,0.0,0.0,0.11772509590528979,0.7049391340501238,0.028894405553836634,3.7293278155940595
1340,8.944280572703685e-05,1.0,0.0070744576578093046,1.1131887601153685,0.005527723496024829,0.0,0.0,0.12115719730016028,0.6978312577351485,0.031440206093363246,3.5226929919554455
1341,8.924056652482866e-05,1.0,0.002447980354623039,1.1049885277700897,0.003730575094462861,0.0,0.0,0.11481212234438055,0.6797068378712872,0.06668691351862237,3.5905882580445545
1342,8.903846732543742e-05,1.0,0.007297746763371005,1.0770747537660126,0.004330028195711,0.0,0.0,0.11717024113577192,0.6589089573019802,0.07821829012124845,4.037467125618812
1343,8.883650858332364e-05,1.0,0.006544127839036507,1.0637410359807533,0.004112499075484149,0.0,0.0,0.11497448244602373,0.6745629641089109,0.05847602315468363,3.5859084931930694
1344,8.863469075263206e-05,1.0,0.00612212551554831,1.0602169455868182,0.0031054238150516377,0.0,0.0,0.11369653319073196,0.7729226291769802,0.04323804496538521,3.478515625
1345,8.843301428719054e-05,1.0,0.007594315058524066,1.1066602952409499,0.003635369478318596,0.0,0.0,0.1200780309367888,0.8278228457611386,0.030831742994856127,3.682220761138614
1346,8.823147964050897e-05,1.0,0.002890098028548873,1.1193263117629704,0.004347561949399809,0.0,0.0,0.11699651166944221,0.7717357673267327,0.03429639457476021,3.631516862623762
1347,8.803008726577849e-05,1.0,0.005730149695778838,1.1383682406774842,0.0048207349315663745,0.0,0.0,0.12197734363893471,0.7157671333539604,0.03680555891282487,3.6784112004950495
1348,8.78288376158702e-05,1.0,0.01616609775193847,1.158018442663816,0.007516174108057403,0.0,0.0,0.13572603220691776,0.8832016746596535,0.03126556094330136,3.8319538985148514
1349,8.762773114333421e-05,1.0,0.0030385433594779213,1.0873879135245144,0.004329990153564722,0.0,0.0,0.11394233293462508,0.7451413598391089,0.03127598526454208,3.599725402227723
1350,8.742676830039887e-05,1.0,0.0021157871452298495,1.1152568601145603,0.0033916976717231553,0.0,0.0,0.1153373229916733,0.7613344098081684,0.0446964679378094,3.586382271039604
1351,8.722594953896928e-05,1.0,0.009911871081826711,1.116919752394799,0.004132038897242268,0.0,0.0,0.12366986746835236,0.6633349125928217,0.07215303477674427,3.991878094059406
1352,8.702527531062682e-05,1.0,0.005812601951679381,1.0733129712614682,0.0039416383055734935,0.0,0.0,0.1151147198559034,0.7482632174350248,0.06535135401357518,3.6804513459158414
1353,8.682474606662765e-05,1.0,0.0040316714508698715,1.081978711161283,0.0033534584305592637,0.0,0.0,0.11390627249337659,0.7699397625309405,0.04312371735525603,3.6266727258663365
1354,8.662436225790191e-05,1.0,0.005691027692934074,1.0954521906257857,0.003366875157364192,0.0,0.0,0.11691968533957359,0.7731232595915841,0.03134668935643564,3.6085724783415842
1355,8.642412433505282e-05,1.0,0.00799374035236859,1.101117727780106,0.005674816146613984,0.0,0.0,0.12094292339712086,0.7561204362623762,0.039761760447284966,3.9038811107673266
1356,8.622403274835562e-05,1.0,0.004117386876651556,1.0965514153537184,0.005578306059832547,0.0,0.0,0.1165616825813114,0.8668442527846535,0.026447749373936416,3.442063737623762
1357,8.602408794775611e-05,1.0,0.007257803241805275,1.0942736574918916,0.0033904950792606144,0.0,0.0,0.11838041754937408,0.8257754486386139,0.028278010906559407,3.3598004331683167
1358,8.582429038287043e-05,1.0,0.002208223400434645,1.0881441359472748,0.0027598100931223455,0.0,0.0,0.11240254305671937,0.8081175549195545,0.029334115509939664,3.141282487623762
1359,8.562464050298337e-05,1.0,0.003654322448638406,1.0817167121585052,0.00251903955787645,0.0,0.0,0.11308551535452946,0.7520764039294554,0.03321294501276299,3.200262995049505
1360,8.542513875704778e-05,1.0,0.007847396564660686,1.0743371690853987,0.002781292391620521,0.0,0.0,0.11667176136876097,0.7613150719368812,0.02888957108601485,3.1395420792079207
1361,8.522578559368331e-05,1.0,0.002716468739332539,1.074861754285227,0.002125582224943002,0.0,0.0,0.11126543699514747,0.8018883431311881,0.033576209946434094,3.2408048422029703
1362,8.502658146117541e-05,1.0,0.002753586646648917,1.0857683007079777,0.003503923189332409,0.0,0.0,0.1130823793977794,0.8241752397896039,0.033807735631961634,3.418722926980198
1363,8.482752680747459e-05,1.0,0.004603745360480677,1.0922738561535825,0.003268334188076119,0.0,0.0,0.11546529918023855,0.8109529702970297,0.028976667045366646,3.094881265470297
1364,8.462862208019525e-05,1.0,0.0029870441349426117,1.1008043832117969,0.0027039796027520874,0.0,0.0,0.11441947357489331,0.7978854037747525,0.02230332629515393,3.2310875618811883
1365,8.442986772661432e-05,1.0,0.005064815799198528,1.1029837096091544,0.003430838091889659,0.0,0.0,0.11707860769906847,0.759787380105198,0.030480790846418627,3.764406714108911
1366,8.42312641936709e-05,1.0,0.005409614653280466,1.0976396681058525,0.004194880531994755,0.0,0.0,0.117271023664144,0.7454966932240099,0.030820525518738397,3.809957069925743
1367,8.403281192796495e-05,1.0,0.0036484776156963687,1.1113905469969947,0.002950770170128176,0.0,0.0,0.11626291997952036,0.8066793007425742,0.029144362647934716,3.423518719059406
1368,8.383451137575608e-05,1.0,0.0037814285052884923,1.102548923822913,0.0025738636560514476,0.0,0.0,0.11532325518898445,0.7350494082611386,0.027242528329981437,3.5484123607673266
1369,8.363636298296283e-05,1.0,0.0038936938537229406,1.106349516623091,0.002798648054324238,0.0,0.0,0.11592797079298756,0.6930143148592203,0.02674019690787438,3.6185024752475248
1370,8.343836719516153e-05,1.0,0.009493944816070028,1.1440468566252453,0.004425862016054596,0.0,0.0,0.12611156274186502,0.7299562964108911,0.027525420236115407,3.7795289294554455
1371,8.324052445758548e-05,1.0,0.007229693233966827,1.1365052296383547,0.00452651451114164,0.0,0.0,0.12314347598222222,0.7148159518100248,0.030478524689627164,3.94837755259901
1372,8.304283521512382e-05,1.0,0.004494885443755895,1.1089882449348374,0.004991409271992374,0.0,0.0,0.11788941661615183,0.752883760055693,0.03192773195776609,3.9077873607673266
1373,8.284529991232022e-05,1.0,0.0018828049449637384,1.0998752955162878,0.0051408580741798965,0.0,0.0,0.11444076526873183,0.7642979385829208,0.03442107096757039,3.7640199566831685
1374,8.264791899337253e-05,1.0,0.004432567939309791,1.0927526903624583,0.003983051632314869,0.0,0.0,0.11569936477606839,0.7719605700804455,0.03161538001334313,3.8252243193069306
1375,8.245069290213137e-05,1.0,0.007593749035703074,1.0971107117020258,0.0035977333567697683,0.0,0.0,0.11910368848850231,0.7384166150990099,0.031875836967241646,3.7413172957920793
1376,8.225362208209906e-05,1.0,0.0056096408331748285,1.1178843184272842,0.003350196658814612,0.0,0.0,0.11907317334472543,0.7409547107054455,0.028599880709506496,3.692711556311881
1377,8.205670697642884e-05,1.0,0.0065316749681340585,1.1176278201660308,0.0029970539045361066,0.0,0.0,0.11979298507518107,0.7762608292079208,0.028829895623839728,3.807800897277228
1378,8.185994802792387e-05,1.0,0.0022661297923267476,1.1024288021691955,0.005219847030014418,0.0,0.0,0.1151189343026369,0.7792581992574258,0.028130635176554765,3.7010945235148514
1379,8.1663345679036e-05,1.0,0.004241186719719727,1.095008343753248,0.0027597483936501297,0.0,0.0,0.1151218970518301,0.7341647006497525,0.03129199943920173,3.632619121287129
1380,8.146690037186515e-05,1.0,0.006749815906923596,1.0987849259140468,0.0029854915945647783,0.0,0.0,0.11812105782256269,0.7669665648205446,0.029201167644840657,3.629225324876238
1381,8.127061254815781e-05,1.0,0.0023343996098726103,1.11753248814309,0.0037693290709429144,0.0,0.0,0.1159723141405842,0.7380661161819307,0.03238047231542002,3.764319693688119
1382,8.107448264930657e-05,1.0,0.0029121675703785207,1.1266890174091453,0.004942065709827256,0.0,0.0,0.11805210498595002,0.7475150835396039,0.03288495658647896,3.9935218131188117
1383,8.087851111634889e-05,1.0,0.018937212774659148,1.1032633757827306,0.00495346314984081,0.0,0.0,0.1317402831103542,0.7296879834467822,0.03202698962523205,3.907100866336634
1384,8.068269838996597e-05,1.0,0.002195075523145128,1.0907682404659762,0.0036912787786199676,0.0,0.0,0.11311754031051503,0.7583273708230198,0.03151838850266862,3.481464650371287
1385,8.048704491048197e-05,1.0,0.013033653876864084,1.0820603293947655,0.0033531779609793466,0.0,0.0,0.12291627679720964,0.7579502823329208,0.030302897538288985,3.4553681930693068
1386,8.029155111786306e-05,1.0,0.010178452228555585,1.0828124184419614,0.0035813073150030945,0.0,0.0,0.12025034944019695,0.7935367999690595,0.02971422554242729,3.71080213490099
1387,8.009621745171607e-05,1.0,0.00634405924247043,1.0679669309370587,0.0026989194789571722,0.0,0.0,0.11449021300171862,0.788951307240099,0.028775356783725246,3.428759282178218
1388,7.990104435128806e-05,1.0,0.007147084405221562,1.0886075591096784,0.0030799578181529906,0.0,0.0,0.11754782188056719,0.7026905022045173,0.03326755939143719,3.51646619740099
1389,7.97060322554648e-05,1.0,0.007280668372860049,1.0973002391286415,0.003994506295934079,0.0,0.0,0.11900794638855623,0.6896948483910891,0.03760324610341893,3.635616491336634
1390,7.951118160277003e-05,1.0,0.006496614785772739,1.0807642641634043,0.0034826975178754702,0.0,0.0,0.11631439139347265,0.702874211981745,0.03944087264561417,3.539391243811881
1391,7.931649283136458e-05,1.0,0.0017979413566022817,1.081810476756332,0.0032931900795579124,0.0,0.0,0.11162558574192595,0.6590588258044554,0.05248830814172726,3.347810952970297
1392,7.912196637904519e-05,1.0,0.008207277201189854,1.0876970202615945,0.0030725355309637096,0.0,0.0,0.11851324834445916,0.774392307394802,0.03405535103070854,3.214466661509901
1393,7.892760268324345e-05,1.0,0.005422786615862704,1.084206789436907,0.005703062428528037,0.0,0.0,0.11669499788543966,0.7065262747283029,0.03212753144821318,3.282816367574257
1394,7.873340218102528e-05,1.0,0.005921146657207225,1.0665172869616215,0.0028750019248558836,0.0,0.0,0.11401037798069491,0.6734801943939511,0.03652485762492265,3.205126469678218
1395,7.853936530908928e-05,1.0,0.002941583089604236,1.0635392742581886,0.003026148125974203,0.0,0.0,0.11080858568743904,0.6954520952583539,0.02945611028387995,3.3123936417079207
1396,7.834549250376639e-05,1.0,0.0019434328273971481,1.0655016267653739,0.0029762166126566076,0.0,0.0,0.10998170549916748,0.6888923267326733,0.02981952629467048,3.3943185334158414
1397,7.815178420101839e-05,1.0,0.0029775111170688476,1.0625404910285874,0.002909027010972939,0.0,0.0,0.11068607556937944,0.7747790648205446,0.029431824636931468,3.2158589882425743
1398,7.795824083643722e-05,1.0,0.016947336937531386,1.0646193352076088,0.0029878435038476216,0.0,0.0,0.12490319386862292,0.7766403349319307,0.02746808646929146,3.244788443688119
1399,7.776486284524395e-05,1.0,0.011190412068130946,1.0678195546169091,0.0027660471666719542,0.0,0.0,0.11935539255933006,0.762505559637995,0.030993017819848392,3.178759282178218
1400,7.757165066228788e-05,1.0,0.008916046249099297,1.0648223049569838,0.00282327587515148,0.0,0.0,0.11680991637824785,0.7465022625309405,0.03312161889406714,3.111772896039604
1401,7.737860472204513e-05,1.0,0.00290588182535502,1.0766891695485257,0.002879587942173896,0.0,0.0,0.11201459434953066,0.7487569374613242,0.03785947289797339,3.3581663830445545
1402,7.718572545861835e-05,1.0,0.005295293903586888,1.0867311624017093,0.00313164287296903,0.0,0.0,0.11553423320597941,0.7259811552444307,0.03797361166170328,3.41322130259901
1403,7.699301330573511e-05,1.0,0.0033209950543276155,1.0814342427961896,0.002994567386345393,0.0,0.0,0.11296170558964852,0.6886518119585396,0.039901129089959776,3.558787128712871
1404,7.680046869674744e-05,1.0,0.00761505729048559,1.0927854693762147,0.003139189832053138,0.0,0.0,0.1184632009503865,0.7232363861386139,0.03936684485709313,3.4908048422029703
1405,7.660809206463041e-05,1.0,0.007095396555591338,1.0885291264788939,0.0029201061124244873,0.0,0.0,0.1174083634620846,0.7445007928527227,0.03444467676748143,3.3020478805693068
1406,7.641588384198142e-05,1.0,0.004027238466066889,1.0925031109611587,0.0023835933774679157,0.0,0.0,0.11446934702372787,0.7482617066638304,0.028406879689433787,3.226688196163366
1407,7.622384446101924e-05,1.0,0.009222921205334144,1.084705669100922,0.0028783478543604954,0.0,0.0,0.11913266372267563,0.7240872524752475,0.027635366609781095,3.434899056311881
1408,7.603197435358302e-05,1.0,0.014046551383072786,1.0662611640325868,0.0034336622668681483,0.0,0.0,0.12238950046277282,0.7519023630878713,0.03047731607267172,3.183574412128713
1409,7.584027395113092e-05,1.0,0.004784776653983806,1.064851450447989,0.0021018183730066625,0.0,0.0,0.11232083253931291,0.7883615021658416,0.02991568688118812,3.0136331992574257
1410,7.564874368473987e-05,1.0,0.0019926253226724,1.0623355625879647,0.003074362368532111,0.0,0.0,0.10976336394796277,0.740011989480198,0.032389952404664295,3.185740253712871
1411,7.54573839851041e-05,1.0,0.010255865310088243,1.0613396976253775,0.0026127790628343423,0.0,0.0,0.11769622615953483,0.7022850112159653,0.03513547689607828,3.317363474628713
1412,7.52661952825342e-05,1.0,0.007699960566098147,1.074321181467264,0.0030512467591785873,0.0,0.0,0.1166577039673777,0.7679467531714109,0.03820627042562655,3.1757715810643563
1413,7.50751780069563e-05,1.0,0.0017748310571849937,1.0764068843114494,0.0024699792936576834,0.0,0.0,0.11065051070239285,0.8071675819925742,0.04073994702631884,2.986985612623762
1414,7.488433258791097e-05,1.0,0.006389326904669847,1.068434486294737,0.0025977298386045157,0.0,0.0,0.11453164199201188,0.7625140199566832,0.032633639798306004,3.0107131806930694
1415,7.469365945455247e-05,1.0,0.005339502993196544,1.064785093364149,0.002448728371034869,0.0,0.0,0.11304237752562703,0.7921638111076733,0.03967111417562655,3.007793162128713
1416,7.45031590356476e-05,1.0,0.0007856968827176802,1.0586795576728216,0.002661623933241878,0.0,0.0,0.10798446568522123,0.7703071820853961,0.03276779628036046,3.0209139077970297
1417,7.43128317595747e-05,1.0,0.0014545375684110245,1.0608370168374317,0.0027195726194111217,0.0,0.0,0.10889802732975176,0.7412629080290841,0.032448041557085396,3.177482982673267
1418,7.412267805432274e-05,1.0,0.0027376035283697715,1.0649533867835999,0.0034835378979136797,0.0,0.0,0.11097471275837115,0.7742448561262376,0.03282626312558014,3.0418278155940595
1419,7.393269834749055e-05,1.0,0.0029280657077779865,1.0697399820431623,0.0022728752433382885,0.0,0.0,0.11103850293277513,0.7467983736850248,0.02756402044012995,2.9926129331683167
1420,7.374289306628547e-05,1.0,0.005130584840432252,1.0718209324496808,0.0026145376233567856,0.0,0.0,0.11361994896784867,0.7699155901918316,0.02937770125889542,3.044457766089109
1421,7.355326263752286e-05,1.0,0.0007407530257017306,1.0847853652321466,0.0023996864555295245,0.0,0.0,0.11041913410224537,0.7258252436571783,0.029517447594368813,3.1436997215346536
1422,7.336380748762467e-05,1.0,0.005524818333658842,1.0915532430799881,0.002635784463690119,0.0,0.0,0.11599803679060228,0.7318882706141708,0.031125059222230817,3.295966120049505
1423,7.317452804261873e-05,1.0,0.005243141868031851,1.0803791703564105,0.0029931086466225823,0.0,0.0,0.11477761494346184,0.7442941193533416,0.027927889682278776,3.3617342202970297
1424,7.298542472813791e-05,1.0,0.0016862671490352932,1.0969721763440878,0.0023225638590404986,0.0,0.0,0.11254476888640093,0.7878563002784653,0.0341033935546875,3.292011525371287
1425,7.279649796941898e-05,1.0,0.0013404222629447974,1.102089004941506,0.002320590656660834,0.0,0.0,0.11270962006384784,0.764602510055693,0.034085793070273825,3.1744372679455446
1426,7.260774819130144e-05,1.0,0.0053471662841811035,1.0883786985189607,0.0025118951835424066,0.0,0.0,0.11544098513256205,0.7020348275061881,0.03648319810923963,3.1328511757425743
1427,7.241917581822716e-05,1.0,0.004294362140469032,1.0790480038907269,0.0022875594687221646,0.0,0.0,0.11334294412690814,0.6987298644415223,0.03227282986782565,3.3302424969059405
1428,7.22307812742388e-05,1.0,0.004596962860905298,1.0776644892031604,0.001911809046390826,0.0,0.0,0.11331931767192217,0.7173803348352413,0.031329013333462254,3.240611463490099
1429,7.204256498297939e-05,1.0,0.009644331908462072,1.0742629890394684,0.001774608745090698,0.0,0.0,0.11795793702401737,0.7373904993038366,0.02770671277943224,3.2249574566831685
1430,7.185452736769093e-05,1.0,0.00395428345049962,1.074672281742096,0.0016978693638880977,0.0,0.0,0.11227044831998277,0.765158473855198,0.030331111190342666,3.288975479579208
1431,7.166666885121365e-05,1.0,0.0058286942467831145,1.0743370398436443,0.002171561625062276,0.0,0.0,0.11434817985437884,0.7506284808168316,0.027519150535659034,3.4665068069306932
1432,7.14789898559851e-05,1.0,0.004259334784923213,1.0736460130993684,0.0022524808591697365,0.0,0.0,0.11275017792635625,0.7778924620977723,0.026326170062074567,3.5711827042079207
1433,7.129149080403926e-05,1.0,0.005335279657404021,1.0777186308756914,0.0023363375885400283,0.0,0.0,0.11427531332367717,0.752663791769802,0.027271006366994123,3.5957418007425743
1434,7.110417211700511e-05,1.0,0.0022852624406908997,1.0915020975736107,0.003353841636588654,0.0,0.0,0.1131123941723663,0.7387816174195545,0.034021811910194925,3.747892172029703
1435,7.09170342161064e-05,1.0,0.00934384416530628,1.097121002650497,0.0031803533980060404,0.0,0.0,0.1206461217733893,0.7969475170173267,0.031764530899501084,3.886564047029703
1436,7.073007752216024e-05,1.0,0.0064098626227662115,1.079076115447696,0.0025727966375877196,0.0,0.0,0.11560387415165949,0.8085889155321783,0.03401743067373143,3.5569210241336635
1437,7.054330245557617e-05,1.0,0.01239966922024689,1.0749002996057566,0.002747769667189234,0.0,0.0,0.12126358620601126,0.7587262144183168,0.03695240587291151,3.5645594832920793
1438,7.035670943635541e-05,1.0,0.001964099815871456,1.073277739014956,0.0023491182930301157,0.0,0.0,0.11046643518280275,0.7618674098855198,0.035534093875696164,3.538337329826733
1439,7.017029888408969e-05,1.0,0.008024304920789038,1.0729758839796084,0.0031365087893166195,0.0,0.0,0.11689014895127552,0.7548852297339109,0.02942868978670328,3.7137221534653464
1440,6.998407121796056e-05,1.0,0.0040981378959547175,1.0884681987290334,0.0019458985961235986,0.0,0.0,0.11391790934128336,0.8256352490717822,0.02547409510848546,3.276604076423267
1441,6.979802685673838e-05,1.0,0.0028736398804305803,1.0786220814922067,0.002233896798559114,0.0,0.0,0.11185279835273723,0.7858524133663366,0.028467348306485923,3.3623143564356437
1442,6.961216621878092e-05,1.0,0.003131058214619608,1.0938059492866592,0.0021406454354003625,0.0,0.0,0.11358197741579301,0.8044699489480198,0.030262446639561416,3.553904316212871
1443,6.942648972203328e-05,1.0,0.005077141346317707,1.0854102361320268,0.0024056612337607485,0.0,0.0,0.11482099753500212,0.803420869430693,0.03113299077100093,3.3699721534653464
1444,6.924099778402628e-05,1.0,0.004012960461106631,1.0903510173948685,0.0019692072698426905,0.0,0.0,0.11403266687204341,0.8163554880878713,0.03191828963780167,3.2659827506188117
1445,6.905569082187568e-05,1.0,0.002431096048048227,1.0940797612218573,0.002385639510309672,0.0,0.0,0.11303189345220528,0.7624276038443688,0.042448704785639696,3.322246287128713
1446,6.88705692522813e-05,1.0,0.003725208489611597,1.1007771751668194,0.002312224698093049,0.0,0.0,0.1149590400480988,0.7899109491027227,0.04952795198648283,3.5848642481435644
1447,6.868563349152617e-05,1.0,0.008013110312789973,1.0982779547719672,0.002725509873079597,0.0,0.0,0.11920366111663308,0.7913782100866337,0.04064019835821473,3.38978380259901
1448,6.850088395547534e-05,1.0,0.003194927652873615,1.090060264757364,0.0024404320033096553,0.0,0.0,0.11342117160853774,0.7919946047339109,0.038767673001431004,3.465423886138614
1449,6.831632105957534e-05,1.0,0.005506826177386954,1.0845199280446118,0.0028786322892292537,0.0,0.0,0.11539813654847664,0.7834811068997525,0.045533284102336015,3.492139155321782
1450,6.813194521885263e-05,1.0,0.004284728465989085,1.090832827704968,0.002853526668620208,0.0,0.0,0.11479477658130155,0.7464043645575495,0.045471304714089576,3.4383702042079207
1451,6.794775684791331e-05,1.0,0.0072321295738220215,1.1068753665036495,0.004113841593076215,0.0,0.0,0.11997658840500482,0.7984026918316832,0.044756558862062965,3.5986908261138613
1452,6.776375636094197e-05,1.0,0.008677786898494947,1.1009919926671698,0.005503543036514985,0.0,0.0,0.12152875922989137,0.7538458191522277,0.06107983730807163,3.9429919554455446
1453,6.75799441717005e-05,1.0,0.02066990961827854,1.0859293294425059,0.005822117322510383,0.0,0.0,0.13217390513066019,0.7249018603032178,0.06730931348139697,3.705851639851485
1454,6.73963206935274e-05,1.0,0.013444455063874178,1.059944231911461,0.0041152619057113655,0.0,0.0,0.12149651097779227,0.7653071337407178,0.07180325347598236,3.5752049814356437
1455,6.7212886339337e-05,1.0,0.0025513937493952194,1.0643874613365325,0.0036513290542643517,0.0,0.0,0.11081580684916807,0.7578318378712872,0.0588437826326578,3.1447633044554455
1456,6.70296415216181e-05,1.0,0.0037640377436534015,1.067467700726915,0.0029532071011729357,0.0,0.0,0.1119874134512231,0.8144265354269802,0.039164552594175436,2.9546623607673266
1457,6.68465866524335e-05,1.0,0.004755851655903429,1.0790403001379258,0.002342384789654257,0.0,0.0,0.11383107481616558,0.8171471321936881,0.03786551598275062,3.083723313737624
1458,6.666372214341875e-05,1.0,0.0027055443439743306,1.0764070525027738,0.0026769933043252953,0.0,0.0,0.11168474755664863,0.7788412264077971,0.031048614199798884,2.9699392790841586
1459,6.648104840578126e-05,1.0,0.0036556016248051482,1.0741182966987686,0.0031365647637988394,0.0,0.0,0.11263571797621132,0.7802492651608911,0.03316452479598546,2.917456296410891
1460,6.629856585029969e-05,1.0,0.004733038457608459,1.0657625363604857,0.002597332327286044,0.0,0.0,0.11260795998986405,0.7928696434096535,0.03890998764793471,3.003461478960396
1461,6.611627488732257e-05,1.0,0.004753540980048699,1.0603540232866118,0.0025800230522699985,0.0,0.0,0.11207895563675625,0.7922991762066832,0.03421424639106977,2.851717202970297
1462,6.593417592676763e-05,1.0,0.016956365307663927,1.0592033455867578,0.0027490347390562195,0.0,0.0,0.1242512191581254,0.789485515934406,0.032086060778929455,2.95144260519802
1463,6.575226937812098e-05,1.0,0.002755146658066476,1.0661752064629357,0.0021226345231505294,0.0,0.0,0.11043398583879566,0.7352164995552289,0.03432071799098855,2.7397412592821784
1464,6.557055565043588e-05,1.0,0.004024905807310992,1.0739993346799719,0.0025670745097807297,0.0,0.0,0.11270837832500438,0.7760843711324258,0.03425258221012531,3.1049853032178216
1465,6.538903515233218e-05,1.0,0.0017968714974894381,1.075793981552124,0.0034014000081184024,0.0,0.0,0.1110769707230058,0.779163927134901,0.03622293000174041,3.276241491336634
1466,6.520770829199503e-05,1.0,0.008713011510006271,1.0764678374375447,0.0029051161320672006,0.0,0.0,0.1178123545233566,0.7717430190284653,0.029416452540029392,3.1278716738861387
1467,6.502657547717417e-05,1.0,0.006427099061484384,1.087219728101598,0.0029641553283900157,0.0,0.0,0.11663115135218838,0.7911534073329208,0.03691765813544245,3.2257986540841586
1468,6.484563711518313e-05,1.0,0.007758810821146068,1.096412191296568,0.002814306986188553,0.0,0.0,0.11880718459292214,0.7902034344059405,0.03688544093972385,3.1524017636138613
1469,6.466489361289816e-05,1.0,0.010274986524393064,1.1016589096277067,0.0039753737243276785,0.0,0.0,0.12242856511090061,0.8124685759591584,0.03123262613126547,3.2905225092821784
1470,6.448434537675706e-05,1.0,0.004965502104841837,1.0869784744659272,0.0033046048724422196,0.0,0.0,0.11531565390010871,0.7668602065284653,0.02751745091806544,3.261186958539604
1471,6.43039928127589e-05,0.9985714285714286,0.0030513633743371113,1.082725955708192,0.003306609756079281,0.0,0.0,0.11297726557396426,0.7660105488087872,0.02679212966767868,3.3307549504950495
1472,6.412383632646247e-05,0.9971428571428571,0.0034364000479183573,1.0794266049224552,0.0037899033216463335,0.0,0.0,0.11327401452725476,0.7980038482363861,0.028415944316599627,3.150071550123762
1473,6.394387632298582e-05,0.9957142857142857,0.007261018905014095,1.0858054220086277,0.0031920432670406148,0.0,0.0,0.11743758404904073,0.8120383083230198,0.03202385477500387,2.97824489480198
1474,6.376411320700507e-05,0.9942857142857143,0.002961904843254845,1.089158288323053,0.0030722076091010556,0.0,0.0,0.11341383949954911,0.7921444732363861,0.030066235230700806,2.9432626856435644
1475,6.358454738275356e-05,0.9928571428571429,0.003219826497358851,1.0915293587316381,0.00307125607730203,0.0,0.0,0.11390839185159986,0.7594108959235767,0.026588817634204828,2.900990099009901
1476,6.34051792540211e-05,0.9914285714285714,0.0014594970732042104,1.0778289525815756,0.002830310295322117,0.0,0.0,0.11065754936178132,0.7697923112623762,0.032473498051709467,3.0561861850247523
1477,6.322600922415297e-05,0.99,0.0025828545267629153,1.078568999129947,0.0036852343946160507,0.0,0.0,0.11228237315864846,0.8142911703279703,0.02694619056021813,3.08034885519802
1478,6.304703769604872e-05,0.9885714285714285,0.0037785594047296165,1.0800899898651803,0.0035311641419533465,0.0,0.0,0.11355314160337543,0.7838412747524752,0.028755792296758974,2.9760113706683167
1479,6.286826507216179e-05,0.9871428571428571,0.009697444773841612,1.0848244888947742,0.002458517789485689,0.0,0.0,0.11940915380964184,0.799205213490099,0.03317034126508354,2.8448329207920793
1480,6.268969175449832e-05,0.9857142857142858,0.0013565869614629463,1.0817141993211048,0.002407078966996886,0.0,0.0,0.1107315474217481,0.7566168780374055,0.034893980120668314,2.6526821627475248
1481,6.251131814461616e-05,0.9842857142857143,0.0010840851850438826,1.0842350024988157,0.0019305546226707233,0.0,0.0,0.11047286429617664,0.781749158802599,0.029893478544631806,2.796758972772277
1482,6.233314464362415e-05,0.9828571428571429,0.005371306829228259,1.0880466085849423,0.002510392669587463,0.0,0.0,0.1154311661525528,0.8121470838490099,0.02621376868521813,2.958936030321782
1483,6.215517165218101e-05,0.9814285714285714,0.002033136563725991,1.0833517442835439,0.002383996522610795,0.0,0.0,0.11156031039386692,0.8194205406868812,0.028532424775680694,3.0367032797029703
1484,6.197739957049481e-05,0.98,0.004484907862278495,1.0933299477737728,0.0030315063533166856,0.0,0.0,0.11533365686341088,0.814873723700495,0.024552826834197093,3.175336478960396
1485,6.17998287983218e-05,0.9785714285714285,0.003702852948762403,1.0901953088174952,0.00283736296539543,0.0,0.0,0.11414106647566993,0.7574160736386139,0.03051417888981281,3.3202158106435644
1486,6.162245973496521e-05,0.9771428571428571,0.0018428316579596831,1.0843525676444026,0.003710589422481273,0.0,0.0,0.11213338448859678,0.7705549485612624,0.0311795980623453,3.352761448019802
1487,6.14452927792751e-05,0.9757142857142858,0.0030990097634863143,1.0828571927429427,0.0031587130496437466,0.0,0.0,0.1129640872673233,0.7684507464418316,0.034055275492148825,3.410949102722772
1488,6.126832832964689e-05,0.9742857142857143,0.005910159706479252,1.0801514611385836,0.0035368386898962044,0.0,0.0,0.11569372682583214,0.7988099957456684,0.03646786378161742,3.533116104579208
1489,6.109156678402058e-05,0.9728571428571429,0.005225980820337144,1.099185052484569,0.004651699788173393,0.0,0.0,0.11747033761279417,0.7441043664913366,0.06098613172474474,3.6627862004950495
1490,6.09150085398799e-05,0.9714285714285714,0.017263236833680973,1.0870278389147012,0.004855306880494711,0.0,0.0,0.12839367580000716,0.6646208810334159,0.10979114192547185,4.358524133663367
1491,6.0738653994251536e-05,0.97,0.0035961974080246273,1.109247344555241,0.004001967399294654,0.0,0.0,0.11652191654585375,0.8155795560024752,0.05297300131014078,3.330126469678218
1492,6.0562503543703954e-05,0.9685714285714285,0.0021971034088937363,1.1166066238195589,0.003189621941015899,0.0,0.0,0.11545257882611586,0.7737009784962872,0.0310496717396349,3.362043626237624
1493,6.03865575843469e-05,0.9671428571428571,0.0034739871205079673,1.0952482270722341,0.003552535753109317,0.0,0.0,0.1147750793854789,0.7650617844987624,0.03700422532487624,3.4850131497524752
1494,6.0210816511829924e-05,0.9657142857142857,0.004726926288982429,1.0793002147485715,0.0032247903294017593,0.0,0.0,0.11426934481847405,0.775857151144802,0.03227853302908416,3.7257309715346536
1495,6.0035280721342185e-05,0.9642857142857143,0.0050292997667104895,1.0743432635127907,0.0034793549985797745,0.0,0.0,0.11420330456872978,0.7933820969987624,0.028798093890199567,3.669477103960396
1496,5.985995060761111e-05,0.9628571428571429,0.0029132986939189457,1.081376555532512,0.0026704373241847124,0.0,0.0,0.11238617427868418,0.7866513091738861,0.032030917630337254,3.5862855816831685
1497,5.96848265649016e-05,0.9614285714285714,0.0050623572920218554,1.099611492440252,0.0027338191599609323,0.0,0.0,0.11639041704411554,0.7774863668007426,0.042269489552715034,3.523456837871287
1498,5.950990898701507e-05,0.96,0.0016355446659692442,1.086681321115777,0.0028114512078360296,0.0,0.0,0.11170940396219196,0.7811460589418316,0.034499895454633354,3.5952486850247523
1499,5.933519826728889e-05,0.9585714285714285,0.004116035297070399,1.1005523936583264,0.0038571332251473842,0.0,0.0,0.11609984248286427,0.7855937693378713,0.031525413588722156,3.579633353960396
1500,5.916069479859503e-05,0.9571428571428572,0.004262854299037763,1.1026456645219633,0.002882603543454961,0.0,0.0,0.11596872450986712,0.7403585603921721,0.029255404330716276,3.4796372215346536
1501,5.898639897333963e-05,0.9557142857142857,0.0032673822623668332,1.0904995787261735,0.0033167758754841835,0.0,0.0,0.11397572924004923,0.7518630830368193,0.02530994981822401,3.51784885519802
1502,5.881231118346173e-05,0.9542857142857143,0.002042234644736394,1.087679898974919,0.0025951684973652745,0.0,0.0,0.1121078104075819,0.7514959656366027,0.02811741592860458,3.5262898360148514
1503,5.863843182043258e-05,0.9528571428571428,0.001451954761944195,1.084486455020338,0.0033628709690206185,0.0,0.0,0.11158203695080068,0.7062383972772277,0.02884674072265625,3.40988551980198
1504,5.846476127525488e-05,0.9514285714285714,0.003737611493261734,1.0893507871297325,0.003007591053115038,0.0,0.0,0.1141764874210452,0.7054104946627475,0.027085105971534653,3.519734297648515
1505,5.829129993846161e-05,0.95,0.0033552732207987566,1.0908768129820872,0.00353544392462504,0.0,0.0,0.1142106775452595,0.7285301284034653,0.02882698738929069,3.8334429146039604
1506,5.8118048200115314e-05,0.9485714285714286,0.004110596373234645,1.0862184515093813,0.004300038802257674,0.0,0.0,0.11488246224304237,0.791327448174505,0.031170835589418317,3.5391591893564356
1507,5.794500644980738e-05,0.9471428571428572,0.0019912174948961427,1.094486905796693,0.004153274020222177,0.0,0.0,0.11351654700713583,0.7260572981126238,0.04448322258373298,3.4805267636138613
1508,5.777217507665674e-05,0.9457142857142857,0.003045282557164088,1.0965104622415978,0.004012678839800255,0.0,0.0,0.11470266955323738,0.7756033415841584,0.04205292050201114,3.541789139851485
1509,5.7599554469309484e-05,0.9442857142857143,0.005221881009269469,1.0955513161007722,0.0037289363622266597,0.0,0.0,0.11664148250428757,0.7943562422648515,0.04045996335473391,3.361647199876238
1510,5.742714501593762e-05,0.9428571428571428,0.00437414480170401,1.1015090682719013,0.0034787349970141048,0.0,0.0,0.11626442042317721,0.7593039333230198,0.037269365669477104,3.310875618811881
1511,5.72549471042383e-05,0.9414285714285714,0.001722548673353573,1.106863289776415,0.004626223063505587,0.0,0.0,0.11472199134307333,0.7867347037438119,0.03852149283531869,3.2199392790841586
1512,5.7082961121433105e-05,0.94,0.015112270038611817,1.1083135628464198,0.0036657431899422394,0.0,0.0,0.1277764995794485,0.7746872099319307,0.03472855067489171,3.301158338490099
1513,5.691118745426711e-05,0.9385714285714286,0.01156112035312275,1.1106176600597872,0.0044932693561728085,0.0,0.0,0.12486952277693418,0.7965365872524752,0.034087908149945854,3.436649133663366
1514,5.673962648900761e-05,0.9371428571428572,0.00228878320886357,1.1092682380487424,0.003859194883117729,0.0,0.0,0.11514520586127101,0.7876919283725248,0.04221253347868967,3.5014116646039604
1515,5.6568278611444e-05,0.9357142857142857,0.008263611041083195,1.1149776831711873,0.004082665312386897,0.0,0.0,0.12180271375887465,0.7251991800742574,0.04929737053295173,3.643042233910891
1516,5.6397144206886215e-05,0.9342857142857143,0.0028966387530954757,1.1030121109273174,0.004501290058404194,0.0,0.0,0.11544849620302125,0.7187790068069307,0.041977155326616646,3.7536258508663365
1517,5.6226223660164384e-05,0.9328571428571428,0.0068303676008588015,1.0958222617017161,0.003982568710718156,0.0,0.0,0.11840388009158692,0.7584965771967822,0.02963404136128945,3.697468672648515
1518,5.605551735562756e-05,0.9314285714285714,0.006079309795162465,1.104312228684378,0.0031904802573522054,0.0,0.0,0.11810577395233778,0.7425452506188119,0.030400908819519647,3.4396658415841586
1519,5.588502567714304e-05,0.9299999999999999,0.004945798749380772,1.1014930234097018,0.0037119897274936705,0.0,0.0,0.11695109735621084,0.7784194190903465,0.029435110564279086,3.4184521967821784
1520,5.571474900809559e-05,0.9285714285714286,0.004302699672113551,1.098755942712916,0.0035421250154331124,0.0,0.0,0.11594935801654759,0.7749748607673267,0.028233367617767634,3.1185894956683167
1521,5.5544687731386544e-05,0.9271428571428572,0.015628869506982293,1.0987646603348231,0.003515863945524123,0.0,0.0,0.1272632692857544,0.8050404161509901,0.027365051873839728,3.3949856899752477
1522,5.537484222943256e-05,0.9257142857142857,0.0033639967072718216,1.100210966450153,0.002930892753085735,0.0,0.0,0.11485054107880828,0.793478786355198,0.02760005233311417,3.2672300433168315
1523,5.5205212884165426e-05,0.9242857142857143,0.008297615822884116,1.0842457118600901,0.0030085182804061045,0.0,0.0,0.11822644739162803,0.7902735341893564,0.028399099217783108,3.273553527227723
1524,5.503580007703073e-05,0.9228571428571428,0.0017947248819440897,1.0714244919248146,0.0030513413283296187,0.0,0.0,0.11046284555208565,0.7779667920405322,0.02853990309309251,3.236724551361386
1525,5.486660418898712e-05,0.9214285714285715,0.002432069492222059,1.0738828978916206,0.0033040051034776757,0.0,0.0,0.11147236292905147,0.7888739557549505,0.03459915312209932,3.330261834777228
1526,5.4697625600505456e-05,0.92,0.0035353946213675016,1.0746409102241592,0.0034789883234540445,0.0,0.0,0.11273898103154532,0.7802734375,0.04519018796410891,3.503248762376238
1527,5.4528864691567924e-05,0.9185714285714286,0.0032997511991179817,1.0719544202974527,0.003712743990432176,0.0,0.0,0.11235156714326085,0.8033217628403465,0.03798630213973546,3.3551013304455446
1528,5.436032184166729e-05,0.9171428571428571,0.008489833646776652,1.0736897764819684,0.0029539856891865877,0.0,0.0,0.11733580653620239,0.7706165880259901,0.04736373448135829,3.3065826113861387
1529,5.4191997429805995e-05,0.9157142857142857,0.006718015095384994,1.0827653201499787,0.0032109551784742507,0.0,0.0,0.11660002562964317,0.7556200688428217,0.04133296248936417,3.2384552908415842
1530,5.40238918344952e-05,0.9142857142857143,0.0053229962687681215,1.0899295452797766,0.002773272573562065,0.0,0.0,0.1157025888857275,0.7751561533106436,0.03269452387743657,3.3078492419554455
1531,5.3856005433753945e-05,0.9128571428571428,0.0013403435892397815,1.0851277360821714,0.0030442842608224083,0.0,0.0,0.1113752611350305,0.7656540068069307,0.04055204485902692,3.4035523669554455
1532,5.368833860510858e-05,0.9114285714285715,0.002460601638154228,1.0843608538703162,0.0029746813717684917,0.0,0.0,0.11238402910161727,0.7298741104579208,0.03516380385597154,3.341352103960396
1533,5.352089172559146e-05,0.91,0.0013859026355318503,1.0906905142387542,0.0029221116462692163,0.0,0.0,0.11191601151286966,0.7492820815284653,0.0348367974309638,3.377687964108911
1534,5.3353665171740594e-05,0.9085714285714286,0.0019767230173738876,1.0899479483613874,0.0029727971434365123,0.0,0.0,0.11245791805852758,0.7461408860612624,0.028693397446434097,3.360602954826733
1535,5.318665931959834e-05,0.9071428571428571,0.0014093795256449443,1.0967353086660403,0.0032810037844521306,0.0,0.0,0.11272341352288086,0.7302524075649752,0.03630179225808323,3.712842280321782
1536,5.301987454471078e-05,0.9057142857142857,0.005598173578186791,1.1014974129081954,0.003483440939511062,0.0,0.0,0.1174896375672652,0.7201278233292079,0.03296842669496442,3.748269260519802
1537,5.285331122212703e-05,0.9042857142857142,0.0023322525517185137,1.1060380251100748,0.003269663113693097,0.0,0.0,0.11457088788842211,0.7654092618734529,0.028702084380801362,3.641794941212871
1538,5.268696972639805e-05,0.9028571428571428,0.006179751072189595,1.107859988023739,0.004012464097862597,0.0,0.0,0.11897198258355113,0.7978285987778465,0.030509722114789604,3.748298267326733
1539,5.252085043157598e-05,0.9014285714285715,0.0030582616529842414,1.1004004608286488,0.0033260377849458535,0.0,0.0,0.11476132826934947,0.7476021039603961,0.030126439462793937,3.5053759282178216
1540,5.235495371121349e-05,0.9,0.004781703215719449,1.103718345708186,0.0024686065417242418,0.0,0.0,0.11638784224149024,0.7508629525061881,0.033397032482789295,3.5452216120049505
1541,5.2189279938362473e-05,0.8985714285714286,0.0016112639246010545,1.1053230072012041,0.0026718274387141972,0.0,0.0,0.11347947977852113,0.7466376276299505,0.03334664826345916,3.750647818688119
1542,5.202382948557375e-05,0.8971428571428571,0.003279166388334614,1.0978687092809394,0.0028335663802935606,0.0,0.0,0.11448282180446209,0.7504254331683168,0.034741467768603033,3.8046584931930694
1543,5.1858602724895733e-05,0.8957142857142857,0.0033470705372862296,1.0933594137135119,0.0032557769326477582,0.0,0.0,0.1143109017964637,0.7564407197555693,0.04301905868077042,3.622998530321782
1544,5.1693600027873926e-05,0.8942857142857142,0.0006978916059626211,1.0842269688549608,0.0021294236588314877,0.0,0.0,0.11018530198253028,0.7503940091274752,0.03658589278117265,3.3195003094059405
1545,5.1528821765549975e-05,0.8928571428571429,0.0009250987210486195,1.0908313187042085,0.0018506300312396034,0.0,0.0,0.1109335472678194,0.7512415517674814,0.0361668048518719,3.3579053217821784
1546,5.136426830846098e-05,0.8914285714285715,0.003739101019236121,1.0869078187659236,0.002009266666976659,0.0,0.0,0.11343451759012618,0.7191875193378713,0.033467170035484994,3.4700746441831685
1547,5.119994002663812e-05,0.89,0.0021384704747412463,1.08698303038531,0.003236688053310909,0.0,0.0,0.1124551186319625,0.7172994330377862,0.036189088726987936,3.477210318688119
1548,5.1035837289606655e-05,0.8885714285714286,0.0019532304884183524,1.0820298006038855,0.0022992486437492473,0.0,0.0,0.11130583647749212,0.7126519231512995,0.03208356800645885,3.4791441058168315
1549,5.08719604663844e-05,0.8871428571428571,0.0008581295461937932,1.0786866598790235,0.002070087561943444,0.0,0.0,0.10976184115256413,0.7027802420134591,0.029191763094156095,3.616191599628713
1550,5.0708309925481325e-05,0.8857142857142857,0.006139409534706927,1.0795508941801468,0.002531640892929056,0.0,0.0,0.1153603210897729,0.7424340578589109,0.03201505453279703,3.7223323406559405
1551,5.0544886034898435e-05,0.8842857142857143,0.006242384894354509,1.0787909969244853,0.002261360867141595,0.0,0.0,0.1152521665438567,0.70528510065362,0.03618485856764388,3.5618618502475248
1552,5.038168916212707e-05,0.8828571428571428,0.0014261292053921388,1.0873787768996588,0.002368951880145129,0.0,0.0,0.11134848463358266,0.7532100866336634,0.03566840143487005,3.6081083694306932
1553,5.0218719674148135e-05,0.8814285714285715,0.005410353367281432,1.0983373032938135,0.0030419475688987486,0.0,0.0,0.1167650582766769,0.7448778813428217,0.041198503853070854,3.908928295173267
1554,5.005597793743129e-05,0.88,0.0035226441698499246,1.0986456552354416,0.002994333901027642,0.0,0.0,0.11488437807500952,0.7472854463180693,0.03636041018042234,3.889764464727723
1555,4.9893464317933804e-05,0.8785714285714286,0.006520003707397102,1.0992849628524024,0.0023869138856771133,0.0,0.0,0.11764195708945246,0.7575919274056312,0.03534615393912438,3.6905070389851486
1556,4.973117918110018e-05,0.8771428571428571,0.004107435888583117,1.1060256916697662,0.0027598008976086265,0.0,0.0,0.1160899073918267,0.7267665863037109,0.03760014902247061,3.657468285891089
1557,4.956912289186116e-05,0.8757142857142857,0.0029835514355413986,1.1111127362392916,0.0028243876641672705,0.0,0.0,0.1155070205873782,0.7085396039603961,0.03714797520401454,3.6020362778465347
1558,4.9407295814632714e-05,0.8742857142857143,0.00324701591588483,1.116082769809383,0.0029171807161246493,0.0,0.0,0.11631388497529643,0.7276514638768564,0.04041146759939666,3.7402053681930694
1559,4.92456983133155e-05,0.8728571428571429,0.003086839461385614,1.1226298531683365,0.0037109071080801124,0.0,0.0,0.11720528040486987,0.7437883131574876,0.03713845734549041,3.769221844059406
1560,4.9084330751293825e-05,0.8714285714285714,0.0030026647935409356,1.1274336210571894,0.0035389025527158336,0.0,0.0,0.11751547979541344,0.7401062616027227,0.03655582843440594,3.5927347617574257
1561,4.892319349143505e-05,0.87,0.009718684903760948,1.1245166830497213,0.0037064458101127404,0.0,0.0,0.12402357795450947,0.7583974706064357,0.03278607661181157,3.6399385055693068
1562,4.876228689608871e-05,0.8685714285714285,0.002578309746366916,1.1267682361130666,0.0036143637144140494,0.0,0.0,0.11706231659886861,0.731266437190594,0.02867579696202042,3.5776512221534653
1563,4.860161132708534e-05,0.8671428571428571,0.009371418395254872,1.1081511714670917,0.003173769096740738,0.0,0.0,0.12177342110046066,0.7224048576732673,0.029749502049814358,3.685430847772277
1564,4.8441167145736284e-05,0.8657142857142857,0.0022615408985921653,1.114257533361416,0.0033540093020629947,0.0,0.0,0.11536430147024665,0.7576674659653465,0.027636461918896967,3.516350170173267
1565,4.828095471283245e-05,0.8642857142857143,0.012321613729000092,1.1128511617679406,0.003719606735445484,0.0,0.0,0.12546653566089008,0.7820525216584159,0.029678042572323638,3.5061591120049505
1566,4.812097438864361e-05,0.8628571428571429,0.010282874549969588,1.1046502531164943,0.0029775938323161814,0.0,0.0,0.12223669908719488,0.7919535117574258,0.02728373461430616,3.3105758818069306
1567,4.7961226532917516e-05,0.8614285714285714,0.002569818740138913,1.1049750104989156,0.0030805238114559267,0.0,0.0,0.11460758295684757,0.8090626933787128,0.02538397760674505,3.252881342821782
1568,4.780171150487937e-05,0.86,0.005074931622141659,1.099321438534425,0.0033459568721539625,0.0,0.0,0.11668005593047284,0.76025390625,0.026738006289642634,3.256507193688119
1569,4.764242966323056e-05,0.8585714285714285,0.0043607090811918275,1.0963623500106359,0.0032465126332861492,0.0,0.0,0.11562020220968983,0.7869715926670792,0.025306172890238243,3.2575127629950495
1570,4.748338136614839e-05,0.8571428571428572,0.0035569503682084604,1.0959854220399763,0.003075839418400365,0.0,0.0,0.11469341371909227,0.7654412902227723,0.02942642362991182,3.3744295327970297
1571,4.7324566971284655e-05,0.8557142857142856,0.004281594353442145,1.0963996672394252,0.0043809242328423734,0.0,0.0,0.11611202521489399,0.8222124458539604,0.030377454096728033,3.5381246132425743
1572,4.716598683576546e-05,0.8542857142857143,0.0047466265092981925,1.0899026978133928,0.0029944776627119853,0.0,0.0,0.11523413672895715,0.7687649868502475,0.04204642418587562,3.568156327351485
1573,4.7007641316190066e-05,0.8528571428571429,0.005476527948780815,1.0897451580160915,0.003557712795203644,0.0,0.0,0.11622990136689479,0.7645348275061881,0.04651868461382271,3.4645633508663365
1574,4.684953076863008e-05,0.8514285714285714,0.007476181787724542,1.0878563316741792,0.002865225073073456,0.0,0.0,0.11769442865163973,0.7647233717512376,0.04980166595761139,3.6204749381188117
1575,4.66916555486287e-05,0.85,0.0023365427214320344,1.089161973778564,0.003622134809156345,0.0,0.0,0.11306380923136626,0.7832103767017327,0.04334243925491182,3.7524269028465347
1576,4.6534016011200096e-05,0.8485714285714285,0.004369598988554265,1.09215243264,0.00302467604817841,0.0,0.0,0.11509718155801886,0.7929590810643564,0.035630330000773515,3.564211401608911
1577,4.637661251082831e-05,0.8471428571428572,0.0029022781786942247,1.0966270111574985,0.003001280639857736,0.0,0.0,0.11406562115886423,0.8192585860148515,0.031775899452738246,3.263410813737624
1578,4.621944540146673e-05,0.8457142857142856,0.010077844899479705,1.0987132410011669,0.00317507029002726,0.0,0.0,0.12153670626996767,0.7990964379641089,0.0302601427134901,3.358330754950495
1579,4.606251503653705e-05,0.8442857142857143,0.0019327647393882865,1.097304076251417,0.003007983590524049,0.0,0.0,0.11316716493946491,0.7885814704517327,0.03651677499903311,3.302985767326733
1580,4.590582176892864e-05,0.8428571428571429,0.0012560182131162966,1.1006428203960457,0.003477968099915496,0.0,0.0,0.11305928569619018,0.7815086440284653,0.03601300834429146,3.3704652691831685
1581,4.574936595099781e-05,0.8414285714285714,0.00369277957937505,1.1017749038073097,0.0032117085131248323,0.0,0.0,0.11547612539022276,0.7965486734220297,0.030867095040802907,3.32826036509901
1582,4.5593147934566766e-05,0.84,0.002973919088887696,1.0985989086698777,0.003068271299318692,0.0,0.0,0.1143679469086156,0.7949097888304455,0.03053412106957766,3.306824334777228
1583,4.543716807092301e-05,0.8385714285714285,0.005619927908819501,1.1006362768683102,0.0028540929793097808,0.0,0.0,0.11711060292649977,0.785842744430693,0.031138580624419866,3.327080754950495
1584,4.5281426710818605e-05,0.8371428571428572,0.005248408026919507,1.1032796814890191,0.002508168945856632,0.0,0.0,0.1168304619075048,0.7782187886757426,0.0343374497819655,3.3552366955445545
1585,4.512592420446913e-05,0.8357142857142857,0.001494344729598206,1.1035523178553817,0.0023284790179309536,0.0,0.0,0.11301381775353214,0.7868749033106436,0.031222503964263616,3.181461749690594
1586,4.497066090155325e-05,0.8342857142857143,0.0017934751392591117,1.1052298722880902,0.0028574545640097284,0.0,0.0,0.11374519020318985,0.7584941599628713,0.029277914821511448,3.2783976639851486
1587,4.481563715121158e-05,0.8328571428571429,0.003981632908972183,1.1074673621961386,0.0027061105708823317,0.0,0.0,0.11608142582791867,0.7917552985767327,0.028153674437267944,3.318030631188119
1588,4.4660853302046036e-05,0.8314285714285714,0.002776693810920904,1.1155768975172893,0.0033351713378705077,0.0,0.0,0.11600197032831683,0.7752407564975248,0.029308696784595453,3.4984626392326734
1589,4.4506309702119185e-05,0.83,0.0031635631429086817,1.1169775075251513,0.003051677450196504,0.0,0.0,0.1163871537635822,0.7613827544863861,0.02784502388227104,3.5105681466584158
1590,4.435200669895339e-05,0.8285714285714285,0.002284175799329682,1.1123368940731087,0.0030436470976680295,0.0,0.0,0.11503968948479926,0.7196202042079208,0.030135428551400063,3.545308632425743
1591,4.41979446395297e-05,0.8271428571428572,0.010655474876708324,1.1103300894841108,0.00250966407449848,0.0,0.0,0.122943316798399,0.7104975634282178,0.03186911403542698,3.5692779238861387
1592,4.404412387028766e-05,0.8257142857142857,0.0019752298398773268,1.1177934974727064,0.0027638708657238146,0.0,0.0,0.11513651700893252,0.7082108601485149,0.029135902329246597,3.58189588490099
1593,4.389054473712405e-05,0.8242857142857143,0.0022775080091882462,1.1156468674688056,0.0030149912438243724,0.0,0.0,0.11534969169314545,0.7195984491027227,0.03135900214166924,3.5087310488861387
1594,4.373720758539238e-05,0.8228571428571428,0.003147428246712921,1.1140085116471394,0.002289138402167989,0.0,0.0,0.11569285009166982,0.6805522087777015,0.03555048574315439,3.2436185024752477
1595,4.358411275990198e-05,0.8214285714285714,0.0025666254655559466,1.1092244020783075,0.002725469334244294,0.0,0.0,0.11485180177605979,0.7033896871132426,0.03621877538095607,3.4644521581064356
1596,4.343126060491718e-05,0.82,0.00014443728740852658,1.1094956291784155,0.002536738617576216,0.0,0.0,0.11236237137034388,0.6512757858427445,0.03764169523031405,3.549069848391089
1597,4.3278651464156744e-05,0.8185714285714285,0.003370013346176336,1.1124435025866668,0.0028184014723718624,0.0,0.0,0.11602356513537983,0.6597663954933091,0.035522687553179146,3.7494488706683167
1598,4.3126285680793e-05,0.8171428571428572,0.003423605114221573,1.1034708282735088,0.0027872313521133904,0.0,0.0,0.11516430531397905,0.678872023478593,0.0339345648737237,3.6990060334158414
1599,4.2974163597450784e-05,0.8157142857142857,0.0038424944597305636,1.0983991693742206,0.0021372660979041298,0.0,0.0,0.11475104713203883,0.6794155611850248,0.03188180451345916,3.5950262995049505
1600,4.282228555620717e-05,0.8142857142857143,0.00219786207717244,1.1010825279915686,0.00232841839133831,0.0,0.0,0.11347032581815625,0.7173141630569307,0.031418073295366646,3.68150525990099
1601,4.2670651898590464e-05,0.8128571428571428,0.009905427067291618,1.0943791618441592,0.0023744665376227094,0.0,0.0,0.1205305784645647,0.7162529973700495,0.03181042057452815,3.5147064511138613
1602,4.251926296557924e-05,0.8114285714285714,0.004969638099174689,1.0999998019473387,0.0021201624497167574,0.0,0.0,0.11602970102045795,0.7232303430538366,0.031798258866413985,3.542765702351485
1603,4.2368119097601916e-05,0.81,0.0006352709145239084,1.1059719619184438,0.001882809447772953,0.0,0.0,0.11217387323037233,0.6862886636564047,0.030576422663018254,3.478892713490099
1604,4.22172206345357e-05,0.8085714285714286,0.0018282719325311114,1.0987656564995794,0.0024007102356786206,0.0,0.0,0.11290519411611084,0.7016988319925742,0.03254627945399521,3.4885809870049505
1605,4.206656791570609e-05,0.8071428571428572,0.0016000550055857933,1.096457030513499,0.002716142488851,0.0,0.0,0.11260383059777836,0.6882584071395421,0.03276069565574721,3.612178991336634
1606,4.1916161279886015e-05,0.8057142857142857,0.0026330650221593308,1.0978504053436884,0.0023158804205834684,0.0,0.0,0.11357604786015973,0.6965380375928217,0.033211358703008974,3.584564511138614
1607,4.176600106529477e-05,0.8042857142857143,0.002541330154284392,1.0977901291139056,0.002500757388525647,0.0,0.0,0.1135707235719898,0.7227759030785891,0.03140931082243967,3.715375541460396
1608,4.161608760959779e-05,0.8028571428571428,0.0030764594379037915,1.097706910407189,0.0021205369054525976,0.0,0.0,0.1139074201040929,0.7438566000154703,0.03204459010964573,3.7317257116336635
1609,4.146642124990558e-05,0.8014285714285714,0.005808774086803493,1.0930179593586686,0.002477349941088532,0.0,0.0,0.11634924653733131,0.6791602408531869,0.03366557206257735,3.854646890470297
1610,4.1317002322772885e-05,0.8,0.0022533483581967874,1.0845503087090973,0.0023635138376007355,0.0,0.0,0.11189013874471777,0.7018148592202971,0.03320554223391089,3.8402981899752477
1611,4.11678311641981e-05,0.7985714285714286,0.0028388340505633024,1.0843876741900302,0.0028181569156940627,0.0,0.0,0.11268668171792927,0.6954261099938119,0.03300121042988088,3.7357576577970297
1612,4.101890810962254e-05,0.7971428571428572,0.005468255996999174,1.0805424333799003,0.0022698099691306106,0.0,0.0,0.11465740506306733,0.7175909363397277,0.03371988428701268,3.6539294554455446
1613,4.087023349392947e-05,0.7957142857142857,0.0043079462455640925,1.0851893849892191,0.0025777235798771715,0.0,0.0,0.11411574807497535,0.7214838915532178,0.03675109561127011,3.507300046410891
1614,4.072180765144373e-05,0.7942857142857143,0.0006113473952996848,1.0758817827347482,0.0018633341416788615,0.0,0.0,0.10913119487243124,0.6893709390470297,0.03546051931853342,3.5475711633663365
1615,4.0573630915930346e-05,0.7928571428571429,0.005050692375343625,1.0753756720240752,0.002053671516081846,0.0,0.0,0.1136150966481407,0.6969368811881188,0.033600457824102724,3.6644202506188117
1616,4.042570362059455e-05,0.7914285714285714,0.004130383935010079,1.0758917797910106,0.002276898829420881,0.0,0.0,0.11285801239237928,0.6955427415300124,0.031508870644144496,3.788975479579208
1617,4.027802609808053e-05,0.79,0.0012749833340692047,1.078009815499334,0.002582427388717568,0.0,0.0,0.11036718002345303,0.7180888865253713,0.03295883329788057,3.783386834777228
1618,4.0130598680470775e-05,0.7885714285714286,0.001056213632668599,1.0860528798386602,0.0028636242524665402,0.0,0.0,0.11109331545263233,0.6843467183632426,0.03271144451481281,3.938679610148515
1619,3.998342169928535e-05,0.7871428571428571,0.003000064024535736,1.0858182505805893,0.0025815950574913514,0.0,0.0,0.1128726878968796,0.7073648282797029,0.0354075290188931,3.9790764232673266
1620,3.983649548548125e-05,0.7857142857142857,0.003355805125862065,1.0916856539131392,0.0025303466769256906,0.0,0.0,0.11378954505861395,0.7035721882735149,0.03266529045482673,4.08344291460396
1621,3.9689820369451474e-05,0.7842857142857143,0.008422837103947554,1.0908846701725874,0.0023675767316121035,0.0,0.0,0.11869509429624765,0.7154238861386139,0.03274014916750464,3.835956837871287
1622,3.9543396681024506e-05,0.7828571428571429,0.005264516477242555,1.0941071179833743,0.0020855428876241757,0.0,0.0,0.11571800052234442,0.7220205174814357,0.0308744222810953,3.695438196163366
1623,3.939722474946329e-05,0.7814285714285714,0.0006868561158085814,1.0920672770774011,0.0019658148416740436,0.0,0.0,0.11087649315595627,0.713557781559406,0.03189313529741646,3.572686223700495
1624,3.925130490346469e-05,0.78,0.003321403619086388,1.1023625076407253,0.0022782804003012155,0.0,0.0,0.11469679650398765,0.7402222888304455,0.03330268482170483,3.8345064975247523
1625,3.910563747115883e-05,0.7785714285714286,0.0008912711671673426,1.0970776765653403,0.0019911240746260223,0.0,0.0,0.11159460268693396,0.7228762182858911,0.032609089766398515,3.678382193688119
1626,3.896022278010807e-05,0.7771428571428571,0.005386028881415282,1.102720804733805,0.0025712784786309844,0.0,0.0,0.11694375034606103,0.6995003577506188,0.03214958870765006,3.819248917079208
1627,3.8815061157306473e-05,0.7757142857142857,0.0010352448219119912,1.1053497968333783,0.003140302133933891,0.0,0.0,0.11314037737279835,0.7537998917079208,0.035469923869217976,4.020005027846534
1628,3.8670152929179114e-05,0.7742857142857142,0.0026776288995648376,1.112895119308245,0.0038039075947795434,0.0,0.0,0.11586909623134255,0.6728261815439357,0.0494059949818224,4.200001933787129
1629,3.852549842158111e-05,0.7728571428571429,0.0039587250292891325,1.101529314966485,0.003592715874264745,0.0,0.0,0.1159080160726415,0.6609793181466584,0.06412075533725248,4.588635133044554
1630,3.838109795979719e-05,0.7714285714285715,0.002155009804680796,1.0897313887530033,0.0022687861309899707,0.0,0.0,0.11226254318020132,0.7095741800742574,0.05026879641089109,4.102084622524752
1631,3.823695186854074e-05,0.77,0.002449746031572323,1.0944647281476767,0.003200949089443726,0.0,0.0,0.11349669511955564,0.7611265276918316,0.04379944754118967,3.922136061262376
1632,3.809306047195306e-05,0.7685714285714286,0.004647090477813589,1.0919813861941348,0.00224670850859706,0.0,0.0,0.11496858431561159,0.7435212088103341,0.04165324598255724,3.6813505569306932
1633,3.7949424093602845e-05,0.7671428571428571,0.001149019982555125,1.08670177318082,0.0024411794075415018,0.0,0.0,0.11103978834234841,0.7335446801516089,0.037874656148476175,3.709844910272277
1634,3.780604305648534e-05,0.7657142857142857,0.0036101971596184342,1.0888805814308695,0.002639701741944657,0.0,0.0,0.1138181080027382,0.7133801148669554,0.03518835388787902,3.7508798731435644
1635,3.7662917683021525e-05,0.7642857142857142,0.005626934626609972,1.095969546549391,0.0037615370670434937,0.0,0.0,0.11710465898608217,0.6717045850092822,0.03656330675181776,3.9861540841584158
1636,3.752004829505746e-05,0.7628571428571429,0.0046832582516835464,1.0833938452276852,0.003927866480051595,0.0,0.0,0.11498657717268065,0.7067133837407178,0.03509015376024907,3.8334670869430694
1637,3.737743521386358e-05,0.7614285714285715,0.00135384533222359,1.0840073280995435,0.001979255551259935,0.0,0.0,0.11074420728600852,0.7429731010210396,0.0370148762617961,3.501711401608911
1638,3.7235078760134026e-05,0.76,0.001902963412870275,1.0868985015566985,0.002586461123572386,0.0,0.0,0.1118860457940857,0.7467935392172029,0.0354461669921875,3.7359220297029703
1639,3.709297925398591e-05,0.7585714285714286,0.0031766631446852544,1.0875058587234798,0.0024485044193377436,0.0,0.0,0.1131515027125283,0.7499589070235149,0.0320781669994392,3.8167736695544554
1640,3.695113701495827e-05,0.7571428571428571,0.003917922994287887,1.0863057546096273,0.0029325644404392245,0.0,0.0,0.11401478223281332,0.7426564433787128,0.03324504890064202,3.730517094678218
1641,3.680955236201193e-05,0.7557142857142858,0.005174259184905798,1.0847127337266904,0.002614739666938422,0.0,0.0,0.11495290401548443,0.7501498685024752,0.03289575860051826,3.616742728960396
1642,3.6668225613528363e-05,0.7542857142857143,0.0016957571969764068,1.0895148964211492,0.0027868655778556695,0.0,0.0,0.11204068178292548,0.7446216545482673,0.03220692247447401,3.6744469368811883
1643,3.6527157087309094e-05,0.7528571428571429,0.001930334706707756,1.0966708034572035,0.002764749548113836,0.0,0.0,0.11297979058310537,0.7603457611386139,0.03167059870049505,4.10017984220297
1644,3.638634710057493e-05,0.7514285714285714,0.0031592562647149115,1.0854971644901994,0.002556752854391084,0.0,0.0,0.11298735034052688,0.7757918858292079,0.03306723113107209,4.185218131188119
1645,3.6245795969965425e-05,0.75,0.0022989242973894177,1.0836737085096906,0.0028288825435966187,0.0,0.0,0.11208073772711329,0.7634905824566832,0.03223857313099474,4.2335628094059405
1646,3.61055040115379e-05,0.7485714285714286,0.0014888343244495957,1.0835644785720524,0.0027018826935595332,0.0,0.0,0.11119622530618517,0.7876460009282178,0.030156654886680075,3.903629718440594
1647,3.596547154076707e-05,0.7471428571428571,0.008956818149821593,1.092503284463788,0.0022017679649513526,0.0,0.0,0.11930803253804104,0.757191270884901,0.033723812292117884,3.773244121287129
1648,3.582569887254384e-05,0.7457142857142858,0.0045355943096156166,1.095772423366509,0.0033771607380156925,0.0,0.0,0.11580141914067882,0.7780399133663366,0.03117808729115099,3.775187577351485
1649,3.568618632117516e-05,0.7442857142857142,0.005388354421547144,1.0909276280072655,0.0027860147913700774,0.0,0.0,0.11587412647976733,0.7696279393564357,0.03177348221882735,3.7894976021039604
1650,3.5546934200383035e-05,0.7428571428571429,0.0027380948978485446,1.095320224761963,0.0032162672917428886,0.0,0.0,0.1138782521875778,0.7719315632735149,0.0304088025990099,3.7364344832920793
1651,3.5407942823303704e-05,0.7414285714285714,0.004850328780046784,1.095739533405493,0.00266041086008657,0.0,0.0,0.1157544891137888,0.7639546913675742,0.03217527181795328,3.707147277227723
1652,3.526921250248711e-05,0.74,0.00470239263359863,1.0999677523527995,0.003403887746436781,0.0,0.0,0.11640111379104086,0.7666281520730198,0.02982217014426052,3.7826810024752477
1653,3.5130743549896246e-05,0.7385714285714285,0.001437662003358992,1.0911075537747676,0.002787782410306667,0.0,0.0,0.1119423097017968,0.7611216932240099,0.030801905263768563,3.626169941212871
1654,3.499253627690628e-05,0.7371428571428571,0.002277311343367737,1.0789804033713766,0.0025310445634933766,0.0,0.0,0.1114408753738545,0.7567344136757426,0.029857899883005877,3.5520575495049505
1655,3.485459099430401e-05,0.7357142857142858,0.0018116596459162118,1.0842653052641613,0.0023100168559767103,0.0,0.0,0.11139320051020915,0.7480613784034653,0.03162006340404548,3.587697246287129
1656,3.471690801228705e-05,0.7342857142857142,0.0029699197131218295,1.0831171899738878,0.002271546655801202,0.0,0.0,0.11241741389921396,0.7464563350866337,0.030500279794825187,3.5198213180693068
1657,3.457948764046311e-05,0.7328571428571429,0.006692532191772272,1.0938833456228274,0.002505464790536478,0.0,0.0,0.11733360190202693,0.7754244662747525,0.029769368691019493,3.2495745668316833
1658,3.4442330187849535e-05,0.7314285714285714,0.0012710695293280158,1.0977179449383576,0.0018907956285750848,0.0,0.0,0.11198826303871551,0.783268390315594,0.028240090549582302,3.301003635519802
1659,3.430543596287233e-05,0.73,0.00786199771089129,1.0989099870813954,0.0025798970846603922,0.0,0.0,0.11904294715069308,0.7716245745668316,0.029164984674737004,3.309889387376238
1660,3.416880527336555e-05,0.7285714285714286,0.009272928285126639,1.0979671903175883,0.001807692600940043,0.0,0.0,0.11997349545507148,0.7735172687190595,0.02927821697575031,3.3241220606435644
1661,3.403243842657076e-05,0.7271428571428571,0.0013468334875484504,1.094679370965108,0.0025107758006060526,0.0,0.0,0.11207016092715877,0.7521948483910891,0.030524301056814664,3.3883914758663365
1662,3.389633572913609e-05,0.7257142857142858,0.003952477090429551,1.0929506344370323,0.002661827410313233,0.0,0.0,0.11457845517019234,0.743429958230198,0.03085312040725557,3.6694916073638613
1663,3.37604974871158e-05,0.7242857142857142,0.008403228282338322,1.090221115858248,0.0023610751257293295,0.0,0.0,0.11860587824099135,0.7741288288985149,0.030020232247834157,3.602858137376238
1664,3.362492400596937e-05,0.7228571428571429,0.0012182551666651623,1.0908536285457044,0.0022155432980611347,0.0,0.0,0.11141139158222935,0.7370218711324258,0.03187251327061417,3.4185102103960396
1665,3.3489615590560945e-05,0.7214285714285714,0.005014477352989782,1.0961494339574682,0.0018618209897335919,0.0,0.0,0.11556033288488293,0.7282956567141089,0.030675302637685642,3.238590655940594
1666,3.335457254515861e-05,0.72,0.0008166021492221568,1.094797153284054,0.0018254355275683625,0.0,0.0,0.11120903632133314,0.7374110457920792,0.02948534370648979,3.217976485148515
1667,3.321979517343385e-05,0.7185714285714286,0.000623907598823604,1.09342623819219,0.0021724510000843446,0.0,0.0,0.1110527586966458,0.7315154122834159,0.033331313935836944,3.2694925742574257
1668,3.30852837784604e-05,0.7171428571428571,0.0014309411370518185,1.0894438878144368,0.0022887676840951774,0.0,0.0,0.11151971513091928,0.7079715539913366,0.032435728771851795,3.2660987778465347
1669,3.29510386627142e-05,0.7157142857142857,0.0005968846380710602,1.0890404446290272,0.002172913975102509,0.0,0.0,0.11058738805574946,0.7153477432704208,0.030283937359800433,3.282956567141089
1670,3.281706012807234e-05,0.7142857142857143,0.0009024468167583541,1.0939773486392332,0.002378769696649512,0.0,0.0,0.11148956794254851,0.7217884630259901,0.02759472686465424,3.387917698019802
1671,3.2683348475812393e-05,0.7128571428571429,0.0025122865001754005,1.0989499871093449,0.0021966666538694225,0.0,0.0,0.11350561973482075,0.7297798383353961,0.028805118976253093,3.5170753403465347
1672,3.254990400661177e-05,0.7114285714285714,0.0006776201621730729,1.0999109331924137,0.002630405218609451,0.0,0.0,0.11198391713718377,0.7651318842821783,0.029777224701229888,3.3923799118193068
1673,3.241672702054711e-05,0.71,0.0031205197740899453,1.1008944110114975,0.0017784683608948796,0.0,0.0,0.11409919642575897,0.7353479366491337,0.032668538612894496,3.4560450185643563
1674,3.228381781709359e-05,0.7085714285714286,0.0036001254500138877,1.0997633402890499,0.0021979296085047812,0.0,0.0,0.1146754256569513,0.7279306543935643,0.03502299998066213,3.533183787128713
1675,3.2151176695124255e-05,0.7071428571428571,0.0014974653425783213,1.1077919572886854,0.002273371155716082,0.0,0.0,0.11341334783499783,0.7394777807858911,0.03407128966680848,3.706006342821782
1676,3.2018803952909125e-05,0.7057142857142857,0.0018311111201154123,1.1080223676001673,0.0028669368390669345,0.0,0.0,0.11406681804668785,0.7333718479269802,0.03278207306814666,3.8400758044554455
1677,3.188669988811493e-05,0.7042857142857143,0.002523089657620628,1.107367713852684,0.00262843067573365,0.0,0.0,0.11457407813851196,0.7297556659962872,0.030481319616336634,3.9413965810643563
1678,3.1754864797804176e-05,0.7028571428571428,0.004888157332592671,1.1056978065188567,0.0028224809208076845,0.0,0.0,0.11686917932906954,0.7197120590965347,0.03124237060546875,4.007503094059406
1679,3.1623298978434456e-05,0.7014285714285715,0.006056917185830598,1.1003410438499828,0.003057356322579556,0.0,0.0,0.11761970168883258,0.7190013923267327,0.031498597400023205,3.8969581528465347
1680,3.1492002725857804e-05,0.7,0.0011253248863291032,1.1051275930782356,0.0027331706851598057,0.0,0.0,0.11300467109621161,0.7522963722153465,0.02776144046594601,3.9322787747524752
1681,3.1360976335320314e-05,0.6985714285714286,0.0014555014227286423,1.105425487650503,0.0024493305725915735,0.0,0.0,0.11322271661593182,0.7283585047957921,0.033981852012105504,3.6568784808168315
1682,3.123022010146096e-05,0.6971428571428571,0.0018431441028519432,1.1058192064266394,0.00265014832006957,0.0,0.0,0.11375014056073557,0.7375887124845297,0.034123940042930075,3.8476659189356437
1683,3.1099734318311495e-05,0.6957142857142857,0.0010358050170511301,1.1010573252592937,0.0022090168337791233,0.0,0.0,0.11224604759475973,0.7519555422339109,0.02939054281404703,3.789923035272277
1684,3.0969519279295176e-05,0.6942857142857143,0.002289236735294361,1.1025458562492143,0.00227821594981464,0.0,0.0,0.1136829318238957,0.7510539139851485,0.029200714413482366,3.699397625309406
1685,3.083957527722673e-05,0.6928571428571428,0.0008530174889186821,1.1053026961808157,0.0032122848403587072,0.0,0.0,0.11298943097048467,0.7604170695389851,0.02998480466332766,3.7738435952970297
1686,3.070990260431129e-05,0.6914285714285714,0.0013831417528119417,1.105172565667936,0.002962812039510423,0.0,0.0,0.1133818054700842,0.7364078937190595,0.03027509934831374,3.7626663056930694
1687,3.058050155214387e-05,0.69,0.0008577832786163481,1.1054841811114018,0.0021615606057803416,0.0,0.0,0.11248698277343618,0.7511433516398515,0.02896571395420792,3.609906791460396
1688,3.0451372411708605e-05,0.6885714285714286,0.00446143034513634,1.1060121696774323,0.002389743795118751,0.0,0.0,0.11625752066916759,0.7890649172339109,0.02707460611173422,3.726784885519802
1689,3.0322515473378343e-05,0.6871428571428572,0.0021998608982799076,1.1060818421958696,0.0023308664500957706,0.0,0.0,0.1139734793122452,0.7572371983292079,0.02807213056205523,3.7479646890470297
1690,3.0193931026913646e-05,0.6857142857142857,0.0008663460243456435,1.1116069342830392,0.0029320838376847994,0.0,0.0,0.11349308328463299,0.7698309870049505,0.02930578855004641,3.7941773669554455
1691,3.0065619361462512e-05,0.6842857142857143,0.0043643220226363385,1.108107056948218,0.0026646987441048316,0.0,0.0,0.11650737847136979,0.7358591816212872,0.027752413608060026,3.743676516089109
1692,2.9937580765559397e-05,0.6828571428571428,0.0007065647088065006,1.1058939518314777,0.0030532601071316472,0.0,0.0,0.11282259203714899,0.742898166769802,0.025780252891011757,4.013584854579208
1693,2.980981552712472e-05,0.6814285714285714,0.0012623607964798956,1.1099174966906558,0.0024662266336560094,0.0,0.0,0.1134872252840807,0.7798890973081684,0.026958352268332302,3.9258779393564356
1694,2.9682323933464293e-05,0.6799999999999999,0.004554668754929363,1.107089879489181,0.0028416089853185397,0.0,0.0,0.11668446269070748,0.7621320969987624,0.02679700190478032,3.9743289758663365
1695,2.9555106271268496e-05,0.6785714285714286,0.004638206471901129,1.1025883396073144,0.003048060712575138,0.0,0.0,0.1164210720522569,0.7141403349319307,0.027522927463644802,4.1021909808168315
1696,2.9428162826611708e-05,0.6771428571428572,0.002966935054795577,1.1006601635772404,0.002464904086802634,0.0,0.0,0.11426540552684576,0.7472540222772277,0.027680651976330444,3.775168239480198
1697,2.9301493884951785e-05,0.6757142857142857,0.000923497067524655,1.1010011670613054,0.0026498023649800966,0.0,0.0,0.11234851705260795,0.7566546449566832,0.025936579940342666,3.834641862623762
1698,2.9175099731129162e-05,0.6742857142857143,0.0005238422810441197,1.1028187286735762,0.0022875079203634476,0.0,0.0,0.11194947074250419,0.7621780244430693,0.028893234706161047,3.822376817759901
1699,2.904898064936649e-05,0.6728571428571428,0.0005403913114920701,1.1017449515880924,0.00238532448054342,0.0,0.0,0.11190755038273216,0.7737154818997525,0.0343465521784112,3.720190671410891
1700,2.8923136923267796e-05,0.6714285714285715,0.0017295035321523648,1.1021167724439414,0.0025940777994415696,0.0,0.0,0.1132382206102409,0.768532932394802,0.03949828195099783,3.507938196163366
1701,2.879756883581786e-05,0.67,0.0012346736275323546,1.0959746400908668,0.0022316004771962277,0.0,0.0,0.1119479393900031,0.7772494778774752,0.03966707286268178,3.379157642326733
1702,2.867227666938176e-05,0.6685714285714286,0.00709106518638016,1.0952437962635908,0.0023682682511585737,0.0,0.0,0.11779958105618411,0.785500705832302,0.038471410770227414,3.2516630569306932
1703,2.854726070570412e-05,0.667142857142857,0.00961071706496843,1.0895820324963863,0.0021672140582727436,0.0,0.0,0.11965252945918849,0.8031017945544554,0.036946173941734994,3.4285465655940595
1704,2.8422521225908232e-05,0.6657142857142857,0.0040516341381733965,1.0886665275781462,0.0024163668225594278,0.0,0.0,0.11412647218987493,0.7854970799814357,0.031174385901724937,3.3420095915841586
1705,2.829805851049594e-05,0.6642857142857143,0.002155997006609888,1.090742028585755,0.0022326909740585698,0.0,0.0,0.11234654663222851,0.7781075959158416,0.02661570936146349,3.417591661509901
1706,2.8173872839346525e-05,0.6628571428571428,0.0008373688722010886,1.0923510530207416,0.0022287261953630997,0.0,0.0,0.11118683860738679,0.7734785929764851,0.028387466279586944,3.4520517481435644
1707,2.804996449171647e-05,0.6614285714285715,0.0012181305354184444,1.096472963248149,0.0027271555864170315,0.0,0.0,0.11222900656780394,0.7736719716893564,0.030097054963064664,3.5057626856435644
1708,2.7926333746238467e-05,0.6599999999999999,0.005029148542054809,1.1005731018462983,0.002716566723789259,0.0,0.0,0.11644474298942208,0.7909842009591584,0.030629677347617575,3.6461846379950495
1709,2.780298088092099e-05,0.6585714285714286,0.0005584604448021049,1.1002235979136854,0.002670841832705174,0.0,0.0,0.11191624284970879,0.7813901995668316,0.03104075818958849,3.5114866955445545
1710,2.7679906173147746e-05,0.6571428571428571,0.0018864512664846854,1.0993375754592443,0.00276430221215423,0.0,0.0,0.11320236103959602,0.787532390934406,0.0312839923518719,3.631816599628713
1711,2.755710989967696e-05,0.6557142857142857,0.005371774002762124,1.1003435094757836,0.0028542672305343106,0.0,0.0,0.11683325926856239,0.7648974125928217,0.03270691220122989,3.6568011293316833
1712,2.74345923366405e-05,0.6542857142857142,0.002153665343723675,1.1001404606469787,0.0026411191582804234,0.0,0.0,0.11348827198000237,0.7637637298886139,0.02841934355178682,3.6173615408415842
1713,2.7312353759543745e-05,0.6528571428571428,0.00038849706254383124,1.103319021734861,0.0024530762116183264,0.0,0.0,0.11194693938930436,0.7760142713490099,0.030031638570351175,3.567624535891089
1714,2.7190394443264688e-05,0.6514285714285715,0.003498429192764924,1.1060823981124577,0.002640084743670921,0.0,0.0,0.11542671284463146,0.758279026144802,0.0310789429315246,3.669989557549505
1715,2.7068714662053256e-05,0.6499999999999999,0.0019590009262066077,1.1035400652649379,0.0025044240686082336,0.0,0.0,0.11356522083872615,0.7796497911509901,0.026932669158029086,3.591332766089109
1716,2.6947314689530827e-05,0.6485714285714286,0.0006870980383736073,1.106924025139006,0.002639248302177005,0.0,0.0,0.11269912654810613,0.7760916228341584,0.028537259243502474,3.560769260519802
1717,2.6826194798689552e-05,0.6471428571428571,0.0033634116891587133,1.1075225431140105,0.002421720858734207,0.0,0.0,0.11532652732169274,0.7647354579207921,0.0315399169921875,3.597839959777228
1718,2.6705355261891813e-05,0.6457142857142857,0.0016909763954653597,1.111964434680372,0.00267978857840771,0.0,0.0,0.11422731565071804,0.7506429842202971,0.03005105198019802,3.775642017326733
1719,2.6584796350869615e-05,0.6442857142857144,0.0007728987401074703,1.111255386088154,0.002756514219396591,0.0,0.0,0.11327669614612466,0.7817648708230198,0.027351757087329828,3.756787592821782
1720,2.6464518336723664e-05,0.6428571428571428,0.004409783990076273,1.1165778129407675,0.0024624182615028047,0.0,0.0,0.11729877648672254,0.7750207882116337,0.028545757331470453,3.842570389851485
1721,2.634452148992329e-05,0.6414285714285715,0.005754961125036278,1.109961208730641,0.003301332075568665,0.0,0.0,0.11840174981568119,0.7844745900371287,0.029884564994585396,3.5749632580445545
1722,2.6224806080305476e-05,0.6399999999999999,0.012439254265610534,1.1154448761798368,0.002875543549373898,0.0,0.0,0.12542151482683597,0.7880859375,0.026702956397934716,3.6913482363861387
1723,2.6105372377074293e-05,0.6385714285714286,0.004804091251427584,1.1132040779189307,0.0035275393074878612,0.0,0.0,0.1178882698168849,0.7792557820235149,0.02955854057085396,3.65416150990099
1724,2.5986220648800316e-05,0.6371428571428571,0.0012011283473803264,1.1126945703336508,0.002906087887030219,0.0,0.0,0.11392363153471805,0.8043128287438119,0.02684149411645266,3.6013981280940595
1725,2.5867351163420182e-05,0.6357142857142857,0.0020930012411410266,1.1099040472861563,0.002855473937568892,0.0,0.0,0.11451114433826787,0.8022025835396039,0.028486572869933478,3.594281791460396
1726,2.5748764188235666e-05,0.6342857142857143,0.0021038381106192523,1.1070376835247078,0.0024044806342848604,0.0,0.0,0.11400984847309566,0.8095316367574258,0.029688617970683787,3.603051516089109
1727,2.5630459989913473e-05,0.6328571428571428,0.006652063588694771,1.1109556703284236,0.002740437244397927,0.0,0.0,0.11911785152584019,0.7861328125,0.029526134528736078,3.7338238706683167
1728,2.5512438834484155e-05,0.6314285714285715,0.002103985019839636,1.1094315760206468,0.0028936036555257875,0.0,0.0,0.11449394618520642,0.7884219330136139,0.02893908661190826,3.5397006497524752
1729,2.539470098734204e-05,0.63,0.0010331138820931464,1.1063894635379905,0.00267500268044855,0.0,0.0,0.11300956310317067,0.7817503674195545,0.02862677243676516,3.594465501237624
1730,2.527724671324429e-05,0.6285714285714286,0.0032532355277845176,1.110629693116292,0.0026839056662007208,0.0,0.0,0.11565815849174367,0.7996983292079208,0.02961096433129641,3.4840849319306932
1731,2.5160076276310344e-05,0.6271428571428571,0.000539139318879288,1.1123307471228119,0.0029834313861308802,0.0,0.0,0.11326393079344589,0.7941193533415841,0.027250988648669556,3.541798808787129
1732,2.5043189940021397e-05,0.6257142857142857,0.001122119808846181,1.1100635339718055,0.0026868152652439513,0.0,0.0,0.11347188203051539,0.8095074644183168,0.028993285528504022,3.504641089108911
1733,2.4926587967219866e-05,0.6242857142857143,0.0028578869187005675,1.1104034563102345,0.0028032407193101187,0.0,0.0,0.115299854390692,0.7992221341274752,0.03268787648418162,3.473323406559406
1734,2.4810270620108606e-05,0.6228571428571428,0.004650993254220132,1.1109501005399345,0.002401587182500614,0.0,0.0,0.11694679844497453,0.8021590733292079,0.028943279001972463,3.400061881188119
1735,2.469423816025055e-05,0.6214285714285714,0.004000326120617366,1.1085604204989896,0.0027400418814320098,0.0,0.0,0.11622639103691176,0.8144192837252475,0.027545286877320545,3.3779586943069306
1736,2.4578490848567928e-05,0.62,0.010870436741278904,1.1074112004572803,0.00227722900906361,0.0,0.0,0.12275017244685994,0.7994662747524752,0.03264912520304765,3.3530998607673266
1737,2.44630289453417e-05,0.6185714285714285,0.0008840481612351861,1.1075792961781568,0.002283242690831649,0.0,0.0,0.11278360071453718,0.785956354424505,0.03247840805809096,3.2993115717821784
1738,2.4347852710211207e-05,0.6171428571428572,0.0017414222849477636,1.1109508618269817,0.002472314102350997,0.0,0.0,0.11407266660492019,0.7917577158106436,0.03428264655689202,3.4921875
1739,2.423296240217325e-05,0.6157142857142857,0.0017250723177843754,1.1110185703428666,0.0029147591178638557,0.0,0.0,0.11428431067431327,0.7610830174814357,0.03452168832911123,3.5420308632425743
1740,2.411835827958169e-05,0.6142857142857143,0.00504110528543444,1.1101484711807552,0.0023641794776465596,0.0,0.0,0.11723804355847954,0.7890649172339109,0.029410258378132735,3.503258431311881
1741,2.4004040600146938e-05,0.6128571428571428,0.003384738976117408,1.104971452514724,0.0020246773592679356,0.0,0.0,0.11489422464429742,0.767068088644802,0.03114352840008122,3.438805306311881
1742,2.389000962093512e-05,0.6114285714285714,0.0013998094024044452,1.1058432961454485,0.002555609146829828,0.0,0.0,0.11326194466045587,0.762649385055693,0.03165080759784963,3.479651724938119
1743,2.3776265598367868e-05,0.61,0.00636392735903806,1.1036821426731525,0.002782699642362912,0.0,0.0,0.11812349349850475,0.7577569036200495,0.03550047921662283,3.55398166769802
1744,2.3662808788221358e-05,0.6085714285714285,0.003163070408719601,1.1050158385002966,0.0025831179760769933,0.0,0.0,0.11495621443384944,0.7531448213180693,0.04065802545830755,3.548035272277228
1745,2.354963944562592e-05,0.6071428571428572,0.004124125226004289,1.1028538800702237,0.002574266380809667,0.0,0.0,0.11569664826487551,0.7216821047339109,0.04904756451597308,3.732547571163366
1746,2.343675782506557e-05,0.6057142857142856,0.0010850176879084936,1.0972420732573707,0.0024806335304764626,0.0,0.0,0.11204954391658896,0.7505124535891089,0.05443021566560953,3.720122988861386
1747,2.332416418037729e-05,0.6042857142857143,0.0030681925761227562,1.0952335454449795,0.002513724593197844,0.0,0.0,0.11384841084185213,0.7651753944925742,0.045905311508934094,3.551873839727723
1748,2.3211858764750424e-05,0.6028571428571429,0.004157168108342898,1.0927266071338464,0.002486139830688273,0.0,0.0,0.11467289998389707,0.7611676206683168,0.0387482218223043,3.554484452351485
1749,2.30998418307262e-05,0.6014285714285714,0.001866883939445609,1.093351434953142,0.0027630001887601874,0.0,0.0,0.11258352887217361,0.7736393390315595,0.03411170279625619,3.5259320853960396
1750,2.298811363019712e-05,0.6000000000000001,0.0023765576136584327,1.0911077874721866,0.0024294947895871495,0.0,0.0,0.11270208546135685,0.7750594639542079,0.03326370692489171,3.503664526608911
1751,2.287667441440649e-05,0.5985714285714285,0.0006259566929080699,1.0919555024345322,0.0023819304565267435,0.0,0.0,0.11101247370243073,0.7595746635210396,0.03594222871383818,3.6416595761138613
1752,2.2765524433947776e-05,0.5971428571428572,0.004490990929379321,1.0915364699788612,0.002314367460622625,0.0,0.0,0.11480182254373437,0.7685788598391089,0.032958455605081996,3.6258798731435644
1753,2.265466393876386e-05,0.5957142857142856,0.0043855504971919675,1.0918833158984043,0.0030679825993340077,0.0,0.0,0.11510787557552357,0.7742968266553217,0.03371931774781482,3.405476485148515
1754,2.2544093178146866e-05,0.5942857142857143,0.0002802594537192052,1.085992438958423,0.002426376172200498,0.0,0.0,0.11009269259353675,0.7825142133353961,0.03235724420830755,3.404209854579208
1755,2.243381240073734e-05,0.5928571428571429,0.0048177435920380126,1.0899702759072332,0.0029707132061867914,0.0,0.0,0.11530012925072472,0.776413114944307,0.028444195737933168,3.4531346689356437
1756,2.2323821854523668e-05,0.5914285714285714,0.003039610415402025,1.0922205436347734,0.0027303148373254886,0.0,0.0,0.11362682282924652,0.7602442373143564,0.02723954455687268,3.5683497060643563
1757,2.221412178684164e-05,0.5900000000000001,0.0022955061037941735,1.090147876503444,0.0029316887586253075,0.0,0.0,0.1127761401014753,0.7545323135829208,0.026077874816290224,3.6540068069306932
1758,2.21047124443739e-05,0.5885714285714285,0.005560586690017492,1.0900862016300163,0.003261919947840172,0.0,0.0,0.11620016823900808,0.7523108756188119,0.028890326471612004,3.756947130259901
1759,2.1995594073149223e-05,0.5871428571428572,0.0016890910666177768,1.0867873324025976,0.0033125581212876606,0.0,0.0,0.11202410520008295,0.7324919747834159,0.02961519449064047,3.743144724628713
1760,2.188676691854225e-05,0.5857142857142857,0.0015223166066231115,1.087582548065941,0.0024032508612039562,0.0,0.0,0.11148219813804815,0.724875270730198,0.028015741027227724,3.6614905631188117
1761,2.177823122527249e-05,0.5842857142857143,0.002135693141729525,1.0907780085459795,0.0022499482321010045,0.0,0.0,0.1123384700553252,0.7427918084777227,0.029342273674388922,3.5258934096534653
1762,2.1669987237404306e-05,0.5828571428571429,0.002424032159961096,1.0952992923188918,0.002177770732064031,0.0,0.0,0.1130428480187265,0.7511288482363861,0.031657530529664295,3.3914275216584158
1763,2.1562035198346016e-05,0.5814285714285714,0.001407710337402797,1.097246229058445,0.002066689520967821,0.0,0.0,0.11216567980475944,0.751687229269802,0.034057390571820854,3.36048692759901
1764,2.145437535084941e-05,0.58,0.00238866130314251,1.098138433871883,0.002197982150139771,0.0,0.0,0.11330149713719245,0.7623109723081684,0.034273581929726175,3.2923402691831685
1765,2.1347007937009188e-05,0.5785714285714285,0.0007338658860414335,1.0984845928626485,0.002137767613093463,0.0,0.0,0.11165121064917875,0.7412085202660891,0.03390298975576268,3.435614557549505
1766,2.1239933198262552e-05,0.5771428571428572,0.0029824590402664523,1.1013808628120045,0.0023674122763839137,0.0,0.0,0.11430425278030999,0.741032062190594,0.032937153731242265,3.5038675742574257
1767,2.113315137538849e-05,0.5757142857142857,0.003916259523075406,1.1061701562144968,0.002225042460111689,0.0,0.0,0.11564579797853337,0.7578523843595297,0.034656713504602414,3.6527595142326734
1768,2.1026662708507372e-05,0.5742857142857143,0.0026475414264910293,1.106848123049972,0.002590892729185185,0.0,0.0,0.11462780139823951,0.7527387260210396,0.03228163011003249,3.7369469368811883
1769,2.0920467437080284e-05,0.5728571428571428,0.0021892184078103243,1.1068994290757888,0.0025879182608735903,0.0,0.0,0.1141731218241229,0.7549795018564357,0.034857646073445235,3.7213896194306932
1770,2.081456579990856e-05,0.5714285714285714,0.0011677716185550877,1.1071432156137901,0.0024175748930796506,0.0,0.0,0.11309088161676237,0.755715549582302,0.03380456301245359,3.629631420173267
1771,2.070895803513332e-05,0.57,0.003345561831599415,1.1087807664776792,0.002186003378870503,0.0,0.0,0.11531664084384938,0.7593111850247525,0.0341762127262531,3.4586362933168315
1772,2.0603644380234778e-05,0.5685714285714285,0.00048217273289614384,1.1106213354828334,0.0018121037378072702,0.0,0.0,0.11245035948139606,0.7680132271039604,0.03334763026473546,3.548523553527228
1773,2.049862507203173e-05,0.5671428571428572,0.000675706543249659,1.1111959337007882,0.0026725951034263337,0.0,0.0,0.11313159911349269,0.7543220142326733,0.03565148079749381,3.4817353805693068
1774,2.0393900346681235e-05,0.5657142857142857,0.00567217215453044,1.10975181112195,0.0028804873348208544,0.0,0.0,0.11808759940437752,0.7618480720142327,0.03185204232093131,3.656559405940594
1775,2.0289470439677768e-05,0.5642857142857143,0.0038596873014870255,1.1077724943066587,0.0028371034008123747,0.0,0.0,0.11605548961917952,0.7620450765779703,0.03160404922938583,3.6001121596534653
1776,2.0185335585852947e-05,0.5628571428571428,0.0009681451512445318,1.1062641970001825,0.002012764480583644,0.0,0.0,0.11260094884598609,0.7765267249381188,0.03310182779142172,3.4667678681930694
1777,2.0081496019374865e-05,0.5614285714285714,0.0013977040970089413,1.1055448444763032,0.0022835574668398735,0.0,0.0,0.11309396903408636,0.7645795463335396,0.03298580056369895,3.329488319925743
1778,1.9977951973747562e-05,0.56,0.0014774399892528458,1.105841834946434,0.0013564439630157506,0.0,0.0,0.1127398469217933,0.7676409730816832,0.03492751924118193,3.4196414758663365
1779,1.9874703681810595e-05,0.5585714285714286,0.0032702582602453702,1.1059130205966459,0.0020289586008411698,0.0,0.0,0.11487604146546657,0.7645867980352723,0.03409878570254486,3.42982286509901
1780,1.9771751375738535e-05,0.5571428571428572,0.0005881450332627438,1.1064478288782704,0.0022487387666320266,0.0,0.0,0.11235729863147924,0.7610346728032178,0.03374919324818224,3.449025371287129
1781,1.9669095287040137e-05,0.5557142857142856,0.0020985060030280956,1.1081027783969841,0.002225310951556335,0.0,0.0,0.11402144150273634,0.7655742380878713,0.03399831941812345,3.399539758663366
1782,1.9566735646558293e-05,0.5542857142857143,0.005375431979646777,1.1087665876539627,0.0023413441223677335,0.0,0.0,0.11742276536061032,0.767100721302599,0.031291017437925436,3.495339573019802
1783,1.9464672684469124e-05,0.5528571428571428,0.0006819376260927408,1.108937634099828,0.0018748325588099346,0.0,0.0,0.1125131188200252,0.7629213238706684,0.03046968667814047,3.570554223391089
1784,1.9362906630281716e-05,0.5514285714285714,0.0020758756021461862,1.1093281637323964,0.0026869631913694608,0.0,0.0,0.11435217535731816,0.7794370745668316,0.028540507401570235,3.6328850170173266
1785,1.9261437712837395e-05,0.55,0.002119297032604123,1.1083017988960342,0.0023061650491660772,0.0,0.0,0.11410256135876816,0.7736743889232673,0.02810835130143874,3.691667311262376
1786,1.9160266160309348e-05,0.5485714285714285,0.00380726424184176,1.1073461853631652,0.001986604133773005,0.0,0.0,0.11553518724913645,0.7519217009591584,0.02993272082640393,3.5666963180693068
1787,1.9059392200202133e-05,0.5471428571428572,0.002176986140484857,1.104725428146891,0.0024945057199813776,0.0,0.0,0.11389678259297173,0.7585944751701733,0.029291285146581063,3.5818427057549505
1788,1.8958816059351107e-05,0.5457142857142857,0.002796902367384127,1.1050272271184638,0.0020939725129012167,0.0,0.0,0.1143466122817285,0.7796256188118812,0.028336251136099937,3.4974522354579207
1789,1.8858537963921777e-05,0.5442857142857143,0.0053132545239854565,1.1063069305797615,0.002223741235578171,0.0,0.0,0.1170558193975156,0.7623665686881188,0.028167649070815284,3.5623356280940595
1790,1.8758558139409594e-05,0.5428571428571429,0.0020230600960773996,1.1070748272508677,0.0022758710011378815,0.0,0.0,0.11386848027163213,0.7670463335396039,0.030952378074721534,3.45187770730198
1791,1.8658876810639282e-05,0.5414285714285714,0.007616306516793694,1.106226602403244,0.001976048632977746,0.0,0.0,0.11922699176143892,0.769108234065594,0.0301390544022664,3.559193224009901
1792,1.855949420176424e-05,0.54,0.0023957160808662377,1.105083480919942,0.0018177094081495105,0.0,0.0,0.11381291966922212,0.7808632425742574,0.02821334989944307,3.4378819229579207
1793,1.8460410536266213e-05,0.5385714285714286,0.0014427113577280895,1.1071189453106116,0.0018660595423630139,0.0,0.0,0.11308763685202834,0.7623641514542079,0.029514803744778776,3.431060488861386
1794,1.8361626036954626e-05,0.5371428571428571,0.00013664936517724895,1.1084501212186153,0.0019429144529675626,0.0,0.0,0.11195311975656169,0.7744479037747525,0.02929120960802135,3.4226388459158414
1795,1.8263140925966288e-05,0.5357142857142856,0.0033750694134447833,1.1101318208297881,0.0020253033209414887,0.0,0.0,0.11540090536126996,0.7594030399133663,0.02985253664526609,3.4621267790841586
1796,1.8164955424764753e-05,0.5342857142857143,0.0015222242120468972,1.1121610426666713,0.0019496497569178083,0.0,0.0,0.11371315528850744,0.7628596844059405,0.030488949010867884,3.5140973081683167
1797,1.806706975413968e-05,0.5328571428571428,0.0005012949430706477,1.1109423991477136,0.0020793342224387384,0.0,0.0,0.11263520329600514,0.7601282100866337,0.031085023785581683,3.558840307858911
1798,1.79694841342067e-05,0.5314285714285714,0.0008813287730854337,1.1117563271286464,0.002299313053425625,0.0,0.0,0.11320661967343623,0.7561881188118812,0.03360570775400294,3.5685914294554455
1799,1.7872198784406654e-05,0.53,0.00042454522139955274,1.1142669774518155,0.002214134333794706,0.0,0.0,0.11295831173953444,0.7566981551670792,0.03280673640789372,3.490969214108911
1800,1.7775213923505146e-05,0.5285714285714285,0.0050442855768274555,1.1145114461974341,0.0018665312811100363,0.0,0.0,0.11742869690798297,0.7414840849319307,0.03201210852896813,3.486415145420792
1801,1.767852976959202e-05,0.5271428571428571,0.001330571156917232,1.1150363400430963,0.0022376272881056048,0.0,0.0,0.11395302060807105,0.7523713064665841,0.028356571008663366,3.5345906172648514
1802,1.758214654008105e-05,0.5257142857142857,0.0010047783282133612,1.1166552269812857,0.00176934333004364,0.0,0.0,0.11355497451997039,0.7561615292388614,0.031397753422803217,3.418171797648515
1803,1.748606445170921e-05,0.5242857142857142,0.003957270690710238,1.1173360088084003,0.001671998739730403,0.0,0.0,0.11652687250977696,0.763427734375,0.03168989880250232,3.430780089727723
1804,1.7390283720536378e-05,0.5228571428571429,0.0005612692399190204,1.1197222152558883,0.001983637071990046,0.0,0.0,0.11352531043904843,0.764781385365099,0.03213145945331838,3.472066444925743
1805,1.7294804561944663e-05,0.5214285714285714,0.0013926173422006097,1.121583846536013,0.002058071771970579,0.0,0.0,0.11458003941443887,0.765069036200495,0.03347687674040842,3.4278117264851486
1806,1.719962719063812e-05,0.52,0.0005823959513465957,1.1221126908122903,0.002436617071790613,0.0,0.0,0.11401197520813139,0.7771962987314357,0.03221583602452042,3.5224512685643563
1807,1.7104751820642177e-05,0.5185714285714286,0.0011929068529959953,1.1220601891527082,0.002087819662703245,0.0,0.0,0.11444283756289152,0.7725817991955446,0.03215532963818843,3.4702003403465347
1808,1.70101786653031e-05,0.5171428571428571,0.002620273408028159,1.1204955082128543,0.0022619516682002225,0.0,0.0,0.11580080125886615,0.7535895923576733,0.03203654525303604,3.5011215965346536
1809,1.6915907937287568e-05,0.5157142857142858,0.002114509555077789,1.1239396900233656,0.0020831912298661446,0.0,0.0,0.11555007601728534,0.7617598429764851,0.030927148195776608,3.4963016321163365
1810,1.6821939848582254e-05,0.5142857142857142,0.0035788090438535897,1.1222806118502475,0.0022266643387987336,0.0,0.0,0.11692020385572226,0.7759054958230198,0.033254189066367575,3.461188892326733
1811,1.67282746104932e-05,0.5128571428571429,0.006504771106018878,1.1215206479082014,0.002142200701020538,0.0,0.0,0.11972793789193181,0.7803314511138614,0.03318091666344369,3.5061591120049505
1812,1.663491243364551e-05,0.5114285714285715,0.0019060606413548536,1.1209765153356117,0.0018350105571275574,0.0,0.0,0.11492121890924945,0.7633914758663366,0.03200432805731745,3.525854733910891
1813,1.6541853527982727e-05,0.51,0.0008646980075552913,1.120970342418935,0.002176469766961625,0.0,0.0,0.11404996793163885,0.7618106048886139,0.030711334530669866,3.57053005105198
1814,1.6449098102766448e-05,0.5085714285714287,0.0023330412067399165,1.1214748916059438,0.0023381771070039533,0.0,0.0,0.11564962005261148,0.7572831257735149,0.028503946738668007,3.532545637376238
1815,1.6356646366575867e-05,0.5071428571428571,0.00046936540615440597,1.1230167339343835,0.0021164691670582225,0.0,0.0,0.11382927494769049,0.7604883779393564,0.02976566730159344,3.5387240872524752
1816,1.626449852730725e-05,0.5057142857142857,0.0015093309823239205,1.1206445693969727,0.0021182519686581236,0.0,0.0,0.11463291522594962,0.7774380221225248,0.02798930253132735,3.5744749767945545
1817,1.6172654792173438e-05,0.5042857142857142,0.0006358489615492302,1.1192941984327713,0.0020239040029019356,0.0,0.0,0.11357722276508218,0.7776483214727723,0.028768218389832147,3.596457301980198
1818,1.6081115367703533e-05,0.5028571428571429,0.0004624350752570842,1.1181690291603013,0.002097567321434686,0.0,0.0,0.11332812307789775,0.7709477490717822,0.029410409455252164,3.600392558787129
1819,1.598988045974224e-05,0.5014285714285713,0.002154255599373638,1.1177684387358109,0.0023338087720739986,0.0,0.0,0.11509800495782702,0.7635727684096535,0.030024386868618504,3.617032797029703
1820,1.589895027344958e-05,0.5,0.0012320740388171508,1.1178263295995128,0.002119420560966949,0.0,0.0,0.11407441933556359,0.7679189549814357,0.029306392858524134,3.5801361386138613
1821,1.5808325013300292e-05,0.49857142857142855,0.0016164965558760236,1.1161691162845877,0.0025508710995300944,0.0,0.0,0.11450884535466091,0.7678826964727723,0.027924112754293007,3.633764890160891
1822,1.571800488308342e-05,0.4971428571428571,0.0007120295621380947,1.1174354930915456,0.0024079951962818033,0.0,0.0,0.1136595779421306,0.7715810643564357,0.02909541366123917,3.6558245668316833
1823,1.562799008590188e-05,0.49571428571428566,0.000991624512589804,1.1128649534565387,0.002211384843045236,0.0,0.0,0.11338381417612038,0.7696279393564357,0.02977835777962562,3.547542156559406
1824,1.5538280824172062e-05,0.4942857142857142,0.0036830300520552268,1.1151442291712996,0.002109986766497806,0.0,0.0,0.11625244815160732,0.7733504795792079,0.02990254317179765,3.503746712561881
1825,1.5448877299623096e-05,0.4928571428571429,0.0025878514319953353,1.1157896341663776,0.002093135789553992,0.0,0.0,0.11521338464895098,0.7907158879950495,0.0296945855169013,3.418761602722772
1826,1.535977971329684e-05,0.49142857142857144,0.0002182466485122643,1.1154322093076046,0.0021870753033917845,0.0,0.0,0.11285500634129685,0.7842836285581684,0.029613608180886448,3.4003326113861387
1827,1.527098826554701e-05,0.49,0.003109141409692198,1.1135623750120107,0.002098648565998422,0.0,0.0,0.11551470523423488,0.7923185140779703,0.030272870960802136,3.3319780708539604
1828,1.5182503156039043e-05,0.48857142857142855,0.003242375863955753,1.1147683516587361,0.0022331993111425383,0.0,0.0,0.11583581286491734,0.7971964921101485,0.03246711504341352,3.310459854579208
1829,1.5094324583749382e-05,0.4871428571428571,0.0004272725027386505,1.1137964194363887,0.002133252882780617,0.0,0.0,0.11287354316451761,0.7884702776918316,0.03125423015934406,3.36048692759901
1830,1.5006452746965245e-05,0.48571428571428577,0.001316474437123478,1.109141212878841,0.0022420822287770505,0.0,0.0,0.1133516388069285,0.7770125889542079,0.03371108404480585,3.277102026608911
1831,1.491888784328406e-05,0.4842857142857143,0.00043909487747909997,1.1092559016577088,0.0023834218338721473,0.0,0.0,0.1125563976935821,0.7800365485767327,0.032447059555809094,3.382551438737624
1832,1.4831630069613127e-05,0.4828571428571429,0.0034623657639073855,1.1095603527409015,0.002226966230652876,0.0,0.0,0.11553188560917826,0.7662752359220297,0.03232325185643564,3.517626469678218
1833,1.4744679622168953e-05,0.48142857142857143,0.0015701162121673621,1.1091394955568974,0.0019186809788134449,0.0,0.0,0.11344340834582206,0.7802589340965347,0.03347022934715346,3.493845722462871
1834,1.46580366964771e-05,0.48,0.0038317547059885347,1.1066390948720497,0.0021444603089458714,0.0,0.0,0.11556789596187006,0.7690163791769802,0.03379315668993657,3.515470297029703
1835,1.4571701487371552e-05,0.47857142857142854,0.0032802733159301304,1.106856113613242,0.00218640058850688,0.0,0.0,0.11505908629681805,0.7751585705445545,0.03386846863397277,3.6108350092821784
1836,1.4485674188994348e-05,0.4771428571428571,0.0012843986180159125,1.1056243735964935,0.0022751827820216156,0.0,0.0,0.11298442927032414,0.7793017094678217,0.0367097004805461,3.527097192141089
1837,1.4399954994795097e-05,0.47571428571428565,0.0014174614507373017,1.102415660820385,0.0023764478092284705,0.0,0.0,0.11284725294254794,0.7857702274133663,0.03242420914149521,3.5857731280940595
1838,1.4314544097530543e-05,0.4742857142857142,0.004121995540243564,1.1014783565360722,0.002021110672995017,0.0,0.0,0.1152803883104041,0.7757725479579208,0.033050537109375,3.491539681311881
1839,1.4229441689264267e-05,0.47285714285714286,0.002403995225040039,1.1038468651252218,0.0021411784701101198,0.0,0.0,0.1138592718703912,0.7771407023514851,0.032761677657023515,3.4984626392326734
1840,1.4144647961366144e-05,0.4714285714285714,0.001216827237074918,1.1025965249184335,0.002653561893161582,0.0,0.0,0.11280326183774683,0.7666619933477723,0.032545486299118194,3.588548112623762
1841,1.4060163104511745e-05,0.47,0.0029860865877996577,1.102220916511989,0.002207117246467929,0.0,0.0,0.1143117378843893,0.7838388575185643,0.03418399319790377,3.623423963490099
1842,1.3975987308682261e-05,0.4685714285714285,0.0017283984856440288,1.1023516466121863,0.002379173570973015,0.0,0.0,0.11315315246286958,0.7675757077660891,0.03369820472037438,3.642578125
1843,1.3892120763163889e-05,0.4671428571428571,0.0005568505661322339,1.1050246505454036,0.0026041196116500147,0.0,0.0,0.1123613769022545,0.7872544090346535,0.03358527457359994,3.546285194925743
1844,1.3808563656547335e-05,0.46571428571428575,0.0005225927596635158,1.1061094975707555,0.0025758420553108523,0.0,0.0,0.11242146568723244,0.7929131536200495,0.03308471830764619,3.5229395498143563
1845,1.3725316176727476e-05,0.4642857142857143,0.00539785092419917,1.104715909108077,0.002440028962812696,0.0,0.0,0.11708945736731632,0.7688060798267327,0.03356684316502939,3.5814607827970297
1846,1.3642378510903006e-05,0.46285714285714286,0.001575811222048089,1.1049349603086416,0.0023608184081978724,0.0,0.0,0.1132497172987107,0.7852553565903465,0.03313997476407797,3.519918007425743
1847,1.3559750845575824e-05,0.4614285714285714,0.0026133232703893492,1.1057750871866057,0.0019307344638477978,0.0,0.0,0.11415620096544228,0.7920236115408416,0.03211967543800279,3.54283338490099
1848,1.3477433366550902e-05,0.45999999999999996,0.0019209631672590087,1.1046661764088244,0.0024121871115717606,0.0,0.0,0.11359367615515643,0.792125135365099,0.03410210939917234,3.46080213490099
1849,1.3395426258935516e-05,0.45857142857142863,0.0028515573554109817,1.1033719423973913,0.0022230315356648474,0.0,0.0,0.11430026878519814,0.7914652305074258,0.036784105961865717,3.5201403929455446
1850,1.331372970713908e-05,0.4571428571428572,0.001108670256810613,1.1048787548990533,0.0020602770328238904,0.0,0.0,0.1126266862496291,0.7860264542079208,0.03491142952796256,3.5380279238861387
1851,1.3232343894872717e-05,0.45571428571428574,0.0021322341543613095,1.1077403290437,0.002741288864592999,0.0,0.0,0.11427691269038927,0.7954053217821783,0.035850109440265315,3.540996287128713
1852,1.3151269005148716e-05,0.4542857142857143,0.004384692905858012,1.1063949282806698,0.002535028797379115,0.0,0.0,0.11629170326903315,0.7829493154393564,0.03567096974590037,3.4116549350247523
1853,1.3070505220280217e-05,0.45285714285714285,0.0030567463081662017,1.103749661162348,0.0022397889141316093,0.0,0.0,0.11455160851525788,0.7853206219059405,0.03587809647663985,3.4443214340965347
1854,1.29900527218808e-05,0.4514285714285714,0.002225492075823321,1.104015887373745,0.0019502645184972904,0.0,0.0,0.11360221503689738,0.7796232015779703,0.03588776541228342,3.4631226794554455
1855,1.2909911690863992e-05,0.44999999999999996,0.001336079312138038,1.1045419054456276,0.002436817412654089,0.0,0.0,0.1130086805413265,0.7853206219059405,0.037919979284305384,3.353641321163366
1856,1.2830082307442997e-05,0.4485714285714285,0.0005324142846730676,1.1023475557270617,0.0023696481817246915,0.0,0.0,0.11195199582541343,0.7790696550123762,0.038019614644569925,3.463620629641089
1857,1.2750564751130245e-05,0.44714285714285706,0.0009588561583273482,1.1065638313199033,0.0020660027659309124,0.0,0.0,0.11264824151697725,0.8010495629641089,0.03868684674253558,3.410407642326733
1858,1.2671359200736771e-05,0.4457142857142856,0.005222245165617159,1.104213315661591,0.002527046288648334,0.0,0.0,0.11690710071880038,0.7908149945853961,0.039643391524211015,3.414173692759901
1859,1.2592465834372238e-05,0.4442857142857143,0.0013086591469179286,1.104149040609303,0.0023180096085714396,0.0,0.0,0.11288257016993986,0.7899012801670792,0.03793999700262995,3.4283048422029703
1860,1.2513884829444127e-05,0.44285714285714284,0.0009354028740141652,1.1051103726472005,0.0018944259351189997,0.0,0.0,0.11239365480913974,0.794677734375,0.03764849370068843,3.4021310334158414
1861,1.2435616362657658e-05,0.4414285714285714,0.0011292911033229072,1.1053868520377885,0.0021643553325810727,0.0,0.0,0.11275015535331008,0.7795361811571783,0.038194750795269954,3.518303295173267
1862,1.2357660610015103e-05,0.43999999999999995,0.0016883767698660935,1.1051642139359277,0.0021644315047794436,0.0,0.0,0.11328701556909203,0.7923185140779703,0.03748865410833076,3.4096728032178216
1863,1.2280017746815608e-05,0.4385714285714285,0.003212952451540692,1.1074169413878185,0.0022855317749579823,0.0,0.0,0.11509741355877111,0.7811919863861386,0.03870720438437887,3.477287670173267
1864,1.2202687947654724e-05,0.43714285714285717,0.001519743131824059,1.1060534715652466,0.0023983303858000397,0.0,0.0,0.11332425748062606,0.7920961285581684,0.037993629380027844,3.489103109529703
1865,1.212567138642405e-05,0.4357142857142857,0.0024143625972884715,1.106681749372199,0.002396933690292961,0.0,0.0,0.11428100586232573,0.7887627629950495,0.03780493405785891,3.5452699566831685
1866,1.2048968236310686e-05,0.4342857142857143,0.010186491847628414,1.1094337701797485,0.0023789250707261884,0.0,0.0,0.12231933163239224,0.7933530901918316,0.03657713030824567,3.6380337252475248
1867,1.1972578669797088e-05,0.43285714285714283,0.0074421460601952994,1.1107494831085205,0.002103359572165663,0.0,0.0,0.11956877563849534,0.7907980739480198,0.036794228128867575,3.5199373452970297
1868,1.1896502858660501e-05,0.4314285714285714,0.0031588025538638086,1.1099291756601617,0.0024908764298203043,0.0,0.0,0.11539715912082407,0.7846244585396039,0.03853146392520111,3.5665512840346536
1869,1.1820740973972638e-05,0.43000000000000005,0.004621347873517782,1.110667059917261,0.0021958278919573604,0.0,0.0,0.11678596925322372,0.7961957572710396,0.039032209037554146,3.5621615872524752
1870,1.1745293186099293e-05,0.4285714285714286,0.0019965737615481463,1.1076696768845662,0.002109647022194568,0.0,0.0,0.11381836619117472,0.7999980662128713,0.03824007393109916,3.5454149907178216
1871,1.16701596646999e-05,0.42714285714285716,0.007725561756898861,1.1072946916712392,0.0021404248732098926,0.0,0.0,0.11952524580577813,0.8075084119740099,0.035152246456335086,3.5239982982673266
1872,1.1595340578727286e-05,0.4257142857142857,0.0018363041010233435,1.108319621274967,0.002087800749031525,0.0,0.0,0.11371216790215803,0.7957268138923267,0.03436143327467513,3.5239209467821784
1873,1.1520836096427188e-05,0.42428571428571427,0.0012454035332297335,1.106754469399405,0.0020095096430066965,0.0,0.0,0.11292560708404768,0.8026570235148515,0.03329192057694539,3.538153620049505
1874,1.1446646385337782e-05,0.4228571428571428,0.0015787233663077402,1.1044835737436125,0.0021364362612507873,0.0,0.0,0.1130953002536651,0.8043418355507426,0.03398049231803063,3.4918490872524752
1875,1.1372771612289565e-05,0.4214285714285714,0.0010517978358386766,1.1039293018898162,0.002329186226026902,0.0,0.0,0.11260932270843203,0.7997104153774752,0.035138120745668314,3.4971283261138613
1876,1.1299211943404787e-05,0.41999999999999993,0.0034186454618921375,1.1038831425185252,0.002152910933609116,0.0,0.0,0.1148834168763444,0.7946293896967822,0.03561091659092667,3.491926438737624
1877,1.1225967544097086e-05,0.4185714285714285,0.00034472125001473004,1.1038887866652838,0.001975343057181655,0.0,0.0,0.11172127347476411,0.8097878635519802,0.03583194241665377,3.4618560488861387
1878,1.1153038579071164e-05,0.41714285714285715,0.0018827184149534395,1.1056254216940096,0.0019404476378179307,0.0,0.0,0.11341548585655666,0.8001455174814357,0.035726112894492575,3.456315748762376
1879,1.1080425212322442e-05,0.4157142857142857,0.0035384689817334167,1.1044352798178645,0.0019432879877544704,0.0,0.0,0.11495364199180415,0.7974793084777227,0.03476503579923422,3.381246132425743
1880,1.1008127607136602e-05,0.41428571428571426,0.0012010248875854038,1.1025805756597236,0.0022152179792623663,0.0,0.0,0.11256669321567705,0.8045182936262376,0.03858086614325495,3.3947633044554455
1881,1.0936145926089373e-05,0.4128571428571428,0.000511543880594839,1.1033125065340854,0.0018972346987998162,0.0,0.0,0.1117914142732573,0.7916078473081684,0.03628419177366955,3.4086285581683167
1882,1.0864480331045915e-05,0.41142857142857137,0.0009965629934674443,1.101743477405888,0.0022996901286682944,0.0,0.0,0.11232075729582569,0.7794902537128713,0.037406694771039604,3.3345016630569306
1883,1.0793130983160693e-05,0.41000000000000003,0.00228031256263799,1.1041956124919476,0.0019435421933876298,0.0,0.0,0.11367164603849449,0.7993695853960396,0.036770886713915533,3.3657371596534653
1884,1.072209804287708e-05,0.4085714285714286,0.0006327281641488028,1.1043057441711426,0.002009222796428136,0.0,0.0,0.11206791572051474,0.7941580290841584,0.037871785683206996,3.3304358756188117
1885,1.0651381669926827e-05,0.40714285714285714,0.0021445539475667594,1.1021998754822382,0.001945564882742762,0.0,0.0,0.11333732498754369,0.8046875,0.03515005583810334,3.2934618657178216
1886,1.0580982023329869e-05,0.4057142857142857,0.00130144469808824,1.0998661895789723,0.001550411329403552,0.0,0.0,0.11206327032039662,0.7919631806930693,0.03412288250309406,3.3086324257425743
1887,1.0510899261393973e-05,0.40428571428571425,0.002338087794804337,1.0998364332878943,0.0015107452044242446,0.0,0.0,0.1130771047555574,0.7898577699566832,0.03406358473371751,3.3364886293316833
1888,1.0441133541714234e-05,0.4028571428571429,0.0013946784973734676,1.0985506300878998,0.001756993341001758,0.0,0.0,0.11212824019465116,0.7903774752475248,0.03350837631980971,3.374042775371287
1889,1.0371685021172873e-05,0.40142857142857147,0.004026859777398629,1.0984026937201472,0.0019005692140108474,0.0,0.0,0.11481741542863373,0.7959177753712872,0.032617550085086634,3.362498066212871
1890,1.0302553855938824e-05,0.4,0.0008160345035024208,1.0974540297347721,0.001649963462474297,0.0,0.0,0.11138642048186595,0.790304958230198,0.032990257338722156,3.4487836478960396
1891,1.0233740201467345e-05,0.3985714285714286,0.0018503944767583715,1.1011191618324507,0.0017702487927482875,0.0,0.0,0.11284743677271475,0.7991568688118812,0.03158780843904703,3.460889155321782
1892,1.0165244212499759e-05,0.39714285714285713,0.00023299949889135833,1.1006114943192737,0.002359357432513855,0.0,0.0,0.1114738289967622,0.7917432124071783,0.03178942085492729,3.542765702351485
1893,1.0097066043063017e-05,0.3957142857142858,0.003315473252003736,1.100018267584319,0.0021194756569133063,0.0,0.0,0.11437703905129197,0.7873946086014851,0.03206600529132503,3.5161277846534653
1894,1.002920584646937e-05,0.39428571428571424,0.00038479017739248745,1.0987398813266565,0.0017656643495314766,0.0,0.0,0.11114161203403285,0.7757314549814357,0.03027880073773979,3.5332418007425743
1895,9.961663775316132e-06,0.3928571428571428,0.0030805697240451776,1.1015360721267096,0.002075715590438962,0.0,0.0,0.1142720364698089,0.775035291615099,0.03335163380840037,3.594484839108911
1896,9.894439981485123e-06,0.39142857142857135,0.001444472092213017,1.101382309847539,0.0018782403381775643,0.0,0.0,0.11252182486033675,0.7642786007116337,0.0342525066715656,3.6059521967821784
1897,9.827534616142586e-06,0.3899999999999999,0.00021965532462195594,1.100812563801756,0.0018025991229487681,0.0,0.0,0.11120221291733261,0.7676288869121287,0.03258839220103651,3.6126044245049505
1898,9.760947829738627e-06,0.38857142857142857,0.001700332886216664,1.098296623418827,0.0022817731491393193,0.0,0.0,0.11267088309373005,0.7687069732363861,0.03206600529132503,3.640508972772277
1899,9.694679772006933e-06,0.3871428571428571,0.0027590221402668718,1.0999454212660837,0.0022384897238585874,0.0,0.0,0.11387281112446643,0.7568190168626238,0.034197287984413675,3.6548383353960396
1900,9.628730591964557e-06,0.3857142857142857,0.0039777431157555915,1.0983424186706543,0.0021820473831203435,0.0,0.0,0.11490301013287932,0.7731546836324258,0.030827512835512067,3.601543162128713
1901,9.563100437911497e-06,0.38428571428571423,0.003957342540863717,1.0982854673177889,0.002188128937749491,0.0,0.0,0.11487995449564245,0.777121364480198,0.03170451551380724,3.646571395420792
1902,9.497789457430225e-06,0.3828571428571428,0.0008662026928793086,1.098877216329669,0.0019656861306141917,0.0,0.0,0.11173676950211572,0.7804402266398515,0.03040117320447865,3.585753790222772
1903,9.432797797385636e-06,0.38142857142857145,0.0003989774475593378,1.098230286399917,0.0022409597304161224,0.0,0.0,0.11134248728504276,0.7773074914913366,0.031313376851601175,3.6914836014851486
1904,9.368125603924453e-06,0.38,0.0007810531054983045,1.0976247138316089,0.0020459520587927287,0.0,0.0,0.11156650219518359,0.7746001895111386,0.029512084356629022,3.655694036200495
1905,9.303773022475111e-06,0.37857142857142856,0.00251363546098813,1.0971700318969122,0.0022837627358319084,0.0,0.0,0.11337252182535607,0.7705489054764851,0.03312728428604579,3.699798886138614
1906,9.239740197747285e-06,0.3771428571428571,0.0005861104346147858,1.0959364518080608,0.0019115935966771875,0.0,0.0,0.11113555375302192,0.7762294051670792,0.029854878340617265,3.634320853960396
1907,9.176027273731584e-06,0.37571428571428567,0.00029448663244153013,1.097775153594442,0.00204668499029842,0.0,0.0,0.11109534614156968,0.7637032990408416,0.033758560029586944,3.6709081064356437
1908,9.112634393699309e-06,0.37428571428571433,0.003834995856084446,1.0979118606831768,0.0020546660843507145,0.0,0.0,0.11465351652390886,0.7695892636138614,0.030605580547068377,3.5629351021039604
1909,9.049561700202112e-06,0.3728571428571429,0.0009684066961307337,1.09912110909377,0.0018049305512033585,0.0,0.0,0.1117829838306597,0.7802468479269802,0.02966860025235922,3.550587871287129
1910,8.986809335071488e-06,0.37142857142857144,0.0010357497278416512,1.10012153233632,0.0018989732645585007,0.0,0.0,0.11199739036878736,0.7835004447710396,0.029279274515586325,3.483089031559406
1911,8.924377439418768e-06,0.37,0.0005184864201168022,1.099878423284776,0.0014681173542887317,0.0,0.0,0.11124038917593437,0.7873728534962872,0.03219279676380724,3.4871983292079207
1912,8.862266153634594e-06,0.36857142857142855,0.002121200766598824,1.1025084233520055,0.00160562063744989,0.0,0.0,0.11317485556153968,0.7939380607982673,0.030383270565826116,3.4654625618811883
1913,8.800475617388627e-06,0.3671428571428571,0.0019595947227265577,1.1007206357351624,0.0019554148009882566,0.0,0.0,0.11300936717503142,0.7911098971225248,0.02997702419167698,3.482102800123762
1914,8.739005969629263e-06,0.36571428571428566,0.00025104897299615465,1.1035053777222585,0.0018631332911471612,0.0,0.0,0.11153315516686675,0.7874792117883663,0.03043641194258586,3.5257580445544554
1915,8.67785734858333e-06,0.3642857142857142,0.0011084233548971686,1.104309333433019,0.0019507736990160291,0.0,0.0,0.11251474511210281,0.7836116375309405,0.0303782850208849,3.514445389851485
1916,8.617029891755775e-06,0.36285714285714277,0.0024220261833455305,1.1056190681929636,0.0020343134223511166,0.0,0.0,0.11400109131147365,0.7834907758353961,0.031232852746944616,3.4689385442450495
1917,8.556523735929346e-06,0.36142857142857143,0.002311960821694667,1.1050180373805585,0.0017068118418632871,0.0,0.0,0.11366717163288947,0.796142578125,0.03182288443688119,3.458761989480198
1918,8.496339017164213e-06,0.36,0.0011677471644217425,1.1043064641480398,0.0019335055952762901,0.0,0.0,0.11256514762592788,0.7787239905631188,0.02974534742903001,3.516021426361386
1919,8.436475870797796e-06,0.35857142857142854,0.0011604386981170956,1.1049162090414821,0.002260349370213715,0.0,0.0,0.11278223556162108,0.7868990756497525,0.03070668890924737,3.488861386138614
1920,8.376934431444422e-06,0.3571428571428571,0.0008014134767622051,1.1088958577354355,0.001967537536245908,0.0,0.0,0.11267476941984479,0.793524713799505,0.03162134755956064,3.45911974009901
1921,8.31771483299492e-06,0.35571428571428565,0.0006096023734253232,1.1067200037512448,0.00232373644091537,0.0,0.0,0.11244347263680826,0.7802589340965347,0.029605223400758045,3.556819500309406
1922,8.258817208616405e-06,0.3542857142857143,0.0012768270945785068,1.1099607153694229,0.0023534037918039705,0.0,0.0,0.11344960184380559,0.7442324798886139,0.02888892900825727,3.7026028774752477
1923,8.200241690752052e-06,0.35285714285714287,0.0007630601008929829,1.1064828775896884,0.0022454590865945106,0.0,0.0,0.11253407870483871,0.7474667388613861,0.031364969687886754,3.743879563737624
1924,8.141988411120592e-06,0.3514285714285714,0.0015786503727483277,1.1064173620526154,0.002088129602793067,0.0,0.0,0.11326445307176893,0.747870416924505,0.030090936339727724,3.778228457611386
1925,8.084057500716258e-06,0.35,0.00492855308964701,1.105736236761112,0.0022086309800755824,0.0,0.0,0.11660649317621004,0.7423736270111386,0.027650436552444306,3.737459390470297
1926,8.026449089808277e-06,0.34857142857142853,0.0006362068476063191,1.105543863655317,0.002230075713056733,0.0,0.0,0.11230563173199644,0.7564515973081684,0.029408898684057858,3.696134359529703
1927,7.969163307940697e-06,0.3471428571428572,0.0010061719187415472,1.1045761604120237,0.002136475367631935,0.0,0.0,0.11253202706575394,0.7542905901918316,0.02888020430461015,3.720045637376238
1928,7.912200283932139e-06,0.34571428571428575,0.0009968416156745192,1.104498284878117,0.002101042498348887,0.0,0.0,0.11249719265073833,0.7417258083230198,0.031225865430170946,3.7506768254950495
1929,7.855560145875354e-06,0.3442857142857143,0.000282328465197346,1.1051974756882923,0.0023406862163766963,0.0,0.0,0.11197242037494584,0.7464369972153465,0.029260918645575496,3.776251160272277
1930,7.799243021137015e-06,0.34285714285714286,0.000490705934491488,1.1050849562824363,0.0019206773925694812,0.0,0.0,0.11195954223080437,0.7552840733292079,0.028218939752862004,3.757058323019802
1931,7.743249036357498e-06,0.3414285714285714,0.0004215496822749034,1.1073486793159257,0.0022104058903051277,0.0,0.0,0.11226162211139604,0.7350300703898515,0.03195945815284654,3.813273514851485
1932,7.687578317450497e-06,0.3400000000000001,0.004833582309213015,1.1063713531682986,0.002054402251491014,0.0,0.0,0.11649791992241794,0.7327167775371287,0.030221542509475556,3.8606754718440595
1933,7.632230989602799e-06,0.3385714285714285,0.002009238752693233,1.108030158694428,0.002142191650953932,0.0,0.0,0.11388335288456171,0.7319456799195545,0.03125679847037438,3.848347578898515
1934,7.577207177273952e-06,0.3371428571428571,0.003120905728918491,1.1066293338737865,0.0021161095571935024,0.0,0.0,0.11484189479067775,0.7406670598700495,0.03038402595142327,3.799930383663366
1935,7.522507004196e-06,0.33571428571428563,0.002332981343906705,1.1057977735406102,0.0023102178353594967,0.0,0.0,0.11406786931623326,0.7457311649133663,0.030100605275371287,3.812122911509901
1936,7.468130593373286e-06,0.3342857142857142,0.0004010660813586547,1.1057061299239055,0.0021019207484497733,0.0,0.0,0.11202264171425659,0.7422358446782178,0.030605127315710086,3.7943514077970297
1937,7.414078067082082e-06,0.33285714285714285,0.00014384009755483948,1.104504409402904,0.002344436010713649,0.0,0.0,0.11176650093333555,0.7468116684715347,0.03115244195012763,3.767703821163366
1938,7.360349546870285e-06,0.3314285714285714,0.0016900992186942904,1.107837980336482,0.0025961393819688783,0.0,0.0,0.11377196877014518,0.7518274288366337,0.03036287515470297,3.76486598855198
1939,7.306945153557262e-06,0.32999999999999996,0.00046050286676624033,1.10865580091382,0.0024417997868266244,0.0,0.0,0.11254698429072257,0.7715810643564357,0.033068666363706686,3.8211440284653464
1940,7.253865007233495e-06,0.3285714285714285,0.0027338671359685386,1.1075378786219228,0.002422334696122994,0.0,0.0,0.11469882416843187,0.7659875850866337,0.03010623289807008,3.783488358601485
1941,7.201109227260351e-06,0.32714285714285707,0.001319997123267391,1.108470377355519,0.0019812174598495638,0.0,0.0,0.11315764486789703,0.7650110225866337,0.02948383293529548,3.770179068688119
1942,7.148677932269774e-06,0.32571428571428573,0.0008453651525006436,1.1087429606088317,0.0021104204943815665,0.0,0.0,0.11277487276509257,0.7801864170792079,0.030843564779451577,3.775003867574257
1943,7.0965712401640015e-06,0.3242857142857143,0.0015432969989753005,1.109287135671861,0.0018157788407833241,0.0,0.0,0.11337990070333576,0.7552647354579208,0.030725158087097772,3.7502320544554455
1944,7.044789268115416e-06,0.32285714285714284,0.0003961157975810589,1.1094235087385271,0.0021236825597034203,0.0,0.0,0.1124003093579028,0.7725817991955446,0.03001468016369508,3.7842763768564356
1945,6.993332132566166e-06,0.3214285714285714,0.0021347074520469893,1.1079529205171188,0.00208165616457354,0.0,0.0,0.11397082860221958,0.7730120668316832,0.030839599005066522,3.74378770884901
1946,6.942199949227902e-06,0.31999999999999995,0.0017327227362311712,1.1089282531549436,0.0019144461948058906,0.0,0.0,0.11358277211980064,0.764846650680693,0.03129736267694152,3.7566715655940595
1947,6.891392833081611e-06,0.3185714285714286,0.0003246788562524437,1.1072956453455556,0.0019067392849957277,0.0,0.0,0.11200761485217821,0.7714722888304455,0.0306367024336711,3.755346921410891
1948,6.840910898377291e-06,0.31714285714285717,0.004321336303607072,1.1109850194194528,0.0018059185251313645,0.0,0.0,0.11632279918925596,0.7479961130878713,0.03116071342241646,3.853046681621287
1949,6.790754258633665e-06,0.3157142857142857,0.0013075590797580114,1.1086387162161346,0.0025052148359986184,0.0,0.0,0.1134240390493138,0.7563089805074258,0.031055186054494123,3.8924814356435644
1950,6.740923026638017e-06,0.3142857142857143,0.0010002371255714115,1.109365982584434,0.0019638545951904847,0.0,0.0,0.11291876420526221,0.7596157564975248,0.03041061552444307,3.832606551670792
1951,6.69141731444582e-06,0.31285714285714283,0.0008426987298644415,1.1095750320075761,0.002737033713505172,0.0,0.0,0.11316872093051968,0.7696617806311881,0.02917771292204904,3.8660659034653464
1952,6.642237233380623e-06,0.3114285714285715,0.0010311066883035226,1.1111868785159422,0.0021742549992142253,0.0,0.0,0.11323692354530392,0.7628548499381188,0.030861429648824257,3.8219272122524752
1953,6.593382894033739e-06,0.30999999999999994,0.0011977773565467042,1.1109331598376284,0.001998269681082255,0.0,0.0,0.11329022964628616,0.7734423344678217,0.02856868328434406,3.840220838490099
1954,6.5448544062638506e-06,0.3085714285714285,0.0012487617533395786,1.1105584590741904,0.0019677647287968322,0.0,0.0,0.11328849181680396,0.7765847385519802,0.029967355256033414,3.8959139077970297
1955,6.496651879197051e-06,0.30714285714285705,0.00047502434342214375,1.1106496246734467,0.002543864117878101,0.0,0.0,0.11281192007631359,0.7653421836324258,0.02958191975508586,3.8349609375
1956,6.448775421226378e-06,0.3057142857142857,0.0005507110295319321,1.1109722345182211,0.00199061707141959,0.0,0.0,0.11264324453797671,0.7837494198638614,0.029504757116336634,3.789313892326733
1957,6.401225140011638e-06,0.30428571428571427,0.0010375385310980353,1.111741260726853,0.0020057221730948554,0.0,0.0,0.11321452805901518,0.7829058052289604,0.028494428880143873,3.8421642945544554
1958,6.354001142479171e-06,0.3028571428571428,0.0015790695232329982,1.1105911295012671,0.0025380884843897466,0.0,0.0,0.11390722860204111,0.772170869430693,0.029099266127784653,3.865456760519802
1959,6.307103534821604e-06,0.3014285714285714,0.0005277999409354559,1.1105363286367738,0.001896336792474313,0.0,0.0,0.1125296037090887,0.7859321820853961,0.029544641475866336,3.8232470219678216
1960,6.260532422497604e-06,0.29999999999999993,0.0005277926378911084,1.1115561487651107,0.0019255342003906672,0.0,0.0,0.11264617615702129,0.790706219059406,0.03249665062026222,3.7997079981435644
1961,6.214287910231663e-06,0.2985714285714286,0.0014733098226018472,1.1110836397303212,0.0025953020773554856,0.0,0.0,0.11387932684161875,0.7890649172339109,0.030735280254099627,3.8116297957920793
1962,6.168370102013839e-06,0.29714285714285715,0.00018344841676183265,1.1125925696722352,0.001867907441091219,0.0,0.0,0.11237666062494316,0.7849991297957921,0.031972904016475866,3.8598584467821784
1963,6.122779101099499e-06,0.2957142857142857,0.00360651494990481,1.1141769567338546,0.0020606689088321453,0.0,0.0,0.11605454634616871,0.7901985999381188,0.03279427254554069,3.868038366336634
1964,6.077515010009197e-06,0.29428571428571426,0.0008984214008444606,1.1123782868432526,0.0023682238727157916,0.0,0.0,0.11332036377769886,0.7808003944925742,0.03384089705967667,3.8103728341584158
1965,6.032577930528271e-06,0.2928571428571428,0.0032963055268962786,1.1121602766584642,0.002525209146450933,0.0,0.0,0.11577493955593297,0.7729105430074258,0.03310590687364635,3.8193069306930694
1966,5.987967963706768e-06,0.2914285714285715,0.0012797521851440467,1.112427253534298,0.0024846997483577845,0.0,0.0,0.11376482926973022,0.7744720761138614,0.035724828738977414,3.9086527305074257
1967,5.943685209859154e-06,0.29000000000000004,0.002900969937886342,1.111623232907588,0.0024911865213545015,0.0,0.0,0.11530888774017296,0.7815038095606436,0.030586318214340966,3.8403852103960396
1968,5.899729768564061e-06,0.2885714285714286,0.004847192601992352,1.1124443748209736,0.002210003884029713,0.0,0.0,0.11719663315775371,0.768489422184406,0.03504022277227723,3.888874922648515
1969,5.856101738664112e-06,0.28714285714285714,0.0009593107912800099,1.1100060762745318,0.0020571250602683497,0.0,0.0,0.112988483050082,0.7885258740717822,0.03353745866530013,3.84597385519802
1970,5.812801218265698e-06,0.2857142857142857,0.007176635768448953,1.1145273812926642,0.0020741309434573725,0.0,0.0,0.11966644183243855,0.7761254641089109,0.03215952202825263,3.862633431311881
1971,5.769828304738694e-06,0.28428571428571436,0.0027280679654957045,1.1144457961073015,0.002549387533231356,0.0,0.0,0.11544734261708685,0.7824175239789604,0.0313779623201578,3.8376585705445545
1972,5.7271830947163255e-06,0.2828571428571429,0.0008451902851609901,1.1150309992308665,0.0019422932976043074,0.0,0.0,0.11331943761889297,0.7583128674195545,0.03160759954169245,3.8579826732673266
1973,5.684865684094877e-06,0.28142857142857136,0.00033785210977686515,1.1145430992145349,0.0020499557453293542,0.0,0.0,0.11281714131041329,0.7857678101794554,0.032545939530476485,3.817315129950495
1974,5.642876168033557e-06,0.2799999999999999,0.0002925602885166017,1.1157986020097639,0.00221164403324065,0.0,0.0,0.11297824418190683,0.7797078047648515,0.034634580706605814,3.8378616181930694
1975,5.601214640954183e-06,0.27857142857142847,0.003125356012346721,1.1152871197993213,0.00228106607228976,0.0,0.0,0.11579460230204139,0.7749845297029703,0.0342680298455871,3.8489325495049505
1976,5.5598811965410684e-06,0.27714285714285714,0.0014710652061028055,1.1161919253887516,0.002061562104992647,0.0,0.0,0.1141210407903879,0.776168974319307,0.03412167388613861,3.9015799040841586
1977,5.518875927740743e-06,0.2757142857142857,0.0005858989782852701,1.1157016116793792,0.0021940339108125657,0.0,0.0,0.11325307854331366,0.783181369894802,0.03141652475489248,3.826084854579208
1978,5.478198926761786e-06,0.27428571428571424,0.0028962477451503865,1.1160131515842853,0.0022644688479066654,0.0,0.0,0.11562979922141178,0.7815183129641089,0.035080484824605504,3.862546410891089
1979,5.437850285074563e-06,0.2728571428571428,0.00041615391279211137,1.114338988124734,0.002564041276819258,0.0,0.0,0.11313207528673776,0.7807786393873762,0.036470394323367884,3.8811397741336635
1980,5.397830093411094e-06,0.27142857142857135,0.0005213275256723461,1.1142347732392868,0.0023781589633391277,0.0,0.0,0.11313388555651845,0.7932515663675742,0.034163824402459776,3.8143999458539604
1981,5.358138441764807e-06,0.27,0.00014294403614384114,1.114516785829374,0.0020918613501617256,0.0,0.0,0.11264055495214935,0.7718832185952971,0.032829246898688894,3.8726987933168315
1982,5.318775419390356e-06,0.26857142857142857,0.0015413079890284208,1.1171905250832586,0.0023048286133380675,0.0,0.0,0.11441277631438605,0.7652890044863861,0.036897262724319306,3.888797571163366
1983,5.279741114803356e-06,0.2671428571428571,0.0010209841155769802,1.115002443294714,0.002533052697097194,0.0,0.0,0.11378775625535757,0.7656177482982673,0.033017149065980814,3.891475866336634
1984,5.24103561578027e-06,0.2657142857142857,0.002729898632162868,1.115698479189731,0.0020199812059686203,0.0,0.0,0.11530973806534664,0.764469562190594,0.034209978462445854,3.8774945853960396
1985,5.202659009358177e-06,0.26428571428571423,0.0007083857487333883,1.1150824929227923,0.0023878866925202817,0.0,0.0,0.11341058012872639,0.7700340346534653,0.03137112608050356,3.9311571782178216
1986,5.16461138183459e-06,0.2628571428571429,0.000528376180641722,1.1176300520944122,0.0024504950890764346,0.0,0.0,0.11351663014381239,0.7920526183477723,0.03270343742748298,3.9042146890470297
1987,5.126892818767193e-06,0.26142857142857145,0.00046006457345320446,1.1156081704810115,0.0023318811442667275,0.0,0.0,0.11318682370209458,0.7677642520111386,0.03396493137472927,3.9257715810643563
1988,5.089503404973741e-06,0.26,0.001136022813544415,1.11873462766704,0.0022907815733326582,0.0,0.0,0.11415487778658914,0.7770391785272277,0.03253332459100402,3.962803604579208
1989,5.052443224531848e-06,0.25857142857142856,0.004937815931763979,1.1156245375623797,0.002671006306510469,0.0,0.0,0.11783577523904272,0.7873269260519802,0.03304419187035891,3.954227258663366
1990,5.015712360778754e-06,0.2571428571428571,0.0005155023519355472,1.1169730188822982,0.002271043127107663,0.0,0.0,0.11334832713450535,0.7640537979579208,0.0328024684792698,3.8846882735148514
1991,4.979310896311161e-06,0.2557142857142858,0.00015563846077069196,1.1171887617300051,0.0019875477936882745,0.0,0.0,0.1128682890298343,0.7792630337252475,0.033062812125328744,3.881125270730198
1992,4.943238912985052e-06,0.2542857142857142,0.0010433091901906645,1.117245609217351,0.0022417483399447807,0.0,0.0,0.11388874533447889,0.785934599319307,0.03058035066812345,3.8121519183168315
1993,4.907496491915524e-06,0.2528571428571428,0.0008146555190629299,1.1211995051638914,0.002064948798085812,0.0,0.0,0.11396708155032431,0.7898819422957921,0.03165390467879796,3.814965578589109
1994,4.872083713476594e-06,0.25142857142857133,0.001099808897712443,1.1206057933297489,0.0018123467342604164,0.0,0.0,0.11406656332535318,0.7936093169863861,0.03332209823155167,3.8098023669554455
1995,4.837000657300948e-06,0.25,0.0010900084703865617,1.122395930903973,0.002015913832596792,0.0,0.0,0.11433756093282511,0.7834424311571783,0.03268221109220297,3.765649172339109
1996,4.80224740227991e-06,0.24857142857142855,0.0036018119737653447,1.1206650438875254,0.0018793382093490166,0.0,0.0,0.11660798690696754,0.7949387956373762,0.030648864141785272,3.8436774829826734
1997,4.767824026563112e-06,0.2471428571428571,0.0008767928448644015,1.1221079554888282,0.0022476572431775936,0.0,0.0,0.1142114184723042,0.7887990215037128,0.03263190241143255,3.7846099551361387
1998,4.733730607558444e-06,0.24571428571428566,0.00043514053715337623,1.121086095819379,0.0020498695516700067,0.0,0.0,0.11356868609638497,0.7895870397586634,0.03239448471824721,3.8401434870049505
1999,4.699967221931757e-06,0.24428571428571422,0.000945777438654758,1.1209077717054008,0.0024110308780352467,0.0,0.0,0.1142420708985612,0.7972593401918316,0.03115308402788521,3.814714186262376
2000,4.666533945606832e-06,0.24285714285714288,0.0033601218521004854,1.1216564343707396,0.0020615131443084446,0.0,0.0,0.11655652286982772,0.7877064317759901,0.032207677860071164,3.8097830290841586
2001,4.633430853765064e-06,0.24142857142857144,0.0011846580644055168,1.121852129992872,0.0020757256176090443,0.0,0.0,0.11440773573842379,0.8004984336324258,0.03128633404722308,3.7865582456683167
2002,4.6006580208454156e-06,0.24,0.0025149040514289745,1.1222206578396334,0.002053517230319137,0.0,0.0,0.11576372989923647,0.8016877127165841,0.029972340800974627,3.8220915841584158
2003,4.568215520544149e-06,0.23857142857142855,0.0007942116053977816,1.1229233682745754,0.0019257589961799199,0.0,0.0,0.11404942964563275,0.7992438892326733,0.03164665297706529,3.8735980043316833
2004,4.536103425814732e-06,0.2371428571428571,0.00010327035837834425,1.1223987789437322,0.0020143453228517348,0.0,0.0,0.11335032329996034,0.8076244392017327,0.03302489176835164,3.814119546720297
2005,4.504321808867653e-06,0.23571428571428577,0.0010024955735938384,1.122620961453655,0.0022374537422167285,0.0,0.0,0.11438331981696705,0.8045352142636139,0.029793692107247836,3.813321859529703
2006,4.4728707411702575e-06,0.23428571428571432,0.0005858032641434433,1.1236943443222802,0.0017332964624452727,0.0,0.0,0.11382188795521708,0.7944771039603961,0.030531250604308478,3.856222926980198
2007,4.441750293446549e-06,0.23285714285714287,0.0022129924359297988,1.1232354959638993,0.0018129099954142538,0.0,0.0,0.1154429987810626,0.8064448290532178,0.02774553959912593,3.8310450185643563
2008,4.410960535677128e-06,0.23142857142857143,0.000860216630862491,1.1259416117526517,0.002305784028940612,0.0,0.0,0.11460727136028875,0.7997756806930693,0.029005409467338334,3.8024346379950495
2009,4.380501537098903e-06,0.22999999999999998,0.0008231849215998508,1.1242524161197172,0.0022472196820438124,0.0,0.0,0.11437203801504456,0.8015644337871287,0.030386632031733446,3.7889803140470297
2010,4.350373366205065e-06,0.22857142857142865,0.0002898738378345376,1.123777179434748,0.0019564430697278337,0.0,0.0,0.11364581494933308,0.7941580290841584,0.028230006151860304,3.848584467821782
2011,4.320576090744837e-06,0.2271428571428572,0.0022070285412344602,1.124841065690069,0.0021005288958579034,0.0,0.0,0.11574140176324561,0.7971046372215347,0.02854451094523515,3.892201036509901
2012,4.29110977772336e-06,0.22571428571428565,0.002043317228850752,1.125095027508122,0.0020648217600279565,0.0,0.0,0.11558523191378849,0.7847453202351485,0.028306111250773515,3.8841371441831685
2013,4.261974493401543e-06,0.2242857142857142,0.0013235969339857006,1.126890808048815,0.001901939814962305,0.0,0.0,0.11496364944937205,0.7986540841584159,0.028067862633431313,3.898456837871287
2014,4.233170303295934e-06,0.22285714285714275,0.002030737034165033,1.1262232466499404,0.002327852306680683,0.0,0.0,0.11581699011644514,0.789483098700495,0.028686787822459002,3.862062964108911
2015,4.204697272178515e-06,0.22142857142857142,0.0015690390500101713,1.1254084617784708,0.0021874555021004017,0.0,0.0,0.11520361472474466,0.7869498375618812,0.028364578095993194,3.8817392481435644
2016,4.1765554640765965e-06,0.21999999999999997,0.001973541693227126,1.1265093359616722,0.0021419599497226,0.0,0.0,0.1156954564670525,0.7852626082920792,0.031216120955967666,3.8492951345915842
2017,4.14874494227268e-06,0.21857142857142853,0.0003172162145671278,1.12691595884833,0.001959020718324141,0.0,0.0,0.11398832426212802,0.790660291615099,0.031215214493251084,3.9226871905940595
2018,4.121265769304308e-06,0.21714285714285708,0.0015939322881179281,1.1270232767161756,0.0023435145732118245,0.0,0.0,0.11546801849462018,0.7911654935024752,0.031549888082069925,3.89857286509901
2019,4.094118006963922e-06,0.21571428571428564,0.000257109799007378,1.1270044381075566,0.0024045564275931414,0.0,0.0,0.11415983397181671,0.7902010171720297,0.030266412413946474,3.889875657487624
2020,4.067301716298655e-06,0.2142857142857143,0.001539143558480952,1.1271425745274761,0.0022514637997272362,0.0,0.0,0.11537913483853388,0.7817721225247525,0.029925960125309407,3.8741684715346536
2021,4.04081695761036e-06,0.21285714285714286,0.0007837346506000746,1.1267500289595953,0.0021238909997342795,0.0,0.0,0.1145206848436063,0.795388401144802,0.03161417139638768,3.864412515470297
2022,4.014663790455336e-06,0.2114285714285714,0.0001558786129007245,1.1284088746155843,0.0022934409933279116,0.0,0.0,0.11414348820943644,0.7897997563428217,0.03095585284846844,3.873071047339109
2023,3.988842273644168e-06,0.20999999999999996,0.0008580915924936238,1.1287863927312416,0.001998264425409535,0.0,0.0,0.1147358643241448,0.7830750116027227,0.02866280432974938,3.9510075030940595
2024,3.9633524652417575e-06,0.20857142857142852,0.00046024667006908077,1.129013743731055,0.002098814608763121,0.0,0.0,0.114411029706497,0.7912525139232673,0.02911554468740331,3.9067092744430694
2025,3.93819442256703e-06,0.20714285714285718,0.001697202425191898,1.1305718268498335,0.0024058010333890094,0.0,0.0,0.11595728713096959,0.804489286819307,0.030049012439085705,3.8525535659034653
2026,3.913368202192898e-06,0.20571428571428574,0.0023274642996268698,1.1331938694019128,0.0020096584040843616,0.0,0.0,0.11665168190651601,0.7953763149752475,0.029607867250348082,3.847496712561881
2027,3.888873859946081e-06,0.2042857142857143,0.0006003275808721486,1.1322231280921708,0.0019718994083245214,0.0,0.0,0.11480859150685886,0.7897925046410891,0.030910189789120513,3.8709052057549505
2028,3.864711450907038e-06,0.20285714285714285,0.0004544462824221885,1.1330353186862303,0.0021508344799069236,0.0,0.0,0.11483339721908664,0.7943489905631188,0.028633004367941677,3.8776541228341586
2029,3.840881029409756e-06,0.2014285714285714,0.0023391344538419554,1.1335434653971455,0.0020755726415367156,0.0,0.0,0.11673126937729297,0.8062828743811881,0.028997817842086944,3.8479801593440595
2030,3.817382649041766e-06,0.20000000000000007,0.0008362073193092157,1.134907635131685,0.001900395091259198,0.0,0.0,0.11527716951204998,0.8023403658725248,0.02979603380259901,3.7832418007425743
2031,3.7942163626438423e-06,0.19857142857142862,0.0003233461613112157,1.1355322139097912,0.0022902516932097766,0.0,0.0,0.11502169493106332,0.7971626508353961,0.03131009092425356,3.8197033570544554
2032,3.771382222310026e-06,0.19714285714285706,0.0017264670517184947,1.1349897490869654,0.0024058618841225703,0.0,0.0,0.1164283745802275,0.8012985380569307,0.03107618577409499,3.8255627320544554
2033,3.748880279387486e-06,0.19571428571428562,0.0029630060907047573,1.1352639257317723,0.0019284574853120622,0.0,0.0,0.11745362913254465,0.7992825649752475,0.02975841559986077,3.8786500232054455
2034,3.726710584476342e-06,0.19428571428571428,0.0022353203137322228,1.137005618303129,0.002234939738393745,0.0,0.0,0.11705335310780175,0.8021832456683168,0.030248660852413366,3.811214031559406
2035,3.7048731874295818e-06,0.19285714285714284,0.0006438512908350123,1.1378936555125925,0.002418179259647971,0.0,0.0,0.11564230786101652,0.7995702158106436,0.028708203004138306,3.8439143719059405
2036,3.6833681373529918e-06,0.1914285714285714,0.00038922799400763935,1.1364055671314202,0.002501742830168266,0.0,0.0,0.1152806571214506,0.8030268603032178,0.0323427408048422,3.838113010519802
2037,3.6621954826049643e-06,0.18999999999999995,0.00280724366260047,1.1350293029652965,0.0022009461214597334,0.0,0.0,0.11741064850351599,0.8033894453898515,0.028820679919554455,3.82044786509901
2038,3.6413552707964767e-06,0.1885714285714285,0.00018798567280910983,1.1376683169072217,0.002110038116154443,0.0,0.0,0.11500983766399987,0.7934376933787128,0.031067272224048578,3.860951036509901
2039,3.6208475487909134e-06,0.18714285714285717,0.000792391303152141,1.1385637816816274,0.002049227926840788,0.0,0.0,0.1156733854129763,0.7904983369430693,0.030523319055538366,3.8118135055693068
2040,3.6006723627040136e-06,0.18571428571428572,0.004229665318928142,1.1385424975121374,0.0021790211578785836,0.0,0.0,0.11917342695564327,0.8029736811571783,0.03252021865089341,3.737986347462871
2041,3.5808297579037087e-06,0.18428571428571427,0.00324925035238266,1.1378209319445167,0.001769761153008232,0.0,0.0,0.1179162260181833,0.8055021078279703,0.03129445444239248,3.7866355971534653
2042,3.5613197790100873e-06,0.18285714285714283,0.002224241595457096,1.1364712868586626,0.002054962054556893,0.0,0.0,0.11689885248347084,0.8074068881497525,0.028588889849067916,3.818958849009901
2043,3.5421424698952157e-06,0.18142857142857138,0.00294547306724114,1.1406870384027463,0.002087074064043504,0.0,0.0,0.11805771601082075,0.8093866027227723,0.03200648090626934,3.8031598081683167
2044,3.5232978736831698e-06,0.18000000000000005,0.0027905471696712003,1.1409397916038437,0.0021867145486173132,0.0,0.0,0.11797788503146407,0.8027029509591584,0.030074506702989636,3.7826810024752477
2045,3.504786032749771e-06,0.1785714285714286,0.00491434114404244,1.1395370464513797,0.0023573457160141922,0.0,0.0,0.12004672020378679,0.8070418858292079,0.03141361652034344,3.793582727413366
2046,3.4866069887226044e-06,0.17714285714285716,0.0019393760969143102,1.1405438928320857,0.0022667340030472975,0.0,0.0,0.11712713362556873,0.8072811919863861,0.0314655870494276,3.78396213644802
2047,3.468760782480901e-06,0.1757142857142857,0.0024552324620803986,1.140790627734496,0.0019596551327874232,0.0,0.0,0.11751412423235355,0.8117796642945545,0.028621333660465657,3.747945351175743
2048,3.4512474541554404e-06,0.17428571428571427,0.0004719719659573961,1.1402218011346195,0.002146429824711274,0.0,0.0,0.11556736918369143,0.8094301129331684,0.03361345045637376,3.7560479192450495
2049,3.4340670431284355e-06,0.17285714285714293,0.0015861141947236391,1.1424886377731172,0.002020306932157981,0.0,0.0,0.11684513269084515,0.8060894956683168,0.029295439767365407,3.758992110148515
2050,3.417219588033498e-06,0.17142857142857149,0.00048205249085284693,1.1417074711015909,0.0024534346383655132,0.0,0.0,0.11587951826577139,0.8020889735457921,0.03296804900216584,3.7675394492574257
2051,3.4007051267554925e-06,0.16999999999999993,0.0007732932151544212,1.144333009672637,0.0020484815892481186,0.0,0.0,0.11623083659918002,0.8182723545792079,0.03256682594223778,3.7605681466584158
2052,3.3845236964305e-06,0.16857142857142848,0.0009860736825088464,1.1426254593499816,0.0022027390042861196,0.0,0.0,0.11634999078394163,0.8170105584777227,0.0321340277643487,3.743633005878713
2053,3.368675333445724e-06,0.16714285714285704,0.002165625923045791,1.1425407546581607,0.0023578984697487254,0.0,0.0,0.11759865195444315,0.804264484065594,0.03281009787380105,3.7853206219059405
2054,3.353160073439385e-06,0.1657142857142857,0.001120983890377649,1.1428837032601384,0.0024713099798492916,0.0,0.0,0.1166450107599249,0.802292021194307,0.031405307278774754,3.8485602954826734
2055,3.337977951300645e-06,0.16428571428571426,0.0009275280898160274,1.141011400978164,0.002042552848441047,0.0,0.0,0.11604994594460667,0.8109916460396039,0.030478071458268873,3.810701577970297
2056,3.3231290011695523e-06,0.1628571428571428,0.0020811694978487374,1.141919198602733,0.0019815374110177153,0.0,0.0,0.11726386026285662,0.8037810372834159,0.03244600201597308,3.791479733910891
2057,3.3086132564369464e-06,0.16142857142857137,0.006736164377762539,1.1416264418328161,0.001850132198198102,0.0,0.0,0.12182387628472678,0.8068049969059405,0.031906656699605504,3.782603650990099
2058,3.2944307497443906e-06,0.15999999999999992,0.00018164814256205417,1.142085310256127,0.0020832018124763473,0.0,0.0,0.11543178167378548,0.8022654316212872,0.02952658776009437,3.810324489480198
2059,3.2805815129840886e-06,0.15857142857142859,0.0019498722683085074,1.1437573338499163,0.0023187195711846533,0.0,0.0,0.11748496708598467,0.8078250696163366,0.031407875589805075,3.8388381806930694
2060,3.2670655772988374e-06,0.15714285714285714,0.0006414238400388472,1.141397761826468,0.001959835266038366,0.0,0.0,0.11576111902399819,0.8045255453279703,0.03255745916083307,3.805538366336634
2061,3.253882973081909e-06,0.1557142857142857,0.00041501434280140565,1.1429591119879543,0.002342073936341705,0.0,0.0,0.11588196441678718,0.7931258702042079,0.033345364107943996,3.774853999071782
2062,3.241033729977054e-06,0.15428571428571425,0.00038438260850339834,1.1412835970963582,0.002234690803435466,0.0,0.0,0.11563008920391007,0.8119416189665841,0.032008104985303217,3.8276898978960396
2063,3.2285178768783657e-06,0.1528571428571428,0.0020073855498639664,1.1438936585246926,0.0022423291752827505,0.0,0.0,0.11751791768439926,0.802666692450495,0.03282913359084932,3.7558980507425743
2064,3.2163354419302503e-06,0.15142857142857147,0.003030854802910644,1.1419207377008873,0.0021175239270642032,0.0,0.0,0.11828169248776861,0.8076510287747525,0.03300521397354579,3.798093285891089
2065,3.2044864525273263e-06,0.15000000000000002,0.00039773202030965595,1.142974043836688,0.0022200845559121147,0.0,0.0,0.1158051808724309,0.806174098855198,0.032507339326461944,3.7952602877475248
2066,3.1929709353144575e-06,0.14857142857142858,0.0008480749507941822,1.142622437807593,0.002532412395861918,0.0,0.0,0.11637652621115788,0.8113034692141089,0.03078963024781482,3.8623046875
2067,3.18178891618659e-06,0.14714285714285713,0.0005204782701364838,1.144027838612547,0.0022861357976112365,0.0,0.0,0.11606633146800617,0.8154611115408416,0.03208145292678682,3.8019076810024752
2068,3.1709404202887163e-06,0.14571428571428569,0.0005930619738479652,1.1420684179457108,0.001884064826866745,0.0,0.0,0.11574193761490359,0.8100851833230198,0.031186472071279392,3.7376721070544554
2069,3.1604254720158606e-06,0.14428571428571435,0.0014175273256726785,1.1451400919715957,0.002007464391339238,0.0,0.0,0.11693527010997923,0.7977331180383663,0.033896795593866026,3.8063650603341586
2070,3.150244095012997e-06,0.1428571428571429,0.0002956152109816523,1.1438528618009964,0.0022477268694904586,0.0,0.0,0.11580476592672934,0.7995847192141089,0.03350052030959932,3.805088760829208
2071,3.1403963121749824e-06,0.14142857142857135,0.0001283966299920979,1.1441896327651373,0.0019950028100979714,0.0,0.0,0.11554486223376624,0.8111705213490099,0.03262888086904393,3.825480546101485
2072,3.130882145646555e-06,0.1399999999999999,0.0003560946719481213,1.144743263131321,0.002065609759618851,0.0,0.0,0.11586322768194841,0.8138198097153465,0.030434561247872836,3.8386544709158414
2073,3.12170161682219e-06,0.13857142857142857,0.00034739291018778736,1.1466123904332075,0.002229880043835305,0.0,0.0,0.11612357361481922,0.8062732054455446,0.02969798475208849,3.7997515083539604
2074,3.1128547463461784e-06,0.13714285714285712,0.0027412739720675027,1.145008344461422,0.0022519935540336825,0.0,0.0,0.11836810638703922,0.8169235380569307,0.030922464805074257,3.787529973700495
2075,3.1043415541124638e-06,0.13571428571428568,0.003899409850635151,1.146401050067184,0.0024959601549667107,0.0,0.0,0.11978749584148426,0.8119923808787128,0.028294251696898205,3.835120474938119
2076,3.0961620592646747e-06,0.13428571428571423,0.0021915638653358612,1.1454067914792807,0.0025252999616580804,0.0,0.0,0.11799489419058998,0.8036601755878713,0.031228924741839418,3.8144144492574257
2077,3.0883162801960427e-06,0.13285714285714278,0.0003226207624567617,1.1461541204169245,0.00227227535335692,0.0,0.0,0.11607417198691038,0.8054344252784653,0.0317353352461711,3.870494275990099
2078,3.0808042345493527e-06,0.13142857142857145,0.0014103173766985978,1.1462165117263794,0.0022270106850969975,0.0,0.0,0.1171454752583315,0.8106725711633663,0.031139562625696164,3.846486308787129
2079,3.0736259392169915e-06,0.13,0.0017663188795051952,1.1459965941929582,0.0024425163626729763,0.0,0.0,0.11758723832888178,0.7926085821472773,0.031856348018835086,3.85866916769802
2080,3.066781410340752e-06,0.12857142857142856,0.0014022252347209666,1.1465147934337654,0.0020728008323365626,0.0,0.0,0.11709010704319076,0.8083616955445545,0.03081074327525526,3.875251392326733
2081,3.0602706633119637e-06,0.1271428571428571,0.0012481851079086267,1.1478827471780304,0.0019775397115136184,0.0,0.0,0.11702523107575898,0.8083109336324258,0.0326813801680461,3.8370639310024752
2082,3.054093712771327e-06,0.12571428571428567,0.0013204505390459948,1.1460389949307583,0.0021477593913149045,0.0,0.0,0.11699823142573385,0.8091666344368812,0.03234814181186185,3.865234375
2083,3.048250572608949e-06,0.12428571428571433,0.0008700506595691832,1.1449627734646939,0.002303557233720105,0.0,0.0,0.11651810826641498,0.8030486154084159,0.03439006238880724,3.924964224938119
2084,3.0427412559643063e-06,0.12285714285714289,0.0005934763294045287,1.1468700678041666,0.0019520450301696304,0.0,0.0,0.11625650746397453,0.8089611695544554,0.032084323392056004,3.809198058477723
2085,3.0375657752262006e-06,0.12142857142857144,0.0019541738351972976,1.1466736758109366,0.0021553073057376504,0.0,0.0,0.11769919717075801,0.8156182317450495,0.032328388478496284,3.854617883663366
2086,3.0327241420327542e-06,0.12,0.0008638105770148853,1.1473035139612633,0.002175969886710584,0.0,0.0,0.11668214836333057,0.8163941638304455,0.029804682967686416,3.861942102413366
2087,3.0282163672713307e-06,0.11857142857142855,0.0018199109057388683,1.148546526927759,0.002005804687586992,0.0,0.0,0.11767746751556302,0.8031356358292079,0.0345823080232828,3.926201848700495
2088,3.024042461078582e-06,0.11714285714285722,0.00036180782878752983,1.146651319938131,0.0026136192225947362,0.0,0.0,0.11633375028867533,0.8049848197710396,0.03201724515102877,3.882121171101485
2089,3.020202432840352e-06,0.11571428571428577,0.001473203338313811,1.1488935982826913,0.0022696846987162304,0.0,0.0,0.11749740741630592,0.8027899713799505,0.03202464792988088,3.929242728960396
2090,3.0166962911917226e-06,0.11428571428571432,0.001200193557703849,1.1469856193750212,0.0021725729126172715,0.0,0.0,0.11698504345546855,0.8049437267945545,0.03172347569229579,3.892824682858911
2091,3.0135240440169686e-06,0.11285714285714277,0.0008534549338982837,1.1474636332823498,0.0025381325495161065,0.0,0.0,0.1168688864696144,0.8177840733292079,0.0317963704024211,3.886767094678218
2092,3.0106856984495045e-06,0.11142857142857132,0.004958836195787581,1.1492671128546839,0.002429163472895945,0.0,0.0,0.12110013042641159,0.8218643641707921,0.03221035947894106,3.904277537128713
2093,3.0081812608719193e-06,0.10999999999999999,0.001241211180049594,1.1482111864750928,0.0021470615640354672,0.0,0.0,0.11713586260776708,0.8225025139232673,0.030905128705619584,3.9190226639851486
2094,3.0060107369159756e-06,0.10857142857142854,0.0010714045919404172,1.1484747959835695,0.0024503322575304145,0.0,0.0,0.11714405145975623,0.8151009436881188,0.03225103699334777,3.8688505569306932
2095,3.0041741314624794e-06,0.1071428571428571,0.0013237682235713053,1.14862065504093,0.002356701604302282,0.0,0.0,0.11736418690421793,0.8144096147896039,0.032416239823445235,3.9308961169554455
2096,3.0026714486414596e-06,0.10571428571428565,0.00019907538253482025,1.1500028112147114,0.0021142501896560637,0.0,0.0,0.11625648393194274,0.8032564975247525,0.03458238356184251,3.9305867110148514
2097,3.00150269183197e-06,0.1042857142857142,0.00027226118168028273,1.1497878815868112,0.002593779118598994,0.0,0.0,0.1165479408337338,0.8093165029393564,0.03542218349947788,3.96847926980198
2098,3.00066786366219e-06,0.10285714285714287,0.00042628552211393226,1.1516190861711408,0.002123958492624711,0.0,0.0,0.1166501746761917,0.8154997872834159,0.034715973504699106,3.9164313892326734
2099,3.000166966009407e-06,0.10142857142857142,0.0004340490270959269,1.1508740174888383,0.002547235173695677,0.0,0.0,0.1167950706906838,0.8054706837871287,0.035342074856899754,3.919230546101485
2100,3e-06,0.09999999999999998,0.0038622410433127147,1.150852897379658,0.002441523715833232,0.0,0.0,0.12016829398303928,0.802555499690594,0.03420401091622834,3.9000667156559405
